{
  "percentiles": {
    "10": 2.282,
    "25": 2.4247,
    "50": 2.4808,
    "75": 2.5513,
    "90": 2.6905
  },
  "cdf": [
    0.0504,
    0.05114872617999999,
    0.051897452420000004,
    0.052646178620000005,
    0.05339490486,
    0.05414363101999999,
    0.05489235726,
    0.05564108346,
    0.05638980966,
    0.057138535879999994,
    0.05788726208,
    0.05863598832,
    0.059384714520000006,
    0.06013344074,
    0.06088216692,
    0.06163089316,
    0.062379619340000005,
    0.06312834553999999,
    0.06387707175999999,
    0.06462579798,
    0.0653745242,
    0.0661232504,
    0.06687197662,
    0.06762070282,
    0.06836942900000001,
    0.06911815524,
    0.06986688142,
    0.07061560768,
    0.07136433386,
    0.0721130601,
    0.07286178628,
    0.07361051246,
    0.0743592387,
    0.07510796488,
    0.07585669112,
    0.07660541732000001,
    0.07735414356,
    0.07810286974,
    0.07885159598,
    0.07960032218,
    0.08034904836,
    0.08109777458,
    0.08184650078,
    0.08259522702,
    0.08334395322,
    0.08409267944000001,
    0.08484140562,
    0.08559013184,
    0.08633885806,
    0.08708758424,
    0.08783631046,
    0.08858503667999999,
    0.08933376289999999,
    0.09008248909999998,
    0.09083121528,
    0.09157994153999999,
    0.09232866772,
    0.09312463988,
    0.09500925862000001,
    0.09689387746,
    0.09877849622,
    0.10066311504,
    0.1025477338,
    0.10443235258000001,
    0.10631697139999999,
    0.10820159016000001,
    0.11008620898000002,
    0.11197082774,
    0.11385544655999999,
    0.11574006531999999,
    0.1176246841,
    0.11950930292000002,
    0.12139392167999999,
    0.12803878788,
    0.1349333246,
    0.14182786134,
    0.14872239802,
    0.15561693474,
    0.16456114108,
    0.17368433428000002,
    0.18280752747999998,
    0.19408462033999999,
    0.2070130373,
    0.22168789247999995,
    0.23789132952000003,
    0.25895643698,
    0.28349267492,
    0.3110390772,
    0.33858547948,
    0.36541732720000003,
    0.389035672,
    0.4146380195999999,
    0.44218442186000007,
    0.47135754968,
    0.5002731388000001,
    0.52585551232,
    0.55069216982,
    0.57470332036,
    0.5987144709,
    0.6222504922600001,
    0.64233358532,
    0.66241667842,
    0.6824997715000001,
    0.70258286456,
    0.7223198444,
    0.73857769978,
    0.75286250502,
    0.76435057634,
    0.7758386476399999,
    0.78720886702,
    0.79673290958,
    0.80625695214,
    0.8157809947200001,
    0.8246807521999999,
    0.83332098184,
    0.8419612114799999,
    0.85060144112,
    0.85924167078,
    0.86554482556,
    0.87072721992,
    0.8740693075399999,
    0.87740964992,
    0.88074999234,
    0.88409033474,
    0.8874306771599999,
    0.89077101956,
    0.8937204063800002,
    0.8957207164,
    0.89772102648,
    0.8997213365200001,
    0.9017216465600001,
    0.90337436394,
    0.9040443006800001,
    0.90471423746,
    0.90538417418,
    0.9060541109200001,
    0.9067240477,
    0.90739398448,
    0.9080639211799999,
    0.90873385796,
    0.90940379474,
    0.91007373148,
    0.91074366824,
    0.9114136049800001,
    0.9120835417200001,
    0.9127534784999998,
    0.9134234152800002,
    0.9140933520000001,
    0.91476328876,
    0.91543322554,
    0.91610316226,
    0.9167730990199999,
    0.9174430357800001,
    0.91811297252,
    0.9187829093,
    0.9194528460800001,
    0.9201227828,
    0.92079271956,
    0.9214626563000001,
    0.92213259306,
    0.92280252982,
    0.92347246654,
    0.9241424033200001,
    0.9248123401000001,
    0.9254822768200001,
    0.92615221358,
    0.9268221503399999,
    0.9274920870799999,
    0.92816202384,
    0.92883196062,
    0.92950189736,
    0.93017183412,
    0.9308417709000001,
    0.9315117076000001,
    0.93218164438,
    0.9328515811399999,
    0.9335215178799998,
    0.93419145464,
    0.9348613914200001,
    0.9355313281600001,
    0.93620126492,
    0.9368712016599998,
    0.9375411384,
    0.9382110751799999,
    0.9388810119400001,
    0.93955094868,
    0.9402208854399999,
    0.9408908221800001,
    0.94156075896,
    0.9422306957,
    0.94290063242,
    0.9435705691999999,
    0.9442405059799999,
    0.94491044272,
    0.94558037946,
    0.9462503162399999,
    0.94692025298,
    0.94759018974,
    0.9482601264799999,
    0.9489300632200001,
    0.9496
  ],
  "submitted": true
}