{
  "num_valid_cdfs": 5,
  "method": "weighted_average",
  "final_cdf_length": 201,
  "final_cdf_sample": [
    0.0504,
    0.051141677780000006,
    0.05188335556000001,
    0.052625033339999995,
    0.053366711100000006,
    0.94742520458,
    0.94796890344,
    0.9485126022799999,
    0.94905630114,
    0.9496
  ]
}