{
  "num_valid_cdfs": 5,
  "method": "weighted_average",
  "final_cdf_length": 201,
  "final_cdf_sample": [
    0.01,
    0.01009949237043271,
    0.010198984740865422,
    0.010298477111298132,
    0.010397969481730844,
    0.9945723960201708,
    0.9946718883906035,
    0.9947713807610363,
    0.994870873131469,
    0.9949703655019017
  ]
}