{
  "percentiles": {
    "10": -0.3738,
    "25": -0.1844,
    "50": 0.1312,
    "75": 0.4468,
    "90": 2.3961
  },
  "cdf": [
    0.0,
    0.7921090909,
    0.8945208134,
    0.9006351675,
    0.9067495215,
    0.9128638756,
    0.9189782297,
    0.9250925837,
    0.9312069378,
    0.9373212919,
    0.9434356459,
    0.94955
  ],
  "submitted": true
}