{
  "num_valid_cdfs": 5,
  "method": "weighted_average",
  "final_cdf_length": 201,
  "final_cdf_sample": [
    0.0504,
    0.0526310194,
    0.054862038839999995,
    0.057093058239999994,
    0.059324077659999995,
    0.9478151334,
    0.9482613500799999,
    0.9487075667200001,
    0.9491537833599999,
    0.9496
  ]
}