{
  "individual_percentiles": [
    {
      "agent": "analyst",
      "percentiles": null,
      "weight": 1.0
    },
    {
      "agent": "historian",
      "percentiles": null,
      "weight": 1.0
    },
    {
      "agent": "contrarian",
      "percentiles": null,
      "weight": 0.8
    }
  ],
  "method": "weighted_average",
  "num_agents": 3,
  "final_percentiles": {
    "1": 80.0,
    "5": 235.71428571428572,
    "10": 400.0,
    "15": 617.8571428571429,
    "20": 0.8714285714285717,
    "25": 1.2357142857142858,
    "30": 1.6000000000000003,
    "35": 1.9642857142857144,
    "40": 2.3285714285714287,
    "45": 2.6928571428571426,
    "50": 3.0571428571428574,
    "55": 3.4214285714285717,
    "60": 3.7857142857142865,
    "65": 4.15,
    "70": 4.514285714285715,
    "75": 4.878571428571429,
    "80": 5.242857142857143,
    "85": 5.607142857142858,
    "90": 5.971428571428572,
    "95": 6.700000000000001,
    "99": 7.464285714285714
  },
  "final_cdf": [
    0.0,
    0.0,
    0.0,
    0.0,
    0.0,
    0.0,
    0.0,
    0.0,
    0.0,
    0.0
  ]
}