{
  "individual_probabilities": [
    [
      0.35,
      0.6,
      0.05
    ],
    [
      0.22,
      0.7,
      0.08000000000000011
    ],
    [
      0.08,
      0.44,
      0.48
    ],
    [
      0.28,
      0.57,
      0.15
    ],
    [
      0.1,
      0.4,
      0.5
    ]
  ],
  "weights": [
    1.0,
    1.0,
    1.0,
    1.0,
    1.0
  ],
  "method": "weighted_average",
  "final_probabilities": [
    0.20600000000000002,
    0.5419999999999999,
    0.25200000000000006
  ]
}