{
  "num_valid_cdfs": 5,
  "method": "weighted_average",
  "final_cdf_length": 201,
  "final_cdf_sample": [
    0.0,
    0.06185101446,
    0.08432086366,
    0.10565995618000001,
    0.11454036362,
    0.9291655304,
    0.93080014782,
    0.9324347652,
    0.9340693826,
    0.935704
  ]
}