{
  "percentiles": {
    "10": 2.5933,
    "25": 2.9013,
    "50": 3.1783,
    "75": 3.628,
    "90": 5.0141
  },
  "cdf": [
    0.0504,
    0.05277400433999999,
    0.055148008660000004,
    0.057522013,
    0.05989601730000001,
    0.06227002166000001,
    0.06464402595999999,
    0.0670180303,
    0.06939203464,
    0.07176603896000001,
    0.07414004328,
    0.07651404762,
    0.07888805196,
    0.08126205625999999,
    0.08363606062,
    0.08601006493999999,
    0.08838406926,
    0.09075807360000002,
    0.09313207792,
    0.09672760952000001,
    0.10093390476,
    0.10761019999999999,
    0.11512249524,
    0.12430679048,
    0.1351848,
    0.150203,
    0.1652212,
    0.18201779999999998,
    0.20237120000000003,
    0.22470059999999997,
    0.24884133334,
    0.27635773334,
    0.30387413334,
    0.33139053333999996,
    0.35890693334,
    0.38642333334,
    0.41314933334,
    0.43987533334,
    0.466348,
    0.492694,
    0.5190400000000001,
    0.542422,
    0.5647062222200001,
    0.58479488888,
    0.60318984128,
    0.6207379365,
    0.6363100317399999,
    0.65028612698,
    0.66426222222,
    0.67823831746,
    0.6922144127000001,
    0.7061905079399999,
    0.72016660316,
    0.73414269842,
    0.7468014603000002,
    0.7588015555400001,
    0.7684920404,
    0.77758658874,
    0.7854892640600001,
    0.79339193938,
    0.8000119480400001,
    0.8059906233799999,
    0.8119692987,
    0.81794797404,
    0.8239266493599999,
    0.82990532468,
    0.83438224,
    0.8388591553200001,
    0.84333607064,
    0.8478129859599999,
    0.8522899013,
    0.8567668166200001,
    0.8612437319599999,
    0.8657206472800001,
    0.86892435048,
    0.8714914476200001,
    0.8740585447599999,
    0.8766256419199999,
    0.8791927390600002,
    0.88112063984,
    0.88272894246,
    0.88357272128,
    0.8844165000800001,
    0.8852602789,
    0.8861040577200001,
    0.8869478365200001,
    0.8877916153400001,
    0.8886353941599999,
    0.88947917296,
    0.89032295178,
    0.8911667306,
    0.8920105094,
    0.89285428822,
    0.8936980670400001,
    0.8945418458400001,
    0.89538562466,
    0.8962294034799999,
    0.89707318228,
    0.8979169611,
    0.8987607399199999,
    0.89960451872,
    0.90044829754,
    0.9012920763600001,
    0.90213585516,
    0.90297963398,
    0.9038234127999999,
    0.9046671916,
    0.9053881761400001,
    0.9058635721,
    0.90633896802,
    0.90681436398,
    0.90728975994,
    0.90776515588,
    0.90824055186,
    0.90871594782,
    0.9091913437600001,
    0.9096667397199999,
    0.9101421356799999,
    0.9106175316200001,
    0.91109292758,
    0.9115683235600001,
    0.9120437195000001,
    0.91251911546,
    0.91299451142,
    0.91346990736,
    0.9139453033199999,
    0.9144206992799999,
    0.9148960952399999,
    0.9153714911999999,
    0.9158468871600001,
    0.9163222831000001,
    0.9167976790600001,
    0.91727307502,
    0.91774847096,
    0.91822386694,
    0.9186992629,
    0.91917465884,
    0.9196500548,
    0.92012545076,
    0.9206008467,
    0.9210762426600001,
    0.9215516386399999,
    0.9220270345799999,
    0.92250243054,
    0.9229778265,
    0.92345322244,
    0.9239286183800001,
    0.92440401434,
    0.9248794103,
    0.92535480626,
    0.9258302022199999,
    0.9263055981600001,
    0.9267809941199999,
    0.9272563900799999,
    0.9277317860199998,
    0.9282071820000001,
    0.9286825779599999,
    0.9291579739,
    0.92963336986,
    0.93010876582,
    0.93058416176,
    0.93105955772,
    0.9315349537000002,
    0.93201034964,
    0.9324857456,
    0.9329611415600001,
    0.9334365375000001,
    0.9339119334599999,
    0.93438732942,
    0.93486272538,
    0.93533812134,
    0.9358135173,
    0.9362889132400001,
    0.9367643092,
    0.93723970516,
    0.9377151011,
    0.9381904970800001,
    0.9386658930400001,
    0.9391412889799999,
    0.9396166849400001,
    0.9400920808999998,
    0.9405674768399999,
    0.94104287278,
    0.94151826876,
    0.9419936647,
    0.94246906066,
    0.9429444566199999,
    0.9434198525600002,
    0.94389524852,
    0.94437064448,
    0.9448460404400001,
    0.9453214364000001,
    0.9457968323599999,
    0.9462722283,
    0.94674762426,
    0.94722302022,
    0.94769841616,
    0.9481738121400001,
    0.9486492081,
    0.94912460404,
    0.9496
  ],
  "submitted": true
}