{
  "num_valid_cdfs": 5,
  "method": "weighted_average",
  "final_cdf_length": 201,
  "final_cdf_sample": [
    0.0504,
    0.05277400433999999,
    0.055148008660000004,
    0.057522013,
    0.05989601730000001,
    0.94769841616,
    0.9481738121400001,
    0.9486492081,
    0.94912460404,
    0.9496
  ]
}