{
  "percentiles": {
    "10": 3.6836,
    "25": 3.8569,
    "50": 4.0005,
    "75": 4.1772,
    "90": 4.542
  },
  "cdf": [
    0.0504,
    0.05234474057999999,
    0.05428948116,
    0.05623422174,
    0.058178962320000006,
    0.0601237029,
    0.06206844347999999,
    0.06401318405999999,
    0.06595792464,
    0.06790266522000002,
    0.0698474058,
    0.07179214638,
    0.07373688696,
    0.07568162751999999,
    0.07762636812000001,
    0.07957110869999999,
    0.08151584926,
    0.08346058986,
    0.08540533044,
    0.087350071,
    0.0892948116,
    0.09161731688000001,
    0.09393982215999999,
    0.09626232745999999,
    0.09858483274,
    0.10155424275999998,
    0.10452365284000001,
    0.10769889621999999,
    0.11128580626000002,
    0.11487271632,
    0.11845962638,
    0.12264485937999998,
    0.12802673838,
    0.13340861738000004,
    0.13958089635999998,
    0.14614837535999997,
    0.15271585436000001,
    0.15928333334000003,
    0.16585081231999999,
    0.17241829132000003,
    0.17898577032000001,
    0.18640010644,
    0.19381444258,
    0.20205104762,
    0.21193219048,
    0.22181333334,
    0.2316944762,
    0.24250873016000002,
    0.25518920636,
    0.26786968252000004,
    0.28055015872,
    0.29323063492,
    0.3059111111,
    0.3185915873,
    0.3317660635,
    0.34518753968,
    0.35860901586000005,
    0.37203049205999994,
    0.38545196824,
    0.39876366666,
    0.41185580952,
    0.42513795237999996,
    0.43865533332,
    0.45229033331999996,
    0.46592533331999997,
    0.47832533332000005,
    0.49072533332,
    0.50329,
    0.516184,
    0.5290779999999999,
    0.541972,
    0.554866,
    0.56776,
    0.5798071428600001,
    0.59185428572,
    0.6039014285800001,
    0.6159485714199999,
    0.62717238094,
    0.6381609524,
    0.64903190476,
    0.65990285714,
    0.66953880954,
    0.67917476192,
    0.68841694616,
    0.6968715942000001,
    0.70532624224,
    0.71378089026,
    0.7222355383,
    0.73069018634,
    0.73914483438,
    0.7475994824000001,
    0.75576008282,
    0.76333258798,
    0.77090509316,
    0.7784775983400001,
    0.7860501034999999,
    0.7936226087,
    0.7987613043399999,
    0.80389999998,
    0.80903869566,
    0.8141773913,
    0.81849275362,
    0.82280811592,
    0.8271234782600001,
    0.8314388405800001,
    0.8357542028799999,
    0.84006956522,
    0.8440085465799999,
    0.8471947660400001,
    0.85038098552,
    0.85356720496,
    0.8567534244199999,
    0.8599396439000001,
    0.86312586336,
    0.8657352381000001,
    0.8680561904799999,
    0.87037714286,
    0.87269809522,
    0.87501904762,
    0.87734,
    0.8796609523799999,
    0.88128207144,
    0.8829031904800001,
    0.88452430952,
    0.8861454285600001,
    0.88707321428,
    0.888001,
    0.8889287857199999,
    0.88985657144,
    0.89078435714,
    0.89171214286,
    0.8926399285600001,
    0.8935677142799999,
    0.8944955,
    0.89542328572,
    0.89635107144,
    0.8972788571400001,
    0.89820664286,
    0.89913442856,
    0.9000622142800001,
    0.90099,
    0.90191778572,
    0.90284557144,
    0.9037733571400001,
    0.9047011428600001,
    0.90562892856,
    0.90655671428,
    0.9074845,
    0.9084122857200001,
    0.90934007144,
    0.91026785714,
    0.9111956428600001,
    0.91212342856,
    0.9130512142799999,
    0.9139790000000001,
    0.9149067857199998,
    0.9158345714399999,
    0.91676235714,
    0.91769014286,
    0.91861792856,
    0.9195457142800001,
    0.92029707142,
    0.92104842858,
    0.92179978572,
    0.92255114286,
    0.9233025000000001,
    0.92405385714,
    0.9248052142799998,
    0.9255565714199999,
    0.92630792858,
    0.9270592857199998,
    0.9278106428600001,
    0.928562,
    0.9293133571400001,
    0.9300647142799999,
    0.93081607142,
    0.9315674285799999,
    0.93231878572,
    0.9330701428600001,
    0.9338215,
    0.93457285714,
    0.9353242142799999,
    0.93607557142,
    0.93682692858,
    0.9375782857200001,
    0.93832964286,
    0.939081,
    0.9398323571399999,
    0.94058371428,
    0.94133507142,
    0.94208642858,
    0.9428377857199999,
    0.94358914286,
    0.9443405,
    0.9450918571399999,
    0.94584321428,
    0.94659457142,
    0.9473459285800001,
    0.94809728572,
    0.94884864286,
    0.9496
  ],
  "submitted": true
}