{
  "percentiles": {
    "10": 3.0808,
    "25": 3.2185,
    "50": 3.3123,
    "75": 3.4028,
    "90": 3.6298
  },
  "cdf": [
    0.0504,
    0.05192273932,
    0.053445478660000004,
    0.054968218,
    0.05649095734,
    0.05801369664,
    0.059536436000000005,
    0.061059175320000006,
    0.06258191464,
    0.064104654,
    0.06562739334,
    0.06715013264,
    0.06867287198000001,
    0.07019561132,
    0.07171835062,
    0.07324108998000001,
    0.07476382932,
    0.07628656863999998,
    0.07780930795999999,
    0.07933204730000001,
    0.08085478662000001,
    0.08237752598,
    0.08390026530000001,
    0.08542300461999999,
    0.08694574396,
    0.08846848328,
    0.0900026396,
    0.09291350206,
    0.0958243645,
    0.09873522694,
    0.1016460894,
    0.10455695182,
    0.10826617858000001,
    0.11307448147999999,
    0.11788278436000002,
    0.12284425202,
    0.12989577936000002,
    0.13694730672,
    0.1479298091,
    0.15969873844,
    0.17146766776,
    0.18460297994000002,
    0.19921372898,
    0.21495096723999998,
    0.2341441791,
    0.25333739093999996,
    0.27253060277999996,
    0.29172381461999997,
    0.31091702643999997,
    0.3293711014199999,
    0.34889068570000004,
    0.37231402911999995,
    0.39982958382,
    0.42873807581999995,
    0.45924115590000003,
    0.48974423601999995,
    0.52305705634,
    0.5538542311200001,
    0.5841306133399999,
    0.61063815358,
    0.63393040978,
    0.65646147784,
    0.6789925458800001,
    0.7015236139399998,
    0.72399916956,
    0.7424043364399999,
    0.7608095033200001,
    0.77700240412,
    0.7925657513000001,
    0.80679436538,
    0.81990181904,
    0.8313836445200001,
    0.8392215567000001,
    0.84705946888,
    0.8548973811,
    0.8627352932800001,
    0.8687861787800001,
    0.87449292902,
    0.8801996792400001,
    0.8849910225400001,
    0.88881438416,
    0.8926377457400001,
    0.89601110514,
    0.89646524828,
    0.89691939146,
    0.89737353464,
    0.8978276778,
    0.8982818210200001,
    0.8987359641799999,
    0.8991901073600002,
    0.89964425054,
    0.9000983937399999,
    0.90055253688,
    0.9010066800800001,
    0.9014608232400001,
    0.9019149664,
    0.90236910962,
    0.90282325276,
    0.90327739596,
    0.90373153912,
    0.90418568234,
    0.90463982546,
    0.9050939686599999,
    0.90554811184,
    0.9060022549800001,
    0.9064563981800001,
    0.9069105413599999,
    0.9073646845599999,
    0.9078188277000001,
    0.9082729708999999,
    0.9087271140600001,
    0.90918125726,
    0.90963540042,
    0.91008954362,
    0.91054368678,
    0.91099782994,
    0.9114519731399999,
    0.9119061163,
    0.9123602594800001,
    0.9128144026600001,
    0.91326854584,
    0.9137226890000001,
    0.9141768322199999,
    0.91463097538,
    0.9150851185599999,
    0.91553926174,
    0.9159934049,
    0.9164475480800001,
    0.91690169124,
    0.91735583444,
    0.9178099775999999,
    0.9182641208,
    0.9187182639600001,
    0.9191724071599999,
    0.91962655032,
    0.9200806935199999,
    0.9205348366599999,
    0.92098897982,
    0.9214431230400001,
    0.9218972662,
    0.92235140938,
    0.9228055525600001,
    0.92325969576,
    0.92371383892,
    0.9241679821,
    0.92462212526,
    0.92507626846,
    0.9255304116199999,
    0.9259845547800001,
    0.9264386979799999,
    0.9268928411399999,
    0.9273469843600001,
    0.9278011274999999,
    0.92825527068,
    0.92870941386,
    0.9291635570400001,
    0.9296177001999999,
    0.93007184342,
    0.93052598658,
    0.93098012972,
    0.93143427294,
    0.93188841608,
    0.93234255928,
    0.9327967024199999,
    0.9332508456399999,
    0.9337049888,
    0.9341591320000001,
    0.9346132751599999,
    0.9350674183200001,
    0.9355215615199999,
    0.93597570468,
    0.93642984786,
    0.93688399102,
    0.93733813424,
    0.9377922774,
    0.93824642058,
    0.93870056376,
    0.9391547069599999,
    0.93960885012,
    0.9400629932400001,
    0.9405171364600001,
    0.94097127962,
    0.9414254228200001,
    0.9418795659799999,
    0.9423337091799999,
    0.9427878523400001,
    0.94324199556,
    0.94369613868,
    0.94415028188,
    0.94460442506,
    0.94505856822,
    0.9455127114000001,
    0.94596685458,
    0.94642099778,
    0.9468751409399999,
    0.94732928412,
    0.9477834272799999,
    0.9482375704800001,
    0.94869171364,
    0.9491458568399999,
    0.9496
  ],
  "submitted": true
}