{
  "percentiles": {
    "10": 1.1151,
    "25": 1.151,
    "50": 1.1686,
    "75": 1.1868,
    "90": 1.2163
  },
  "cdf": [
    0.0504,
    0.05096633563999999,
    0.05153267133999999,
    0.05209900698000001,
    0.052665342680000005,
    0.053231678319999996,
    0.05379801398,
    0.05436434964000001,
    0.054930685320000006,
    0.055497020999999994,
    0.05606335663999999,
    0.05662969234,
    0.05719602798000001,
    0.05776236364,
    0.058328699319999996,
    0.058895034980000004,
    0.05946137066,
    0.06002770632,
    0.06059404196,
    0.06116037766,
    0.0617267133,
    0.06229304896000001,
    0.06285938464,
    0.06342572032,
    0.06399205598,
    0.06455839162,
    0.06512472732,
    0.06569106296,
    0.06625739866,
    0.0668237343,
    0.06739006994,
    0.06795640564000001,
    0.06852274128000001,
    0.06908907698,
    0.06965541262,
    0.07022174830000001,
    0.07078808396,
    0.07135441962000001,
    0.0719207553,
    0.07248709096,
    0.07305342664,
    0.07361976228,
    0.07418609794,
    0.07475243362,
    0.07531876928,
    0.07588510495999999,
    0.07645144062,
    0.07701777630000001,
    0.07758411196000001,
    0.07815044757999999,
    0.07871678328000001,
    0.07928311894000001,
    0.07984945462000001,
    0.08041579028,
    0.08098212592,
    0.08154846162,
    0.08211479726000001,
    0.08268113295999999,
    0.0832474686,
    0.08381380429999999,
    0.08438013992,
    0.08494647558,
    0.08551281128,
    0.08607914689999999,
    0.08664548262,
    0.08721181825999999,
    0.0877781539,
    0.08834448959999999,
    0.08891082525999999,
    0.08947716094,
    0.09004349658,
    0.09060983224,
    0.09117616792000001,
    0.09174250358,
    0.09230883924,
    0.09287517492,
    0.0934415106,
    0.09400784624,
    0.0945741819,
    0.09514051758,
    0.09570685322000001,
    0.09627318892,
    0.09683952458,
    0.09740586022,
    0.09797219591999999,
    0.09853853156,
    0.09910486725999999,
    0.0996712029,
    0.10023753858,
    0.10080387424,
    0.10205788466000001,
    0.10501336808000002,
    0.10796885147999999,
    0.11092433492,
    0.1138798183,
    0.11942687008,
    0.12527649718,
    0.13549964852000002,
    0.14866954010000002,
    0.16356695872000002,
    0.17846437735999995,
    0.19520255854,
    0.21609824372000003,
    0.24032349302,
    0.27115871404,
    0.30199393506000005,
    0.3315756984,
    0.3610402748,
    0.39373632256,
    0.42806927504000003,
    0.4629553616,
    0.4979593419,
    0.5334221848599999,
    0.56888502782,
    0.6043478707800001,
    0.6389146452400001,
    0.6730797863,
    0.69944535332,
    0.72525576596,
    0.74885473158,
    0.77166601094,
    0.7944772903,
    0.8156914605999999,
    0.83406749638,
    0.84796356214,
    0.8594969262,
    0.8685893141200001,
    0.87768170206,
    0.88519441492,
    0.8912096965,
    0.89506201914,
    0.8982178014200001,
    0.90001416156,
    0.90074336506,
    0.90147256856,
    0.90220177208,
    0.90293097556,
    0.9036601791000001,
    0.90438938258,
    0.9051185860800001,
    0.9058477895799999,
    0.9065769931000001,
    0.9073061966000001,
    0.90803540012,
    0.9087646036399999,
    0.9094938071199999,
    0.91022301064,
    0.9109522141400002,
    0.91168141764,
    0.91241062116,
    0.91313982466,
    0.91386902816,
    0.91459823168,
    0.9153274352,
    0.9160566387,
    0.9167858422000001,
    0.9175150457200001,
    0.91824424922,
    0.9189734527200001,
    0.9197026561999999,
    0.9204318597600001,
    0.9211610632400001,
    0.92189026674,
    0.9226194702600001,
    0.92334867376,
    0.9240778772599999,
    0.92480708078,
    0.92553628428,
    0.9262654878,
    0.92699469132,
    0.9277238948,
    0.9284530983000001,
    0.9291823018200001,
    0.9299115053200001,
    0.93064070884,
    0.9313699123399999,
    0.93209911586,
    0.9328283193600001,
    0.9335575228399999,
    0.9342867263800001,
    0.9350159298599999,
    0.93574513336,
    0.9364743368599999,
    0.9372035404,
    0.93793274388,
    0.9386619474,
    0.9393911508999999,
    0.9401203544,
    0.94084955792,
    0.94157876142,
    0.94230796492,
    0.9430371684400001,
    0.94376637196,
    0.9444955754400001,
    0.9452247789400001,
    0.9459539824600001,
    0.9466831859799999,
    0.94741238948,
    0.9481415929599999,
    0.94887079652,
    0.9496
  ],
  "submitted": true
}