{
  "percentiles": {
    "1": 0.0504,
    "5": 0.06166231995,
    "10": 0.075740219875,
    "25": 0.13389408495,
    "50": 0.58234699935,
    "75": 0.89157813185,
    "90": 0.927607624625,
    "95": 0.9386038123,
    "99": 0.947400762425
  },
  "cdf": [
    0.0504,
    0.05321558,
    0.056031159975,
    0.05884673995,
    0.06166231995,
    0.0644778999,
    0.067293479925,
    0.07010905992500001,
    0.072924639875,
    0.075740219875,
    0.078555799875,
    0.08137137985000001,
    0.08418695982499999,
    0.087002539825,
    0.09048343965000001,
    0.09462965937500001,
    0.09877587909999999,
    0.102922098825,
    0.10706831852499998,
    0.11242450444999999,
    0.118990656625,
    0.125556808775,
    0.13389408495,
    0.145492326425,
    0.15858040915,
    0.172445764625,
    0.18708839289999998,
    0.202657271075,
    0.21983851039999996,
    0.2377058608,
    0.256553369975,
    0.27638103785,
    0.296208705725,
    0.31603637362500003,
    0.335864041475,
    0.355691709375,
    0.375519377325,
    0.39630760075,
    0.41862637975,
    0.4418582143,
    0.46543310439999996,
    0.48900799450000004,
    0.5125828846,
    0.5361577746999999,
    0.5597326648000001,
    0.58234699935,
    0.604000778425,
    0.62481251195,
    0.644076485725,
    0.6626347452750001,
    0.6811930047999999,
    0.6997512642750001,
    0.7183095238,
    0.736867783325,
    0.75473993175,
    0.770690969,
    0.785407006325,
    0.800123043625,
    0.8138286264000001,
    0.8265237545999999,
    0.8373565811999999,
    0.846327106225,
    0.8545625122,
    0.8620627991250001,
    0.8695630860749999,
    0.876061391875,
    0.8815577165749999,
    0.8870540412250001,
    0.89157813185,
    0.8951299884500001,
    0.898681845025,
    0.9022337015999999,
    0.9057855582000001,
    0.909337414775,
    0.9122129618500001,
    0.9144121993750001,
    0.916611436925,
    0.918810674475,
    0.9210099119999999,
    0.9232091495750001,
    0.9254083870500001,
    0.927607624625,
    0.92980686215,
    0.9320060996999999,
    0.9342053372249999,
    0.936404574775,
    0.9386038123,
    0.94080304985,
    0.9430022873749999,
    0.9452015249250001,
    0.947400762425,
    0.9496
  ],
  "submitted": true
}