{
  "num_valid_cdfs": 5,
  "method": "weighted_average",
  "final_cdf_length": 32,
  "final_cdf_sample": [
    0.0504,
    0.0568562695,
    0.06331253906,
    0.06976880858000001,
    0.07622507814,
    0.7872656774,
    0.8210155914200001,
    0.8481788387,
    0.87418941938,
    0.9081040000000001
  ]
}