{
  "distribution": {
    "Increases": 0.23399999999999999,
    "Doesn't change": 0.41,
    "Decreases": 0.35600000000000004
  },
  "submitted": true
}