{
  "num_valid_cdfs": 5,
  "method": "weighted_average",
  "final_cdf_length": 201,
  "final_cdf_sample": [
    0.0504,
    0.051140333319999995,
    0.05188066668,
    0.05262100000000001,
    0.05336133332,
    0.9311832311,
    0.9333174233200001,
    0.9354516155399999,
    0.93758580778,
    0.93972
  ]
}