{
  "num_valid_cdfs": 5,
  "method": "weighted_average",
  "final_cdf_length": 201,
  "final_cdf_sample": [
    0.0412066689408377,
    0.042765057982010406,
    0.044332423342571106,
    0.04591164195738062,
    0.04750357782107449,
    0.9661398239734449,
    0.9673903092586922,
    0.9686148256230087,
    0.9698125275375737,
    0.9709825745532044
  ]
}