{
  "method": "weighted_average",
  "weights": [
    1.0,
    1.0,
    1.0,
    2.0,
    2.0
  ],
  "individual_probabilities": [
    [
      0.28,
      0.25,
      0.12,
      0.16,
      0.07,
      0.04,
      0.03,
      0.04999999999999978
    ],
    [
      0.3,
      0.25,
      0.15,
      0.12,
      0.07,
      0.04,
      0.03,
      0.03999999999999978
    ],
    [
      0.22,
      0.2,
      0.16,
      0.15,
      0.1,
      0.06,
      0.04,
      0.06999999999999978
    ],
    [
      0.22,
      0.2,
      0.15,
      0.16,
      0.08,
      0.07,
      0.04,
      0.07999999999999978
    ],
    [
      0.28,
      0.25,
      0.16,
      0.15,
      0.07,
      0.04,
      0.03,
      0.01999999999999978
    ]
  ],
  "final_probabilities": {
    "Nepali Congress": 0.25714285714285723,
    "Communist Party of Nepal (Unified Marxist-Leninist)": 0.22857142857142862,
    "Nepali Communist Party": 0.15000000000000002,
    "Rastriya Swatantra Party": 0.15000000000000002,
    "Rastriya Prajatantra Party": 0.07714285714285717,
    "Ujyaalo Nepal Party": 0.05142857142857144,
    "Pragatisheel Loktantrik Party": 0.034285714285714294,
    "Other": 0.05142857142857121
  }
}