{
  "num_valid_cdfs": 5,
  "method": "weighted_average",
  "final_cdf_length": 201,
  "final_cdf_sample": [
    0.0504,
    0.05191278058,
    0.053425561219999994,
    0.0549383418,
    0.056451122379999996,
    0.9476988552199999,
    0.94817414142,
    0.94864942764,
    0.9491247138000001,
    0.9496
  ]
}