{
  "num_valid_cdfs": 5,
  "method": "weighted_average",
  "final_cdf_length": 201,
  "final_cdf_sample": [
    0.0504,
    0.05076295958,
    0.05112591918,
    0.051488878780000004,
    0.051851838399999996,
    0.32187885714000003,
    0.32889778572,
    0.33591671428000003,
    0.34293564286,
    0.34995457142
  ]
}