{
  "percentiles": {
    "10": 13550.0,
    "25": 13550.0,
    "50": 14156.389,
    "75": 14858.0797,
    "90": 15517.8926
  },
  "cdf": [
    0.2809333333,
    0.2850176667,
    0.289102,
    0.2931863333,
    0.2972706667,
    0.301355,
    0.3054393333,
    0.3095236667,
    0.313608,
    0.3176923333,
    0.3217766667,
    0.325861,
    0.3299453333,
    0.3340296667,
    0.338114,
    0.3421983333,
    0.3462826667,
    0.350367,
    0.3544513333,
    0.3585356667,
    0.36262,
    0.3667043333,
    0.3707886667,
    0.374873,
    0.3789573333,
    0.3830416667,
    0.387126,
    0.3912103333,
    0.3952946667,
    0.3997248,
    0.404616,
    0.4095072,
    0.4143984,
    0.4192896,
    0.4241808,
    0.429072,
    0.4339632,
    0.4388544,
    0.4437456,
    0.4486368,
    0.453528,
    0.4584192,
    0.4633104,
    0.4682016,
    0.4730928,
    0.477984,
    0.4828752,
    0.4877664,
    0.4926576,
    0.4975488,
    0.50244,
    0.5073312,
    0.5122224,
    0.5171136,
    0.5220048,
    0.526896,
    0.5317872,
    0.5366784,
    0.5415696,
    0.5464608,
    0.551352,
    0.5562432,
    0.5611344,
    0.5660256,
    0.5709168,
    0.575808,
    0.5806992,
    0.5855904,
    0.5904816,
    0.5953728,
    0.59977,
    0.6038543333,
    0.6079386667,
    0.612023,
    0.6161073333,
    0.6201916667,
    0.624276,
    0.6283603333,
    0.6324446667,
    0.636529,
    0.6406133333,
    0.6446976667,
    0.648782,
    0.6528663333,
    0.6569506667,
    0.661035,
    0.6651193333,
    0.6692036667,
    0.673288,
    0.6773723333,
    0.6814566667,
    0.685541,
    0.6896253333,
    0.6937096667,
    0.697794,
    0.7018783333,
    0.7059626667,
    0.710047,
    0.7141313333,
    0.7182156667,
    0.7223,
    0.7263843333,
    0.7304686667,
    0.734553,
    0.7386373333,
    0.7427216667,
    0.746806,
    0.7508903333,
    0.7549746667,
    0.759059,
    0.7631433333,
    0.7672276667,
    0.771312,
    0.7753963333,
    0.7794806667,
    0.783565,
    0.7876493333,
    0.7917336667,
    0.795818,
    0.7988814,
    0.801352,
    0.8038226,
    0.8062932,
    0.8087638,
    0.8112344,
    0.813705,
    0.8161756,
    0.8186462,
    0.8211168,
    0.8235874,
    0.826058,
    0.8285286,
    0.8309992,
    0.8334698,
    0.8359404,
    0.838411,
    0.8408816,
    0.8433522,
    0.8458228,
    0.8482934,
    0.850764,
    0.8532346,
    0.8557052,
    0.8581758,
    0.8606464,
    0.863117,
    0.8655876,
    0.8680582,
    0.8705288,
    0.8729994,
    0.87547,
    0.8779406,
    0.8804112,
    0.8828818,
    0.8853524,
    0.887823,
    0.8902936,
    0.8927642,
    0.8952348,
    0.8977054,
    0.899188,
    0.9004483,
    0.9017086,
    0.9029689,
    0.9042292,
    0.9054895,
    0.9067498,
    0.9080101,
    0.9092704,
    0.9105307,
    0.911791,
    0.9130513,
    0.9143116,
    0.9155719,
    0.9168322,
    0.9180925,
    0.9193528,
    0.9206131,
    0.9218734,
    0.9231337,
    0.924394,
    0.9256543,
    0.9269146,
    0.9281749,
    0.9294352,
    0.9306955,
    0.9319558,
    0.9332161,
    0.9344764,
    0.9357367,
    0.936997,
    0.9382573,
    0.9395176,
    0.9407779,
    0.9420382,
    0.9432985,
    0.9445588,
    0.9458191,
    0.9470794,
    0.9483397,
    0.9496
  ],
  "submitted": true
}