{
  "num_valid_cdfs": 5,
  "method": "weighted_average",
  "final_cdf_length": 201,
  "final_cdf_sample": [
    0.0504,
    0.051553222600000004,
    0.052706445219999995,
    0.05385966782,
    0.055012890419999995,
    0.94771235502,
    0.94818426628,
    0.94865617752,
    0.94912808874,
    0.9496
  ]
}