{
  "percentiles": {
    "10": 25111.6788,
    "25": 30184.3324,
    "50": 33932.5125,
    "75": 37668.7347,
    "90": 43158.5696
  },
  "cdf": [
    0.0,
    0.00098553074,
    0.00197106144,
    0.00295659218,
    0.003942122899999999,
    0.004927653620000001,
    0.00591318438,
    0.006898715100000001,
    0.00788424582,
    0.008869776540000002,
    0.00985530728,
    0.010840838,
    0.01182636872,
    0.012811899460000001,
    0.01379743018,
    0.0147829609,
    0.01576849164,
    0.01675402238,
    0.017739553100000003,
    0.01872508382,
    0.01971061456,
    0.02069614528,
    0.021681676,
    0.02266720674,
    0.02365273744,
    0.02463826818,
    0.025623798920000003,
    0.026609329620000004,
    0.027594860380000003,
    0.0285803911,
    0.02956592182,
    0.030551452540000003,
    0.03153698328,
    0.032522514,
    0.033508044720000005,
    0.034493575459999995,
    0.03547910616,
    0.0364646369,
    0.03745016764,
    0.03843569836,
    0.039421229099999996,
    0.040406759820000006,
    0.04139229056,
    0.042377821280000005,
    0.043363352,
    0.04434888274,
    0.045334413440000006,
    0.04631994418,
    0.04730547491999999,
    0.048291005619999994,
    0.04927653638,
    0.05026206710000001,
    0.051247597820000004,
    0.052233128559999994,
    0.053218659280000004,
    0.054204190000000006,
    0.05518972072,
    0.05617525146,
    0.05716078218,
    0.05814631290000001,
    0.05913184364,
    0.060117374359999996,
    0.06110290510000001,
    0.06208843584,
    0.06307396654,
    0.06405949728,
    0.06504502799999999,
    0.06603055874,
    0.06701608946,
    0.06800162018,
    0.06898715091999999,
    0.06997268162,
    0.07095821238,
    0.07194374312,
    0.07292927382,
    0.07391480455999999,
    0.07490033528,
    0.07588586600000001,
    0.07687139674,
    0.07785692745999999,
    0.07884245818,
    0.0798279889,
    0.08081351964000001,
    0.08179905038,
    0.0827845811,
    0.08377011184000001,
    0.08475564254000001,
    0.08574117328,
    0.086726704,
    0.08771223471999999,
    0.08869776546,
    0.08968329618,
    0.09066882690000001,
    0.09165435762,
    0.09263988838000001,
    0.09362541912000001,
    0.09461094981999998,
    0.09559648056,
    0.09658201127999999,
    0.09756754199999998,
    0.09855307274,
    0.1017921106,
    0.10503114845999999,
    0.10827018632,
    0.11150922422000001,
    0.1147482621,
    0.11798729995999999,
    0.12301773406000001,
    0.12804816814,
    0.13307860223999998,
    0.13810903634,
    0.14493765226,
    0.15176626818,
    0.15859488408,
    0.1654235,
    0.17596396428,
    0.18650442858,
    0.19959980952,
    0.21269519048,
    0.22579057142,
    0.23888595238000004,
    0.25395933334,
    0.26903271428000003,
    0.28558959524,
    0.3021464762,
    0.31870335714000003,
    0.33526023808,
    0.35181711906,
    0.36837400000000003,
    0.38540183332000005,
    0.40242966667999996,
    0.4194574999999999,
    0.43648533332,
    0.45351316667999997,
    0.470541,
    0.48756883332,
    0.50459666668,
    0.5216244999999999,
    0.53865233332,
    0.55568016668,
    0.5727080000000001,
    0.58879392856,
    0.60487985716,
    0.6219547857200001,
    0.63902971428,
    0.6561046428399999,
    0.6731795714400001,
    0.6902545,
    0.7073294285599999,
    0.7244043571600001,
    0.74147928572,
    0.75410371428,
    0.76672814284,
    0.77935257144,
    0.7919769999999999,
    0.8023408571399999,
    0.81270471428,
    0.82306857142,
    0.8334324285799999,
    0.84155926192,
    0.84968609524,
    0.85608217858,
    0.8624782619,
    0.8688743452399998,
    0.87527042856,
    0.8787269841399998,
    0.8821835396800001,
    0.8856400952400001,
    0.8890966507799998,
    0.89144941172,
    0.8938021726200001,
    0.8961549335400001,
    0.8985076944399999,
    0.9008604553600001,
    0.90321321626,
    0.90556597718,
    0.90791873808,
    0.9102714989999999,
    0.91262425992,
    0.91497702084,
    0.91732978176,
    0.91894079266,
    0.9205518035799999,
    0.92216281448,
    0.9237738254,
    0.9253848362999999,
    0.92699584722,
    0.92860685814,
    0.93021786906,
    0.93182887996,
    0.9334398908800001,
    0.93505090178,
    0.9366619127,
    0.9382729235999999,
    0.9398839345200001,
    0.94149494542,
    0.9431059563600002,
    0.94471696726,
    0.94632797818,
    0.9479389890800001,
    0.94955
  ],
  "submitted": false
}