{
  "percentiles": {
    "1": 0.03888701184,
    "5": 0.04574831614,
    "10": 0.054655283580000005,
    "25": 0.08523666152,
    "50": 0.8691223667999999,
    "75": 0.9469537186,
    "90": 0.97224748744,
    "95": 0.9806787437200001,
    "99": 0.98742374874
  },
  "cdf": [
    0.0,
    0.038040942779999996,
    0.03888701184,
    0.03973525428,
    0.04058584288,
    0.04143895034,
    0.0422947494,
    0.043153412739999994,
    0.044015113179999996,
    0.0448800234,
    0.04574831614,
    0.046620164160000005,
    0.047495740140000006,
    0.04837521686,
    0.04925876704,
    0.0501465634,
    0.051038778699999995,
    0.05193558562,
    0.052837156899999994,
    0.0537436653,
    0.054655283580000005,
    0.055572184420000004,
    0.0564945406,
    0.057422524780000005,
    0.05835630976,
    0.05929606824,
    0.06024197295999999,
    0.06119419666,
    0.062152912039999994,
    0.06311829188,
    0.06409050888,
    0.06506973578,
    0.06605614528,
    0.06704991018,
    0.0680512032,
    0.069060197,
    0.07007706438000001,
    0.07110197806,
    0.07213511074000001,
    0.07317663519999999,
    0.07422672412,
    0.07528555031999999,
    0.07635328644,
    0.0774301052,
    0.07851617944,
    0.0796116818,
    0.08071678506,
    0.08183166194,
    0.08295648514000001,
    0.08409142742,
    0.08523666152,
    0.08639236017999999,
    0.0875586961,
    0.0890867077,
    0.09120810954,
    0.09374408844,
    0.09699139266000001,
    0.10106698148,
    0.10552235830000001,
    0.11036453592000002,
    0.11569010094000001,
    0.12198867305999998,
    0.12975316032,
    0.13867435914,
    0.14844306606000002,
    0.15933790808,
    0.17174508458,
    0.18563460592,
    0.20082936369999999,
    0.21712191424,
    0.23520532872,
    0.25576383012,
    0.27869554586,
    0.30389860348,
    0.3339058578,
    0.36878571282,
    0.40537005786,
    0.44047634779999995,
    0.47332955735999993,
    0.5051374500200001,
    0.5350761692,
    0.56306370852,
    0.59019853988,
    0.6169377901199999,
    0.64314762124,
    0.6683139335399999,
    0.69149360518,
    0.71256776964,
    0.73188501448,
    0.74926263702,
    0.7650890686199999,
    0.77988203872,
    0.7936321326,
    0.8062965425599998,
    0.81776724552,
    0.8281541109600001,
    0.8377579985400001,
    0.8467056613,
    0.8549532467200001,
    0.86244430016,
    0.8691223667999999,
    0.8735215387,
    0.87766960928,
    0.8816201788000001,
    0.8854162411,
    0.8890337341600001,
    0.89244859598,
    0.8956367645000001,
    0.8985741777199999,
    0.90131450592,
    0.90391524966,
    0.90635809238,
    0.9086247174199998,
    0.91069680824,
    0.9125560482599999,
    0.9141841208599999,
    0.9155862257,
    0.91694850438,
    0.91826647838,
    0.9195356693400001,
    0.9207515987600001,
    0.92190978824,
    0.92300575934,
    0.9240350336,
    0.92499313262,
    0.9258755779,
    0.92671870352,
    0.9275618291600001,
    0.9284049547800001,
    0.9292480804200001,
    0.93009120604,
    0.93093433166,
    0.9317774573,
    0.9326205829199999,
    0.9334637085599999,
    0.9343068341799998,
    0.9351499598,
    0.93599308544,
    0.9368362110599999,
    0.9376793367000001,
    0.9385224623200001,
    0.93936558794,
    0.94020871358,
    0.9410518392,
    0.94189496484,
    0.94273809046,
    0.9435812160799999,
    0.9444243417199999,
    0.9452674673400001,
    0.94611059298,
    0.9469537186,
    0.94779684422,
    0.94863996986,
    0.94948309548,
    0.9503262211199999,
    0.9511693467400001,
    0.9520124723600001,
    0.952855598,
    0.95369872362,
    0.95454184926,
    0.9553849748800001,
    0.9562281005000001,
    0.9570712261400001,
    0.9579143517600001,
    0.9587574774000001,
    0.9596006030199999,
    0.9604437286399999,
    0.9612868542799999,
    0.9621299798999999,
    0.96297310554,
    0.96381623116,
    0.96465935678,
    0.96550248242,
    0.9663456080399999,
    0.9671887336799999,
    0.9680318592999999,
    0.96887498492,
    0.96971811056,
    0.97056123618,
    0.97140436182,
    0.97224748744,
    0.9730906130600001,
    0.9739337387000001,
    0.9747768643200001,
    0.97561998996,
    0.97646311558,
    0.9773062412,
    0.97814936684,
    0.97899249246,
    0.9798356180999999,
    0.9806787437200001,
    0.9815218693400001,
    0.98236499498,
    0.9832081206,
    0.98405124624,
    0.98489437186,
    0.98573749748,
    0.98658062312,
    0.98742374874,
    0.98826687438,
    0.9891099999999999
  ],
  "submitted": true
}