{
  "num_valid_cdfs": 5,
  "method": "weighted_average",
  "final_cdf_length": 201,
  "final_cdf_sample": [
    0.0504,
    0.05102761426,
    0.051655228500000004,
    0.05228284277999999,
    0.05291045702,
    0.94680607188,
    0.9475045539,
    0.94820303594,
    0.9489015179800001,
    0.9496
  ]
}