{
  "percentiles": {
    "1": 0.010198982674741163,
    "5": 0.010994913373705808,
    "10": 0.011989826747411612,
    "25": 0.01497456686852903,
    "50": 0.030916609073714935,
    "75": 0.9874916407938269,
    "90": 0.9909801732525878,
    "95": 0.9919750866262935,
    "99": 0.9927710173252582
  },
  "cdf": [
    0.01,
    0.010099491337370581,
    0.010198982674741163,
    0.010298474012111742,
    0.010397965349482324,
    0.010497456686852905,
    0.010596948024223484,
    0.010696439361594066,
    0.010795930698964645,
    0.010895422036335227,
    0.010994913373705808,
    0.011094404711076387,
    0.011193896048446967,
    0.01129338738581755,
    0.01139287872318813,
    0.011492370060558709,
    0.01159186139792929,
    0.011691352735299872,
    0.011790844072670451,
    0.011890335410041033,
    0.011989826747411612,
    0.012089318084782193,
    0.012188809422152775,
    0.012288300759523354,
    0.012387792096893935,
    0.012487283434264517,
    0.012586774771635095,
    0.012686266109005676,
    0.012785757446376255,
    0.012885248783746838,
    0.01298474012111742,
    0.013084231458488,
    0.013183722795858579,
    0.01328321413322916,
    0.01338270547059974,
    0.013482196807970321,
    0.0135816881453409,
    0.013681179482711484,
    0.013780670820082063,
    0.013880162157452644,
    0.013979653494823224,
    0.014079144832193805,
    0.014178636169564385,
    0.014278127506934964,
    0.014377618844305546,
    0.014477110181676129,
    0.014576601519046708,
    0.01467609285641729,
    0.014775584193787869,
    0.014875075531158449,
    0.01497456686852903,
    0.01507405820589961,
    0.01517354954327019,
    0.015273040880640774,
    0.015372532218011353,
    0.015472023555381933,
    0.015571514892752514,
    0.015671006230123095,
    0.015770497567493675,
    0.015869988904864258,
    0.015969480242234838,
    0.01606897157960542,
    0.016168462916976,
    0.016267954254346583,
    0.016367445591717163,
    0.016466936929087746,
    0.01656642826645833,
    0.016665919603828912,
    0.01676541094119949,
    0.016864902278570074,
    0.016964393615940654,
    0.017063884953311237,
    0.017163376290681816,
    0.0172628676280524,
    0.01736235896542298,
    0.017461850302793562,
    0.017561341640164145,
    0.017660832977534728,
    0.017760324314905308,
    0.01785981565227589,
    0.01795930698964647,
    0.018058798327017053,
    0.018158289664387633,
    0.018257781001758216,
    0.018357272339128795,
    0.01845676367649938,
    0.01855625501386996,
    0.018655746351240544,
    0.018755237688611124,
    0.018854729025981707,
    0.018954220363352287,
    0.01905371170072287,
    0.01915320303809345,
    0.019510615802600755,
    0.020199536868768353,
    0.020968856547561608,
    0.02235628816927842,
    0.024290902328821508,
    0.02637756018915203,
    0.028593595171062268,
    0.030916609073714935,
    0.0333244689593105,
    0.035863273552041545,
    0.03867397160107339,
    0.04174854173562888,
    0.04507263337911947,
    0.04863205925662325,
    0.05399877154793744,
    0.05981726170378078,
    0.06599933197188287,
    0.07268861404119129,
    0.08001667801528155,
    0.08857547432157953,
    0.10070152037392202,
    0.11566919601040385,
    0.13856325519912302,
    0.16954580398876096,
    0.20544209732312751,
    0.2516184538744578,
    0.312606495547142,
    0.39252187657151827,
    0.4693630837657866,
    0.5431242395531154,
    0.6148131982234422,
    0.6841576431932281,
    0.7424137990516846,
    0.7873224400928418,
    0.822363970408848,
    0.8497581704267901,
    0.8712460794314744,
    0.889402622261452,
    0.9058392314958892,
    0.9185578120272613,
    0.9288488259666685,
    0.9381131172195281,
    0.9460583606329912,
    0.9529577427634454,
    0.9587094868285211,
    0.9637644686930311,
    0.9682367891099893,
    0.9720168969630674,
    0.9749887645974373,
    0.9771882912003205,
    0.9792014666774277,
    0.9810605477608254,
    0.9827340949716538,
    0.984191018739985,
    0.9853915645733586,
    0.9862140943599271,
    0.9869190279235666,
    0.9874916407938269,
    0.9879173719269054,
    0.9881818219646284,
    0.9882939071435825,
    0.9883933984809529,
    0.9884928898183236,
    0.988592381155694,
    0.9886918724930647,
    0.9887913638304353,
    0.9888908551678058,
    0.9889903465051765,
    0.989089837842547,
    0.9891893291799174,
    0.9892888205172881,
    0.9893883118546587,
    0.9894878031920292,
    0.9895872945293999,
    0.9896867858667704,
    0.989786277204141,
    0.9898857685415117,
    0.9899852598788821,
    0.9900847512162528,
    0.9901842425536233,
    0.9902837338909938,
    0.9903832252283644,
    0.990482716565735,
    0.9905822079031056,
    0.9906816992404762,
    0.9907811905778466,
    0.9908806819152172,
    0.9909801732525878,
    0.9910796645899584,
    0.991179155927329,
    0.9912786472646996,
    0.9913781386020701,
    0.9914776299394408,
    0.9915771212768112,
    0.9916766126141819,
    0.9917761039515524,
    0.991875595288923,
    0.9919750866262935,
    0.9920745779636642,
    0.9921740693010348,
    0.9922735606384053,
    0.9923730519757757,
    0.9924725433131464,
    0.9925720346505169,
    0.9926715259878875,
    0.9927710173252582,
    0.9928705086626287,
    0.9929699999999994
  ],
  "submitted": true
}