{
  "percentiles": {
    "1": 0.010198985904024804,
    "5": 0.01099492952012401,
    "10": 0.011989859040248017,
    "25": 0.4117387252445045,
    "50": 0.9861507047987589,
    "75": 0.9911253523993786,
    "90": 0.9941101409597503,
    "95": 0.9951050704798743,
    "99": 0.9959010140959734
  },
  "cdf": [
    0.01,
    0.010099492952012401,
    0.010198985904024804,
    0.010298478856037203,
    0.010397971808049604,
    0.010497464760062004,
    0.010596957712074407,
    0.010696450664086806,
    0.010795943616099207,
    0.010895436568111606,
    0.01099492952012401,
    0.01109442247213641,
    0.01119391542414881,
    0.011293408376161211,
    0.011392901328173614,
    0.011492394280186013,
    0.011591887232198414,
    0.011691380184210813,
    0.011790873136223217,
    0.011890366088235616,
    0.011989859040248017,
    0.012089351992260418,
    0.01218884494427282,
    0.01228833789628522,
    0.01238783084829762,
    0.01248732380031002,
    0.013741526424461853,
    0.015343081420629515,
    0.017029997161226045,
    0.018788734865367758,
    0.02060667544852825,
    0.02684926429577652,
    0.03469742802565265,
    0.04301481839711219,
    0.05184880078077029,
    0.0612429160101237,
    0.07123264150962612,
    0.08198036053318054,
    0.0937050060652955,
    0.10661002957665822,
    0.1208844224227276,
    0.13721709917481936,
    0.15607363458211154,
    0.1773036843567255,
    0.20076447203934022,
    0.22632036721913257,
    0.2568224041612065,
    0.2932550107993896,
    0.33284429052537334,
    0.3731367025254638,
    0.4117387252445045,
    0.4487371772490227,
    0.4857500137226105,
    0.5227661392904073,
    0.5597750565005761,
    0.5967668337463319,
    0.6357445887474761,
    0.6767245673813749,
    0.7168398037654764,
    0.7533801682085584,
    0.7837840583390776,
    0.8089352742182836,
    0.8312674177282517,
    0.8507228159899016,
    0.8676613047934773,
    0.8822347810238969,
    0.8947988565340091,
    0.9059036328529911,
    0.915918670839625,
    0.9251955927240582,
    0.9340689434329359,
    0.9427665420462349,
    0.9511944173309811,
    0.959198043653706,
    0.966630501993216,
    0.9733521225249211,
    0.9754284257043636,
    0.97733420709146,
    0.979032949833823,
    0.9804899092249147,
    0.9816720319617144,
    0.9825655933375568,
    0.9833267830535599,
    0.9839394351253772,
    0.9843881600672658,
    0.9846583105185729,
    0.9847578034705855,
    0.9848572964225978,
    0.9849567893746102,
    0.9850562823266225,
    0.9851557752786351,
    0.9852552682306474,
    0.9853547611826597,
    0.985454254134672,
    0.9855537470866846,
    0.9856532400386969,
    0.9857527329907093,
    0.9858522259427216,
    0.9859517188947342,
    0.9860512118467465,
    0.9861507047987589,
    0.9862501977507712,
    0.9863496907027838,
    0.9864491836547961,
    0.9865486766068085,
    0.9866481695588207,
    0.9867476625108333,
    0.9868471554628456,
    0.986946648414858,
    0.9870461413668703,
    0.9871456343188829,
    0.9872451272708952,
    0.9873446202229076,
    0.9874441131749199,
    0.9875436061269325,
    0.9876430990789448,
    0.9877425920309572,
    0.9878420849829694,
    0.987941577934982,
    0.9880410708869943,
    0.9881405638390067,
    0.988240056791019,
    0.9883395497430316,
    0.9884390426950439,
    0.9885385356470563,
    0.9886380285990686,
    0.9887375215510812,
    0.9888370145030935,
    0.9889365074551059,
    0.9890360004071181,
    0.9891354933591308,
    0.989234986311143,
    0.9893344792631554,
    0.9894339722151677,
    0.9895334651671803,
    0.9896329581191926,
    0.989732451071205,
    0.9898319440232173,
    0.9899314369752299,
    0.9900309299272422,
    0.9901304228792546,
    0.9902299158312668,
    0.9903294087832795,
    0.9904289017352917,
    0.9905283946873041,
    0.9906278876393164,
    0.990727380591329,
    0.9908268735433413,
    0.9909263664953537,
    0.991025859447366,
    0.9911253523993786,
    0.9912248453513909,
    0.9913243383034033,
    0.9914238312554156,
    0.9915233242074282,
    0.9916228171594405,
    0.9917223101114528,
    0.9918218030634651,
    0.9919212960154777,
    0.99202078896749,
    0.9921202819195024,
    0.9922197748715147,
    0.9923192678235273,
    0.9924187607755396,
    0.992518253727552,
    0.9926177466795643,
    0.9927172396315769,
    0.9928167325835892,
    0.9929162255356015,
    0.9930157184876138,
    0.9931152114396264,
    0.9932147043916387,
    0.9933141973436511,
    0.9934136902956634,
    0.993513183247676,
    0.9936126761996883,
    0.9937121691517007,
    0.993811662103713,
    0.9939111550557256,
    0.9940106480077379,
    0.9941101409597503,
    0.9942096339117625,
    0.9943091268637752,
    0.9944086198157874,
    0.9945081127677998,
    0.9946076057198121,
    0.9947070986718247,
    0.994806591623837,
    0.9949060845758494,
    0.9950055775278617,
    0.9951050704798743,
    0.9952045634318866,
    0.995304056383899,
    0.9954035493359112,
    0.9955030422879239,
    0.9956025352399361,
    0.9957020281919485,
    0.9958015211439608,
    0.9959010140959734,
    0.9960005070479857,
    0.9960999999999981
  ],
  "dry_run": true
}