{
  "distribution": {
    "Scottie Scheffler": 0.22873469387755102,
    "Rory McIlroy": 0.138530612244898,
    "Jon Rahm": 0.08024489795918369,
    "Bryson DeChambeau": 0.058163265306122446,
    "Other golfer": 0.49432653061224485
  },
  "submitted": true
}