{
  "num_valid_cdfs": 5,
  "method": "weighted_average",
  "final_cdf_length": 201,
  "final_cdf_sample": [
    0.0,
    0.0226018894716159,
    0.03346694649900038,
    0.04305185569337135,
    0.05176687666993153,
    0.9760807200057057,
    0.9768978031422691,
    0.9777618680727905,
    0.9786741180505975,
    0.9796357142857125
  ]
}