{
  "percentiles": {
    "10": 18.7187,
    "25": 23.4789,
    "50": 31.5246,
    "75": 42.5752,
    "90": 58.008
  },
  "cdf": [
    0.0504,
    0.0518222222,
    0.0532444444,
    0.0546666667,
    0.0560888889,
    0.0575111111,
    0.0589333333,
    0.0603555556,
    0.0617777778,
    0.0632,
    0.0646222222,
    0.0660444444,
    0.0674666667,
    0.0688888889,
    0.0703111111,
    0.0717333333,
    0.0731555556,
    0.0745777778,
    0.076,
    0.0774222222,
    0.0788444444,
    0.0802666667,
    0.0816888889,
    0.0831111111,
    0.0845333333,
    0.0859555556,
    0.0873777778,
    0.0888,
    0.0902222222,
    0.0916444444,
    0.0930666667,
    0.0944888889,
    0.0959111111,
    0.0973333333,
    0.0987555556,
    0.1001777778,
    0.1016,
    0.1098833333,
    0.1181666667,
    0.12645,
    0.1347333333,
    0.1430166667,
    0.1513,
    0.1595833333,
    0.1678666667,
    0.17615,
    0.1844333333,
    0.1927166667,
    0.201,
    0.2092833333,
    0.2175666667,
    0.22585,
    0.2341333333,
    0.2424166667,
    0.2507,
    0.2589833333,
    0.2672666667,
    0.27555,
    0.2838333333,
    0.2921166667,
    0.3004,
    0.3086833333,
    0.3169666667,
    0.32525,
    0.3335333333,
    0.3418166667,
    0.3501,
    0.3583833333,
    0.3666666667,
    0.37495,
    0.3832333333,
    0.3915166667,
    0.3998,
    0.4069071429,
    0.4140142857,
    0.4211214286,
    0.4282285714,
    0.4353357143,
    0.4424428571,
    0.44955,
    0.4566571429,
    0.4637642857,
    0.4708714286,
    0.4779785714,
    0.4850857143,
    0.4921928571,
    0.4993,
    0.5064071429,
    0.5135142857,
    0.5206214286,
    0.5277285714,
    0.5348357143,
    0.5419428571,
    0.54905,
    0.5561571429,
    0.5632642857,
    0.5703714286,
    0.5774785714,
    0.5845857143,
    0.5916928571,
    0.5988,
    0.60379,
    0.60878,
    0.61377,
    0.61876,
    0.62375,
    0.62874,
    0.63373,
    0.63872,
    0.64371,
    0.6487,
    0.65369,
    0.65868,
    0.66367,
    0.66866,
    0.67365,
    0.67864,
    0.68363,
    0.68862,
    0.69361,
    0.6986,
    0.70359,
    0.70858,
    0.71357,
    0.71856,
    0.72355,
    0.72854,
    0.73353,
    0.73852,
    0.74351,
    0.7485,
    0.75349,
    0.75848,
    0.76347,
    0.76846,
    0.77345,
    0.77844,
    0.78343,
    0.78842,
    0.79341,
    0.7984,
    0.80035,
    0.8023,
    0.80425,
    0.8062,
    0.80815,
    0.8101,
    0.81205,
    0.814,
    0.81595,
    0.8179,
    0.81985,
    0.8218,
    0.82375,
    0.8257,
    0.82765,
    0.8296,
    0.83155,
    0.8335,
    0.83545,
    0.8374,
    0.83935,
    0.8413,
    0.84325,
    0.8452,
    0.84715,
    0.8491,
    0.85105,
    0.853,
    0.85495,
    0.8569,
    0.85885,
    0.8608,
    0.86275,
    0.8647,
    0.86665,
    0.8686,
    0.87055,
    0.8725,
    0.87445,
    0.8764,
    0.87835,
    0.8803,
    0.88225,
    0.8842,
    0.88615,
    0.8881,
    0.89005,
    0.892,
    0.89395,
    0.8959,
    0.89785,
    0.8998,
    0.906025,
    0.91225,
    0.918475,
    0.9247,
    0.930925,
    0.93715,
    0.943375,
    0.9496
  ],
  "submitted": true
}