{
  "individual_probabilities": [
    [
      0.03,
      0.08,
      0.89
    ],
    [
      0.1,
      0.08,
      0.82
    ],
    [
      0.05,
      0.07,
      0.88
    ],
    [
      0.06,
      0.15,
      0.79
    ],
    [
      0.1,
      0.18,
      0.72
    ]
  ],
  "weights": [
    1.0,
    1.0,
    1.0,
    1.0,
    1.0
  ],
  "method": "weighted_average",
  "final_probabilities": [
    0.06799999999999999,
    0.11200000000000002,
    0.82
  ]
}