{
  "percentiles": {
    "1": 0.010198980569590507,
    "5": 0.010994902847952525,
    "10": 0.011989805695905046,
    "25": 0.014974514239762616,
    "50": 0.019949028479525274,
    "75": 0.6292309345663419,
    "90": 0.9821683272621939,
    "95": 0.9899450971520471,
    "99": 0.9907410194304089
  },
  "cdf": [
    0.01,
    0.010099490284795253,
    0.010198980569590507,
    0.010298470854385757,
    0.01039796113918101,
    0.010497451423976262,
    0.010596941708771516,
    0.010696431993566766,
    0.010795922278362019,
    0.010895412563157271,
    0.010994902847952525,
    0.011094393132747776,
    0.011193883417543028,
    0.01129337370233828,
    0.011392863987133534,
    0.011492354271928785,
    0.011591844556724037,
    0.01169133484151929,
    0.011790825126314543,
    0.011890315411109794,
    0.011989805695905046,
    0.012089295980700299,
    0.012188786265495553,
    0.012288276550290803,
    0.012387766835086056,
    0.012487257119881308,
    0.01258674740467656,
    0.012686237689471812,
    0.012785727974267063,
    0.012885218259062317,
    0.012984708543857571,
    0.013084198828652823,
    0.013183689113448074,
    0.013283179398243328,
    0.013382669683038579,
    0.013482159967833831,
    0.013581650252629082,
    0.013681140537424336,
    0.01378063082221959,
    0.013880121107014842,
    0.013979611391810092,
    0.014079101676605347,
    0.014178591961400597,
    0.01427808224619585,
    0.0143775725309911,
    0.014477062815786354,
    0.014576553100581608,
    0.01467604338537686,
    0.014775533670172111,
    0.014875023954967365,
    0.014974514239762616,
    0.015074004524557868,
    0.015173494809353118,
    0.015272985094148372,
    0.015372475378943627,
    0.015471965663738879,
    0.01557145594853413,
    0.01567094623332938,
    0.015770436518124636,
    0.015869926802919886,
    0.01596941708771514,
    0.016068907372510394,
    0.01616839765730565,
    0.0162678879421009,
    0.016367378226896153,
    0.01646686851169141,
    0.016566358796486665,
    0.016665849081281915,
    0.016765339366077166,
    0.01686482965087242,
    0.016964319935667677,
    0.017063810220462928,
    0.017163300505258182,
    0.017262790790053436,
    0.01736228107484869,
    0.01746177135964394,
    0.017561261644439195,
    0.01766075192923445,
    0.017760242214029703,
    0.017859732498824953,
    0.017959222783620207,
    0.018058713068415465,
    0.018158203353210715,
    0.018257693638005966,
    0.01835718392280122,
    0.018456674207596474,
    0.01855616449239173,
    0.018655654777186982,
    0.018755145061982233,
    0.01885463534677749,
    0.018954125631572744,
    0.019053615916367995,
    0.01915310620116325,
    0.0192525964859585,
    0.019352086770753757,
    0.019451577055549008,
    0.01955106734034426,
    0.019650557625139516,
    0.01975004790993477,
    0.01984953819473002,
    0.019949028479525274,
    0.02004851876432053,
    0.020148009049115782,
    0.020247499333911033,
    0.020346989618706287,
    0.020446479903501544,
    0.0205459701882968,
    0.02064546047309205,
    0.0207449507578873,
    0.020844441042682554,
    0.02094393132747781,
    0.021043421612273062,
    0.021142911897068316,
    0.02143621690659112,
    0.022570753181401587,
    0.024476409787338182,
    0.02669781950430154,
    0.029563825802587367,
    0.03313096657736841,
    0.03699271660954153,
    0.04108430497677418,
    0.04533841765459993,
    0.0503154795749929,
    0.05591191254472616,
    0.062223784908404946,
    0.06914718335593646,
    0.07653097246873442,
    0.08439185292682824,
    0.09288188813080185,
    0.10215629005276845,
    0.11237404264389135,
    0.123631415065701,
    0.1359488566271468,
    0.14989485624654994,
    0.16561289516405303,
    0.1830012684068761,
    0.2021037787847065,
    0.2226434460609963,
    0.24445042934248304,
    0.2684567016507306,
    0.29482605204178947,
    0.32359884576683345,
    0.3595248962446099,
    0.3994855369071336,
    0.43693455072721415,
    0.4744712435925478,
    0.5119691214428566,
    0.5462331226217616,
    0.575492581944118,
    0.6029543177004809,
    0.6292309345663419,
    0.6545179893874717,
    0.6788777736782223,
    0.7023586984261205,
    0.7250990294466542,
    0.7475102149355077,
    0.7695439684109624,
    0.7909937571925061,
    0.8118133316339028,
    0.8316908677556298,
    0.8501567300077684,
    0.866356897471187,
    0.8796041268932016,
    0.8909854134193503,
    0.9009150401658879,
    0.9100964047964405,
    0.9186945573468647,
    0.9266555974362003,
    0.9339022682207461,
    0.9403587297079421,
    0.9461026635696717,
    0.9515445750879234,
    0.9566281841389245,
    0.9612758939119997,
    0.9654577696274874,
    0.9692913260233216,
    0.9727361932021173,
    0.9757445566202436,
    0.978188853499919,
    0.9802737014871254,
    0.9821683272621939,
    0.9838536550524312,
    0.9852534939773754,
    0.9862595679712902,
    0.9870840774946632,
    0.987843084091565,
    0.9885304441495423,
    0.9891401216830612,
    0.9896661865466296,
    0.9898456068672518,
    0.9899450971520471,
    0.9900445874368422,
    0.9901440777216376,
    0.9902435680064328,
    0.990343058291228,
    0.9904425485760232,
    0.9905420388608184,
    0.9906415291456137,
    0.9907410194304089,
    0.9908405097152041,
    0.9909399999999995
  ],
  "submitted": true
}