{
  "distribution": {
    "0": 0.6281824611032533,
    "1": 0.31577086280056577,
    "2": 0.042538896746817545,
    "3": 0.013507779349363508
  },
  "dry_run": true
}