{
  "percentiles": {
    "1": 0.012692177064265897,
    "5": 0.019209832152572947,
    "10": 0.03487992876719615,
    "25": 0.19639118467767025,
    "50": 0.8267166562311177,
    "75": 0.9722725524746109,
    "90": 0.9869827981874135,
    "95": 0.9897719521270968,
    "99": 0.9917920624063171
  },
  "cdf": [
    0.011934561545915944,
    0.012309120866958989,
    0.012692177064265897,
    0.01314278355256777,
    0.013735413593953963,
    0.01444069340597165,
    0.015236469356293497,
    0.016116917693520024,
    0.017076333825627277,
    0.018109129852052333,
    0.019209832152572947,
    0.02037307903151053,
    0.02159361841582979,
    0.022866305605750467,
    0.024186101076524337,
    0.025565640009553792,
    0.02711853097792118,
    0.028754632421825754,
    0.03046598159015072,
    0.03257754508983142,
    0.03487992876719615,
    0.03727349430367496,
    0.03975049973814483,
    0.04230359287410039,
    0.04501458629516799,
    0.04794006144157342,
    0.05106052509412464,
    0.05435686595860075,
    0.057810347201321374,
    0.06140259914618672,
    0.0651156121292616,
    0.0689321565103601,
    0.0728435468438296,
    0.07688427953658991,
    0.08114230894616113,
    0.08563047008177263,
    0.09035354334168864,
    0.09536564925919859,
    0.1006900260822317,
    0.10632980934275389,
    0.11232213966687325,
    0.11865959546497602,
    0.12540702167117926,
    0.13263370522916135,
    0.1403350029624884,
    0.14850632628492388,
    0.15714314040720234,
    0.16624096355763837,
    0.17579536621634728,
    0.18580731224716565,
    0.19639118467767025,
    0.2079681171040108,
    0.22065034232006134,
    0.2344909123202274,
    0.24925870907800968,
    0.26481956183681243,
    0.2809900570679752,
    0.2975113355571752,
    0.3141292951744016,
    0.33094099779957575,
    0.34808655561849755,
    0.36535191910615583,
    0.38255404835945095,
    0.39977714747056636,
    0.4169141997714775,
    0.4339368962930063,
    0.4509238415027819,
    0.4677364795320388,
    0.48456537140379596,
    0.501279567620019,
    0.5177231687416934,
    0.5338284662722478,
    0.5494337583138487,
    0.5645066200355231,
    0.5790089794216537,
    0.5928614770991896,
    0.6063282635490345,
    0.6194403753394055,
    0.6321698193163907,
    0.6444891102324272,
    0.6563712620552622,
    0.6677921182624751,
    0.6787629944879228,
    0.6893056481017442,
    0.6994919664408294,
    0.709316500165908,
    0.7188133872323654,
    0.7280009069265058,
    0.7368875876556623,
    0.7455275771872636,
    0.7539316541352041,
    0.7621046002256495,
    0.7700511297236903,
    0.7777758904592498,
    0.7852834648352761,
    0.79259654558737,
    0.7997479967681486,
    0.8067379615560621,
    0.8135641895428158,
    0.8202244748474163,
    0.8267166562311177,
    0.8330386163409962,
    0.8391882809671982,
    0.8451638014770936,
    0.8509771171451096,
    0.8566287689934218,
    0.862116689278521,
    0.8674710742287302,
    0.872680431211441,
    0.8777502827531389,
    0.8826862360879684,
    0.887468097803407,
    0.8921046117684203,
    0.8965863805746194,
    0.9008969599629563,
    0.9050201722631204,
    0.90894199724556,
    0.9126980801298629,
    0.9162993164798439,
    0.919734943782412,
    0.9229943741934958,
    0.9260673733972287,
    0.9289887661234149,
    0.9317892392319548,
    0.9344673827374255,
    0.9370218138182169,
    0.939451176383636,
    0.9417557937914027,
    0.9439355009391314,
    0.9459896819592457,
    0.9479494952683106,
    0.949825553070293,
    0.9515261715830802,
    0.953145463617228,
    0.9547078025409353,
    0.9562144719653993,
    0.9576667387803998,
    0.9590658533842932,
    0.9604130499104429,
    0.9617095464501467,
    0.9629565452721327,
    0.9641552330386716,
    0.9653067931586949,
    0.9664119585332681,
    0.9674704844453293,
    0.9684820348948525,
    0.9694462806941562,
    0.9702978921038733,
    0.9709658192217778,
    0.9716238828697726,
    0.9722725524746109,
    0.972912291093891,
    0.9735435555031454,
    0.9741667962816034,
    0.9747824578966592,
    0.9753909787870585,
    0.97599279144483,
    0.9765883224959833,
    0.977177992779992,
    0.977762217428082,
    0.9783410437885,
    0.978911171729432,
    0.979471542750732,
    0.9800219453720963,
    0.9805621714307542,
    0.981092016034836,
    0.9816112775174493,
    0.9821197573914482,
    0.9826172603048903,
    0.9831035939971624,
    0.9835785692557696,
    0.984041999873774,
    0.984493702607872,
    0.9848665167493401,
    0.9851767230153676,
    0.9854843449395048,
    0.9857893566203277,
    0.9860917325974125,
    0.9863914478451342,
    0.9866884777665564,
    0.9869827981874135,
    0.9872743853501816,
    0.9875632159082404,
    0.9878492669201162,
    0.9881325158438161,
    0.9884129405312431,
    0.9886905192226934,
    0.9889652305414363,
    0.9892370534883728,
    0.9895059674367743,
    0.9897719521270968,
    0.9900349876618713,
    0.990295054500671,
    0.9905521334551501,
    0.9908062056841549,
    0.9910572526889082,
    0.991305256308261,
    0.9915501987140161,
    0.9917920624063171,
    0.9919248812681264,
    0.9920243711006534
  ],
  "submitted": true
}