{
  "individual_predictions": [
    {
      "agent": "analyst",
      "prediction": 0.22399999999999998,
      "weight": 1.0
    },
    {
      "agent": "historian",
      "prediction": 0.46399999999999997,
      "weight": 1.0
    },
    {
      "agent": "contrarian",
      "prediction": 0.254,
      "weight": 0.8
    }
  ],
  "method": "weighted_average",
  "mean": 0.314,
  "median": 0.254,
  "std_dev": 0.1307669683062202,
  "min": 0.22399999999999998,
  "max": 0.46399999999999997,
  "final": 0.3182857142857143
}