{
  "percentiles": {
    "1": 0.00019899157905259925,
    "5": 0.0009949578952629964,
    "10": 0.0019899157905259924,
    "25": 0.00513817323517486,
    "50": 0.08446648905424217,
    "75": 0.9210162832512234,
    "90": 0.9896600842094732,
    "95": 0.9906550421047363,
    "99": 0.9914510084209468
  },
  "cdf": [
    0.0,
    9.949578952629963e-05,
    0.00019899157905259925,
    0.0002984873685788989,
    0.00039798315810519856,
    0.0004974789476314982,
    0.0005969747371577978,
    0.0006964705266840974,
    0.0007959663162103971,
    0.0008954621057366968,
    0.0009949578952629964,
    0.001094453684789296,
    0.0011939494743155956,
    0.0012934452638418952,
    0.0013929410533681948,
    0.0014924368428944944,
    0.001591932632420794,
    0.0016914284219470936,
    0.0017909242114733932,
    0.0018904200009996928,
    0.0019899157905259924,
    0.002089411580052292,
    0.002188907369578592,
    0.002288403159104892,
    0.0023878989486311917,
    0.0024873947381574913,
    0.0025868905276837913,
    0.0026863863172100913,
    0.0027858821067363905,
    0.0028853778962626905,
    0.0029848736857889906,
    0.0030843694753152906,
    0.0031838652648415906,
    0.00328336105436789,
    0.00338285684389419,
    0.00348235263342049,
    0.003581848422946789,
    0.003681344212473089,
    0.003780840001999389,
    0.003880335791525689,
    0.003979831581051989,
    0.004079327370578288,
    0.0041788231601045875,
    0.004292804077035798,
    0.004410409069709227,
    0.004529043454720375,
    0.004648722002650184,
    0.004769459484079595,
    0.004891270669589551,
    0.005014170329760992,
    0.00513817323517486,
    0.005298731655620115,
    0.005463758576450693,
    0.005631873386043112,
    0.0058031177858910744,
    0.005977533477488278,
    0.0061551621623284316,
    0.006336045541905229,
    0.0065202253177123765,
    0.006707743191243576,
    0.0069143778648549994,
    0.007130010350124212,
    0.007350069629079365,
    0.007574610631947693,
    0.0078036882889564296,
    0.008037357530332807,
    0.008275673286304061,
    0.008518690487097424,
    0.00876646406294013,
    0.009019048944059412,
    0.009276500060682502,
    0.009538872343036636,
    0.009806220721349046,
    0.010078600125846968,
    0.010356065486757634,
    0.010638671734308276,
    0.010926473798726131,
    0.01121952661023843,
    0.011517885099072407,
    0.011821604195455299,
    0.012130738829614334,
    0.01255160991798984,
    0.013175163158828176,
    0.013978390655065643,
    0.014938284509638532,
    0.01603183682548316,
    0.017236039705535826,
    0.018556283921861018,
    0.020325156941546733,
    0.022590785123683337,
    0.02528430331721975,
    0.028336846371104885,
    0.03168788474757787,
    0.035382949453373745,
    0.03953945127738369,
    0.044502752175888095,
    0.050169053262823296,
    0.05652949779066979,
    0.06483652784124051,
    0.07453308961462676,
    0.08446648905424217,
    0.09468057504345082,
    0.10590094301852437,
    0.11799751875223775,
    0.13108020659583097,
    0.14590366842559216,
    0.16262001279273589,
    0.1813636987002474,
    0.2029973676238836,
    0.22812085781462155,
    0.255275945663499,
    0.28322048140674605,
    0.3109104704462192,
    0.33873115004021687,
    0.36661768522927424,
    0.3947631687685962,
    0.4224183731113746,
    0.44961864369541693,
    0.4764317155905457,
    0.5020777844470179,
    0.5257770459150906,
    0.5475914882309385,
    0.567866609021102,
    0.587279858834685,
    0.6061889224580963,
    0.6247274277614635,
    0.6428801906085171,
    0.6606216471493702,
    0.6779262335341361,
    0.6948316802306567,
    0.7114744651542959,
    0.7277522787277775,
    0.7435452412036977,
    0.7587334728346533,
    0.773347458046942,
    0.7877390479383567,
    0.80179001403993,
    0.815343858730496,
    0.8282440843888889,
    0.8404141252266415,
    0.8519600466448909,
    0.8619589273303649,
    0.8712971545503589,
    0.8798474771687492,
    0.8875379910773202,
    0.8944427376305273,
    0.9006438563863889,
    0.9062618225698941,
    0.911485993731187,
    0.9163968365459845,
    0.9210162832512234,
    0.9253662660838404,
    0.9294687172807723,
    0.9333455690789556,
    0.9370187537153273,
    0.9405102034268237,
    0.9438418504503819,
    0.9470376211366107,
    0.950137776017197,
    0.9531484888369199,
    0.9560660580901215,
    0.9588867822711435,
    0.9616069598743281,
    0.964222889394017,
    0.9667308693245523,
    0.9691271981602759,
    0.9714081743955297,
    0.9735722736236081,
    0.9756429342203996,
    0.9776215305609445,
    0.9795004380232641,
    0.9812720319853805,
    0.9829286878253147,
    0.9844627809210887,
    0.9854883318827877,
    0.9862953321429498,
    0.9870615210117342,
    0.9877839945709599,
    0.9884598489024454,
    0.9890861800880103,
    0.9896600842094732,
    0.9897595799989996,
    0.9898590757885258,
    0.9899585715780521,
    0.9900580673675784,
    0.9901575631571047,
    0.9902570589466311,
    0.9903565547361574,
    0.9904560505256836,
    0.99055554631521,
    0.9906550421047363,
    0.9907545378942626,
    0.9908540336837889,
    0.9909535294733152,
    0.9910530252628416,
    0.9911525210523678,
    0.9912520168418941,
    0.9913515126314205,
    0.9914510084209468,
    0.9915505042104731,
    0.9916499999999994
  ],
  "submitted": true
}