{
  "num_valid_cdfs": 5,
  "method": "weighted_average",
  "final_cdf_length": 201,
  "final_cdf_sample": [
    0.08004,
    0.08272466666,
    0.08540933334,
    0.08809399999999999,
    0.09077866666000001,
    0.90922133332,
    0.9119059999999999,
    0.91459066668,
    0.9172753333199999,
    0.91996
  ]
}