{
  "individual_probabilities": [
    [
      0.04,
      0.91,
      0.05
    ],
    [
      0.08,
      0.9,
      0.02
    ],
    [
      0.04,
      0.95,
      0.01
    ],
    [
      0.08,
      0.9,
      0.02
    ],
    [
      0.05,
      0.91,
      0.04
    ]
  ],
  "weights": [
    1.0,
    1.0,
    1.0,
    1.0,
    1.0
  ],
  "method": "weighted_average",
  "final_probabilities": [
    0.057999999999999996,
    0.9139999999999999,
    0.028000000000000004
  ]
}