{
  "num_valid_cdfs": 5,
  "method": "weighted_average",
  "final_cdf_length": 201,
  "final_cdf_sample": [
    0.01,
    0.010099490102777178,
    0.010198980205554351,
    0.01029847030833153,
    0.010397960411108706,
    0.9859540250611266,
    0.9879095623443742,
    0.9891376795502271,
    0.9899434882802562,
    0.9905899999999999
  ]
}