{
  "num_valid_cdfs": 5,
  "method": "weighted_average",
  "final_cdf_length": 201,
  "final_cdf_sample": [
    0.0,
    0.00096076956,
    0.00192153914,
    0.0028823087,
    0.0038430783399999993,
    0.94281553572,
    0.94449915178,
    0.9461827678400001,
    0.9478663839400001,
    0.94955
  ]
}