{
  "distribution": {
    "Increases": 0.06799999999999999,
    "Doesn't change": 0.11200000000000002,
    "Decreases": 0.82
  },
  "submitted": true
}