{
  "percentiles": {
    "1": 0.010198984616512526,
    "5": 0.010994923082562632,
    "10": 0.015488898173187928,
    "25": 0.3312253237582892,
    "50": 0.9568631874649685,
    "75": 0.9898753845871846,
    "90": 0.9928601538348716,
    "95": 0.9938550769174339,
    "99": 0.9946510153834838
  },
  "cdf": [
    0.01,
    0.010099492308256262,
    0.010198984616512526,
    0.01029847692476879,
    0.010397969233025054,
    0.010497461541281316,
    0.01059695384953758,
    0.010696446157793842,
    0.010795938466050106,
    0.010895430774306368,
    0.010994923082562632,
    0.011094415390818896,
    0.011193907699075158,
    0.011293400007331422,
    0.011392892315587686,
    0.011492384623843948,
    0.012109417887058441,
    0.01291082212569268,
    0.01374381336548306,
    0.014604403288004414,
    0.015488898173187928,
    0.01853732461616237,
    0.022367506146486086,
    0.026359385258355537,
    0.030488682887287,
    0.03473285285738681,
    0.039119653567428816,
    0.043865346289662016,
    0.049045282599272606,
    0.05445423681654025,
    0.060025411098130046,
    0.06561077776689075,
    0.07116826510196368,
    0.07678845198002168,
    0.08255545261374135,
    0.0885473609139418,
    0.09506037613003601,
    0.10235707174854655,
    0.11045910591130595,
    0.11938596219552351,
    0.12915510699873278,
    0.14136940429888636,
    0.156871613776627,
    0.1745895906052024,
    0.19351709440557457,
    0.2127097909684464,
    0.233298803631856,
    0.2563588147775489,
    0.28094852374461365,
    0.3061819676085652,
    0.3312253237582892,
    0.3558840449448494,
    0.3803589361841851,
    0.40450530241757965,
    0.42843036448082145,
    0.4519892111247842,
    0.47565071507763157,
    0.4995092046595174,
    0.5228464348219759,
    0.5449836223183446,
    0.5652793520457505,
    0.5841466572408549,
    0.6023907975517991,
    0.6199868160756201,
    0.6369113976204237,
    0.6531427796745631,
    0.6689317353234723,
    0.6844430825210412,
    0.6995330098409719,
    0.7140650962342429,
    0.7279099491084005,
    0.7412633627325216,
    0.7543207733732066,
    0.7669619567561569,
    0.7790726427920074,
    0.7905442352608837,
    0.8014578806669315,
    0.8119398188433189,
    0.821954612605318,
    0.8314686533171116,
    0.8404500759901439,
    0.8488915453143552,
    0.8569656398648939,
    0.8646719396373801,
    0.8720101844262882,
    0.87898026482591,
    0.8857192906230452,
    0.8923459386779662,
    0.8988334846718857,
    0.9051563977881949,
    0.9112902903780448,
    0.9171911429776864,
    0.9228089134597081,
    0.9281121010332039,
    0.9330706133586171,
    0.9376557085082956,
    0.9419141543299479,
    0.9459329979307803,
    0.9497439639658113,
    0.9533775730144324,
    0.9568631874649685,
    0.9595426522352355,
    0.9621464172414471,
    0.9647004997954397,
    0.9672299242300977,
    0.9697587590367107,
    0.9715825312826638,
    0.9733703388987609,
    0.9751222991402392,
    0.9768385344257196,
    0.978519172030494,
    0.9801643437944962,
    0.9817741858442254,
    0.9833488383279455,
    0.9848884451635131,
    0.9863931537982165,
    0.9864926461064727,
    0.986592138414729,
    0.9866916307229852,
    0.9867911230312414,
    0.9868906153394976,
    0.9869901076477537,
    0.9870895999560101,
    0.9871890922642663,
    0.9872885845725226,
    0.9873880768807789,
    0.987487569189035,
    0.9875870614972913,
    0.9876865538055475,
    0.9877860461138036,
    0.98788553842206,
    0.9879850307303162,
    0.9880845230385724,
    0.9881840153468288,
    0.9882835076550849,
    0.9883829999633411,
    0.9884824922715973,
    0.9885819845798535,
    0.9886814768881098,
    0.988780969196366,
    0.9888804615046223,
    0.9889799538128786,
    0.9890794461211347,
    0.989178938429391,
    0.9892784307376472,
    0.9893779230459033,
    0.9894774153541597,
    0.9895769076624159,
    0.9896763999706721,
    0.9897758922789285,
    0.9898753845871846,
    0.9899748768954408,
    0.9900743692036971,
    0.9901738615119532,
    0.9902733538202095,
    0.9903728461284658,
    0.990472338436722,
    0.9905718307449783,
    0.9906713230532345,
    0.9907708153614907,
    0.9908703076697469,
    0.990969799978003,
    0.9910692922862594,
    0.9911687845945156,
    0.9912682769027719,
    0.9913677692110282,
    0.9914672615192843,
    0.9915667538275406,
    0.9916662461357968,
    0.9917657384440529,
    0.9918652307523093,
    0.9919647230605655,
    0.9920642153688217,
    0.9921637076770781,
    0.9922631999853342,
    0.9923626922935904,
    0.9924621846018467,
    0.9925616769101028,
    0.9926611692183591,
    0.9927606615266154,
    0.9928601538348716,
    0.9929596461431279,
    0.993059138451384,
    0.9931586307596403,
    0.9932581230678965,
    0.9933576153761526,
    0.993457107684409,
    0.9935565999926652,
    0.9936560923009214,
    0.9937555846091778,
    0.9938550769174339,
    0.9939545692256901,
    0.9940540615339464,
    0.9941535538422025,
    0.9942530461504588,
    0.9943525384587151,
    0.9944520307669713,
    0.9945515230752277,
    0.9946510153834838,
    0.99475050769174,
    0.9948499999999962
  ],
  "dry_run": true
}