{
  "percentiles": {
    "10": -5.634,
    "25": 1.1646,
    "50": 6.4683,
    "75": 10.989
  },
  "cdf": [
    0.0504,
    0.0554273425,
    0.0604546851,
    0.0654820276,
    0.0705093702,
    0.0755367127,
    0.0805640553,
    0.0855913978,
    0.0906187404,
    0.0956460829,
    0.1006734255,
    0.1132283871,
    0.1333109677,
    0.1533935484,
    0.173476129,
    0.1935587097,
    0.2235212903,
    0.263363871,
    0.3032064516,
    0.3430490323,
    0.3828916129,
    0.4359075269,
    0.5020967742,
    0.5682860215,
    0.6262419355,
    0.6759645161,
    0.7256870968,
    0.7754096774,
    0.8127822581,
    0.8378048387,
    0.8628274194,
    0.88785
  ],
  "submitted": true
}