{
  "individual_percentiles": [
    {
      "agent": "analyst",
      "percentiles": null,
      "weight": 1.0
    },
    {
      "agent": "historian",
      "percentiles": null,
      "weight": 1.0
    },
    {
      "agent": "contrarian",
      "percentiles": null,
      "weight": 0.8
    }
  ],
  "method": "weighted_average",
  "num_agents": 3,
  "final_percentiles": {
    "1": 26.42857142857143,
    "5": 78.57142857142857,
    "10": 139.2857142857143,
    "15": 225.00000000000003,
    "20": 325.0,
    "25": 425.0,
    "30": 525.0,
    "35": 625.0,
    "40": 725.0,
    "45": 825.0,
    "50": 925.0000000000001,
    "55": 1025.0,
    "60": 1125.0,
    "65": 1225.0,
    "70": 1325.0,
    "75": 1425.0,
    "80": 1525.0,
    "85": 1625.0,
    "90": 1725.0,
    "95": 1825.0000000000002,
    "99": 1925.0000000000002
  },
  "final_cdf": [
    0.0,
    0.0,
    0.0,
    0.0,
    0.0,
    0.0,
    0.0,
    0.0,
    0.0,
    0.0
  ]
}