{
  "distribution": {
    "0": 0.23928571428571432,
    "1": 0.29285714285714287,
    "2": 0.2785714285714286,
    "3": 0.1892857142857143
  },
  "dry_run": true
}