{
  "percentiles": {
    "10": 22540.9715,
    "25": 24047.4879,
    "50": 24625.0254,
    "75": 25316.6679,
    "90": 26301.8414
  },
  "cdf": [
    0.0504,
    0.050888898360000004,
    0.0513777968,
    0.05186669516,
    0.05235559354,
    0.05284449192,
    0.053333390339999995,
    0.05382228872,
    0.054311187080000004,
    0.0548000855,
    0.055288983879999996,
    0.05577788224,
    0.05626678064,
    0.05675567903999999,
    0.057244577399999996,
    0.0577334758,
    0.0582223742,
    0.058711272599999996,
    0.059200170960000006,
    0.05968906934,
    0.06017796775999999,
    0.06066686612000001,
    0.0611557645,
    0.06164466292,
    0.062133561280000006,
    0.06262245967999999,
    0.06311135804000001,
    0.06360025644,
    0.06408915484,
    0.06457805322000001,
    0.0650669516,
    0.06555585,
    0.06604474838,
    0.06653364676,
    0.06702254515999999,
    0.06751144354000001,
    0.06800034192000001,
    0.06848924028,
    0.06897813872,
    0.06946703709999999,
    0.06995593546000001,
    0.07044483388,
    0.07093373226000001,
    0.07142263064,
    0.071911529,
    0.07240042742,
    0.0728893258,
    0.07337822415999999,
    0.07386712258,
    0.07435602096,
    0.07484491934,
    0.07533381772,
    0.07582271614,
    0.0763116145,
    0.07680051287999999,
    0.0772894113,
    0.07777830968,
    0.07826720804000001,
    0.07875610642,
    0.07924500484,
    0.0797339032,
    0.08022280159999999,
    0.08071170002,
    0.08120059838,
    0.08168949676,
    0.08217839514,
    0.08266729354,
    0.08315619192,
    0.08364509029999999,
    0.08413398872,
    0.08462288708,
    0.08511178548000001,
    0.08560068386,
    0.08608958225999999,
    0.08657848062,
    0.08706737902000002,
    0.08755627742,
    0.08804517580000001,
    0.08853407418,
    0.08902297254,
    0.08951187096,
    0.09000076934000001,
    0.09048966774000002,
    0.09097856614,
    0.0914674645,
    0.0919563629,
    0.09244526126,
    0.09293415965999999,
    0.09342305806000001,
    0.09391195641999998,
    0.0944008548,
    0.09488975322000001,
    0.09537865158,
    0.09586754998,
    0.0963564484,
    0.09684534678,
    0.09733424514000001,
    0.0978231435,
    0.09831204194,
    0.0988009403,
    0.09928983865999999,
    0.0997787371,
    0.10026763546000002,
    0.10075653384000001,
    0.10124543224,
    0.10173433064,
    0.10222322901999999,
    0.10271212737999999,
    0.10320102581999999,
    0.10368992418,
    0.10417882254,
    0.10476735488,
    0.10850418802000002,
    0.11389166168,
    0.12434574688,
    0.13677580774,
    0.15009136174,
    0.16340691578,
    0.1767224698,
    0.19003802384,
    0.20772589264,
    0.22934916736000002,
    0.26116082744,
    0.29310175532000005,
    0.32504268316,
    0.35698361106,
    0.38512911118000004,
    0.41406074035999996,
    0.44923360448,
    0.48571123695999996,
    0.5221888694800001,
    0.55866650196,
    0.59313548196,
    0.6199257531400001,
    0.6430488482400001,
    0.6659801742199999,
    0.6889115002199999,
    0.7118428262,
    0.73477415218,
    0.7577054782,
    0.7800991514,
    0.8005738933,
    0.81735008504,
    0.83255694922,
    0.84685513688,
    0.86115332454,
    0.86944852774,
    0.87673717636,
    0.8840258249799999,
    0.8913144735999999,
    0.8948272040999999,
    0.89759139654,
    0.9003555889599999,
    0.9022710221199999,
    0.9032780216199999,
    0.90428502112,
    0.9052920206599999,
    0.9062990201999999,
    0.90730601974,
    0.9083130192399999,
    0.9093200187999999,
    0.9103270183400001,
    0.91133401788,
    0.91234101742,
    0.91334801692,
    0.9143550164600001,
    0.9153620159999999,
    0.9163690155399999,
    0.91737601504,
    0.91838301454,
    0.91939001408,
    0.92039701362,
    0.9214040131599999,
    0.9224110126999999,
    0.9234180122,
    0.92442501174,
    0.9254320113000001,
    0.92643901084,
    0.92744601038,
    0.9284530098799999,
    0.92946000942,
    0.93046700892,
    0.9314740084600001,
    0.9324810079600001,
    0.9334880074999999,
    0.93449500704,
    0.9355020065799999,
    0.93650900612,
    0.93751600562,
    0.9385230051600001,
    0.9395300047000001,
    0.94053700424,
    0.9415440038,
    0.9425510033,
    0.9435580028,
    0.9445650023399998,
    0.9455720018800001,
    0.94657900142,
    0.94758600092,
    0.9485930004600001,
    0.9496
  ],
  "submitted": true
}