{
  "num_valid_cdfs": 5,
  "method": "weighted_average",
  "final_cdf_length": 201,
  "final_cdf_sample": [
    0.0504,
    0.051262400660000006,
    0.05212480126,
    0.052987201940000006,
    0.05384960258,
    0.94685562826,
    0.94754172122,
    0.94822781414,
    0.94891390708,
    0.9496
  ]
}