{
  "percentiles": {
    "10": 81.7029,
    "25": 85.7531,
    "50": 87.5936,
    "75": 89.4829,
    "90": 93.1034
  },
  "cdf": [
    0.05045000000000001,
    0.05096914686,
    0.0514882937,
    0.052007440599999996,
    0.05252658744000001,
    0.05304573428,
    0.05356488114,
    0.05408402799999999,
    0.05460317482,
    0.05512232172,
    0.05564146858,
    0.056160615420000004,
    0.05667976226,
    0.05719890910000001,
    0.05771805595999999,
    0.05823720285999999,
    0.05875634968,
    0.05927549653999999,
    0.0597946434,
    0.06031379024,
    0.06083293712,
    0.061352083999999994,
    0.06187123082,
    0.06239037768,
    0.06290952452000001,
    0.06342867138,
    0.06394781826,
    0.06446696512,
    0.06498611194000001,
    0.06550525882,
    0.06602440566,
    0.0665435525,
    0.06706269938000001,
    0.06758184626,
    0.06810099308,
    0.06862013994,
    0.06913928678,
    0.06965843368,
    0.07017758052,
    0.07069672736,
    0.07121587424,
    0.07173502108,
    0.07225416791999999,
    0.0727733148,
    0.07329246168,
    0.07381160849999999,
    0.07433075536,
    0.07484990220000001,
    0.07536904906,
    0.07588819594,
    0.07640734280000001,
    0.07692648962,
    0.0774456365,
    0.07796478334000001,
    0.07848393022,
    0.07900307706000001,
    0.07952222394,
    0.08004137076,
    0.08056051762,
    0.08107966448000001,
    0.08159881136,
    0.0821179582,
    0.08263710506000001,
    0.0831562519,
    0.08367539875999999,
    0.08419454558,
    0.08471369247999999,
    0.08523283934,
    0.08575198618,
    0.08627113302,
    0.08679027988,
    0.08730942676,
    0.08782857361999999,
    0.08834772046,
    0.0888668673,
    0.08938601416,
    0.08990516101999999,
    0.09042430788,
    0.09094345475999999,
    0.09146260162,
    0.09198174844,
    0.09250089529999998,
    0.09302004216,
    0.09353918904,
    0.09405833587999998,
    0.09457748274,
    0.09509662958000001,
    0.09561577644,
    0.09613492332,
    0.09665407016000001,
    0.09717321702,
    0.09769236385999999,
    0.0982115107,
    0.09873065755999999,
    0.09924980444,
    0.0997689513,
    0.10028809813999999,
    0.100807245,
    0.10352546244000001,
    0.10661019166,
    0.10969492084000002,
    0.11277965008000002,
    0.11586437928000001,
    0.11894910848,
    0.12203383768000002,
    0.12511856691999998,
    0.1282032961,
    0.13128802532,
    0.13437275452000003,
    0.13840744426,
    0.14370874802,
    0.14901005182,
    0.15776017607999998,
    0.16909691574000002,
    0.18043365542,
    0.19177039508,
    0.20503617436,
    0.21974873333999997,
    0.2384172923,
    0.25807122858000003,
    0.27968142858,
    0.30129162858,
    0.32487982858,
    0.34879769524,
    0.37271556192,
    0.39663342858000006,
    0.42055129524,
    0.44466182423999995,
    0.46992832728000006,
    0.49711788586,
    0.52430744444,
    0.5514970030199999,
    0.5786865616,
    0.6058761202199999,
    0.63103696084,
    0.6525630151599999,
    0.6727704028,
    0.69297779044,
    0.71318517808,
    0.73339256574,
    0.7518017715599999,
    0.76450784286,
    0.7755836943799999,
    0.78665954588,
    0.7977353974000001,
    0.80881124892,
    0.8190921147800001,
    0.8273855165399999,
    0.8356789183,
    0.84307751052,
    0.8492830233800002,
    0.85548853626,
    0.8611665824399999,
    0.86644902866,
    0.87173147486,
    0.8762721710600001,
    0.88051616726,
    0.88476016346,
    0.88900415966,
    0.89324815584,
    0.8974921520599999,
    0.9017361482399998,
    0.9059801444399997,
    0.9102241406400001,
    0.9144681368400001,
    0.91871213304,
    0.92239569592,
    0.9246781754400001,
    0.9269606549399999,
    0.9292431345200001,
    0.9315256140199999,
    0.9338080935399999,
    0.9360905731200001,
    0.9383730526399999,
    0.9406555321599999,
    0.9429380117200001,
    0.94522049124,
    0.9475029707399999,
    0.9497854503200001,
    0.9520679298200001,
    0.9543504093399999,
    0.9566328889000001,
    0.9589153684199999,
    0.96119784794,
    0.9634803274999999,
    0.96576280702,
    0.96804528652,
    0.9703277661000002,
    0.9726102456,
    0.9748927251199999,
    0.97717520468,
    0.97945768422,
    0.98174016374,
    0.9840226433,
    0.9863051228199999,
    0.98858760232,
    0.9908700819,
    0.9931525614,
    0.99543504092,
    0.99771752048,
    1.0
  ],
  "submitted": true
}