{
  "percentiles": {
    "1": 14.0,
    "5": 14.25,
    "10": 14.25000001,
    "20": 14.5,
    "40": 14.50000001,
    "60": 14.75,
    "80": 14.75000001,
    "90": 15.0,
    "95": 15.00000001,
    "99": 15.000000020000002
  },
  "cdf_length": 201,
  "error": null
}