{
  "num_valid_cdfs": 5,
  "method": "weighted_average",
  "final_cdf_length": 201,
  "final_cdf_sample": [
    0.01,
    0.010099491844097244,
    0.010198983688194488,
    0.010298475532291733,
    0.010397967376388978,
    0.9935520326236083,
    0.9936515244677053,
    0.9937510163118027,
    0.9938505081558999,
    0.993949999999997
  ]
}