{
  "distribution": {
    "0": 0.13953488372093023,
    "1": 0.7674418604651162,
    "2": 0.08527131782945736,
    "3+": 0.007751937984496124
  },
  "weight": 1.0
}