{
  "distribution": {
    "Increases": 0.17600000000000002,
    "Doesn't change": 0.18000000000000002,
    "Decreases": 0.644
  },
  "submitted": true
}