{
  "individual_probabilities": [
    [
      0.009980039920159682,
      0.8183632734530939,
      0.09980039920159682,
      0.06986027944111778,
      0.0009980039920159682,
      0.0009980039920157462
    ],
    [
      0.02,
      0.82,
      0.05,
      0.1,
      0.005,
      0.005
    ],
    [],
    [
      0.04,
      0.72,
      0.1,
      0.12,
      0.01,
      0.01
    ],
    [
      0.02,
      0.85,
      0.05,
      0.06,
      0.01,
      0.01
    ]
  ],
  "weights": [
    1.0,
    1.0,
    1.0,
    1.0,
    1.0
  ],
  "method": "weighted_average",
  "final_probabilities": [
    0.022495009980039924,
    0.8020908183632735,
    0.07495009980039921,
    0.08746506986027945,
    0.006499500998003992,
    0.0064995009980039365
  ]
}