{
  "individual_predictions": [
    {
      "agent": "analyst",
      "prediction": 0.16699999999999998,
      "weight": 1.0
    },
    {
      "agent": "historian",
      "prediction": 0.225,
      "weight": 1.0
    },
    {
      "agent": "contrarian",
      "prediction": 0.16699999999999998,
      "weight": 0.8
    }
  ],
  "method": "weighted_average",
  "mean": 0.18633333333333332,
  "median": 0.16699999999999998,
  "std_dev": 0.03348631561299831,
  "min": 0.16699999999999998,
  "max": 0.225,
  "final": 0.18771428571428575
}