{
  "num_valid_cdfs": 5,
  "method": "weighted_average",
  "final_cdf_length": 201,
  "final_cdf_sample": [
    0.0,
    9.949586587904558e-05,
    0.00019899173175809117,
    0.0002984875976371368,
    0.0003979834635161824,
    0.991402016536483,
    0.9915015124023621,
    0.991601008268241,
    0.99170050413412,
    0.9917999999999992
  ]
}