{
  "individual_probabilities": [
    [
      0.1,
      0.2,
      0.7
    ],
    [
      0.28,
      0.04,
      0.68
    ],
    [
      0.12,
      0.28,
      0.6
    ],
    [
      0.2,
      0.23,
      0.57
    ],
    [
      0.18,
      0.15,
      0.67
    ]
  ],
  "weights": [
    1.0,
    1.0,
    1.0,
    1.0,
    1.0
  ],
  "method": "weighted_average",
  "final_probabilities": [
    0.17600000000000002,
    0.18000000000000002,
    0.644
  ]
}