{
  "individual_percentiles": [
    {
      "agent": "analyst",
      "percentiles": null,
      "weight": 1.0
    },
    {
      "agent": "historian",
      "percentiles": null,
      "weight": 1.0
    },
    {
      "agent": "contrarian",
      "percentiles": null,
      "weight": 0.8
    }
  ],
  "method": "weighted_average",
  "num_agents": 3,
  "final_percentiles": {
    "1": 112.85714285714286,
    "5": 115.57142857142858,
    "10": 117.57142857142857,
    "15": 118.92857142857143,
    "20": 120.28571428571429,
    "25": 121.2857142857143,
    "30": 122.64285714285714,
    "35": 123.64285714285715,
    "40": 124.64285714285715,
    "45": 125.64285714285715,
    "50": 126.64285714285715,
    "55": 127.64285714285714,
    "60": 128.64285714285714,
    "65": 129.64285714285714,
    "70": 130.64285714285717,
    "75": 131.64285714285717,
    "80": 132.64285714285714,
    "85": 133.64285714285714,
    "90": 134.64285714285714,
    "95": 136.64285714285717,
    "99": 139.64285714285714
  },
  "final_cdf": [
    1.0,
    1.0,
    1.0,
    1.0,
    1.0,
    1.0,
    1.0,
    1.0,
    1.0,
    1.0
  ]
}