{
  "percentiles": {
    "10": 3.2434,
    "25": 3.3844,
    "50": 3.4891,
    "75": 3.5919,
    "90": 3.846
  },
  "cdf": [
    0.0504,
    0.05191278058,
    0.053425561219999994,
    0.0549383418,
    0.056451122379999996,
    0.057963903000000004,
    0.05947668358,
    0.06098946415999999,
    0.06250224478000001,
    0.06401502538,
    0.06552780597999999,
    0.06704058657999999,
    0.06855336718,
    0.07006614778,
    0.07157892838,
    0.07309170895999999,
    0.07460448956,
    0.07611727015999999,
    0.07763005074,
    0.07914283136000001,
    0.08065561194,
    0.08216839254000001,
    0.08368117315999998,
    0.08519395374000001,
    0.08670673432,
    0.08821951494,
    0.08973229551999999,
    0.09124507613999999,
    0.09275785672,
    0.09427063731999999,
    0.09636804514,
    0.09972714106,
    0.1042401647,
    0.10993024486,
    0.11570107500000001,
    0.12336953014,
    0.13103798530000002,
    0.13870644043999997,
    0.14637489558,
    0.15404335074000003,
    0.16171180588,
    0.17013810192,
    0.17929192528,
    0.19084953888,
    0.20752823305999998,
    0.22517355220000002,
    0.24281887136,
    0.26046419054,
    0.27810950968000003,
    0.29772894748,
    0.317589499,
    0.3374500505,
    0.35731060202,
    0.37796800476000003,
    0.40094150476,
    0.42635207142000003,
    0.45253657142000003,
    0.47872107142000003,
    0.5050237936399999,
    0.53246197698,
    0.5617032603000001,
    0.5853010347200001,
    0.6083971639,
    0.6314932930399999,
    0.65251462222,
    0.6724337139,
    0.69235280554,
    0.7122718972200002,
    0.73207023334,
    0.75013873704,
    0.76252038152,
    0.7729548426400001,
    0.78338930378,
    0.7938237649,
    0.80425822604,
    0.81469268718,
    0.8251271483,
    0.8340739926199999,
    0.8419948943000002,
    0.84903688764,
    0.85483976432,
    0.8599779736200001,
    0.86298924722,
    0.8660005208199999,
    0.8690117944400001,
    0.8720230680600001,
    0.8750343416799999,
    0.8780456152599999,
    0.8810568888800001,
    0.8840681625,
    0.8870794361000002,
    0.8900907097199999,
    0.8925990718,
    0.89418865328,
    0.8957782346800001,
    0.8973678161199998,
    0.8989573975399999,
    0.9005469790000001,
    0.9011208083,
    0.90159609448,
    0.90207138068,
    0.9025466669000002,
    0.90302195308,
    0.90349723926,
    0.9039725254600001,
    0.9044478116599999,
    0.90492309784,
    0.9053983840400001,
    0.9058736702400001,
    0.9063489564600001,
    0.9068242426199999,
    0.90729952882,
    0.907774815,
    0.9082501012199999,
    0.9087253874,
    0.9092006736,
    0.9096759598,
    0.9101512459800001,
    0.9106265321799999,
    0.91110181834,
    0.9115771045400001,
    0.9120523907200001,
    0.9125276769199999,
    0.91300296314,
    0.91347824932,
    0.9139535355199999,
    0.9144288217,
    0.9149041079,
    0.91537939408,
    0.91585468028,
    0.9163299665,
    0.91680525268,
    0.91728053888,
    0.9177558250600001,
    0.9182311112599999,
    0.91870639744,
    0.9191816836400001,
    0.9196569698199999,
    0.9201322560399999,
    0.92060754224,
    0.92108282842,
    0.9215581146000001,
    0.9220334008,
    0.922508687,
    0.92298397316,
    0.9234592593800001,
    0.9239345456000001,
    0.92440983178,
    0.92488511796,
    0.9253604041399999,
    0.9258356903599999,
    0.9263109765399999,
    0.92678626272,
    0.92726154892,
    0.9277368351199999,
    0.92821212132,
    0.92868740748,
    0.92916269368,
    0.9296379798800001,
    0.93011326608,
    0.93058855226,
    0.9310638384599998,
    0.9315391246799999,
    0.9320144108600001,
    0.9324896970400001,
    0.93296498322,
    0.9334402694399999,
    0.93391555564,
    0.93439084182,
    0.93486612802,
    0.9353414142200001,
    0.93581670042,
    0.9362919865799999,
    0.93676727278,
    0.9372425589800001,
    0.9377178451799999,
    0.93819313136,
    0.93866841756,
    0.9391437037799999,
    0.9396189899399999,
    0.94009427614,
    0.94056956232,
    0.94104484856,
    0.94152013472,
    0.9419954209,
    0.9424707071,
    0.9429459933000001,
    0.9434212794800001,
    0.9438965656599999,
    0.9443718518800001,
    0.9448471380800001,
    0.9453224242599999,
    0.9457977104400002,
    0.94627299664,
    0.94674828286,
    0.9472235690199999,
    0.9476988552199999,
    0.94817414142,
    0.94864942764,
    0.9491247138000001,
    0.9496
  ],
  "submitted": true
}