{
  "percentiles": {
    "10": -0.8343,
    "25": 3.6367,
    "50": 3.8676,
    "75": 4.0991,
    "90": 12.7376
  },
  "cdf": [
    0.0504,
    0.051888362859999995,
    0.05337672572,
    0.054865088539999995,
    0.0563534514,
    0.05784181426,
    0.05933017712000001,
    0.060818539979999996,
    0.06230690280000001,
    0.06379526566,
    0.06528362852,
    0.06677199137999998,
    0.06826035424,
    0.06974871705999999,
    0.07123707994000002,
    0.07272544278000001,
    0.07421380563999999,
    0.0757021685,
    0.07719053132,
    0.07867889417999999,
    0.08016725703999998,
    0.0816556199,
    0.08314398277999999,
    0.08463234564,
    0.08612070846,
    0.0876090713,
    0.08909743416,
    0.09058579702,
    0.09207415987999999,
    0.09356252268000001,
    0.09505088554,
    0.09653924842,
    0.09802761128,
    0.09951597414,
    0.10100433696,
    0.1024926998,
    0.10398106266,
    0.10546942551999998,
    0.10695778837999999,
    0.10844615120000001,
    0.10993451407999999,
    0.11142287694,
    0.11291123980000002,
    0.11439960266,
    0.11588796548,
    0.11737632832,
    0.11886469117999998,
    0.12035305404,
    0.12184141690000001,
    0.12332977974,
    0.12481814259999999,
    0.12630650546,
    0.12779486831999998,
    0.12928323118,
    0.13077159398,
    0.13225995683999997,
    0.1337483197,
    0.13523668258,
    0.13672504544,
    0.13821340826,
    0.13970177112,
    0.14119013397999997,
    0.14267849684,
    0.1441668597,
    0.14565522254,
    0.14714358536,
    0.15509812712,
    0.17275193709999997,
    0.19040574711999997,
    0.2397239805,
    0.34935534138,
    0.5094820348,
    0.66631539488,
    0.7718198091,
    0.80865875034,
    0.82376092954,
    0.83886310878,
    0.8445926710399998,
    0.8454463891799999,
    0.8463001073199999,
    0.8471538254400001,
    0.84800754354,
    0.8488612616600001,
    0.8497149798200001,
    0.85056869792,
    0.8514224160399999,
    0.8522761341399999,
    0.8531298523,
    0.8539835704,
    0.8548372885200001,
    0.8556910066200001,
    0.85654472478,
    0.8573984428799999,
    0.8582521609799999,
    0.8591058791,
    0.8599595972399999,
    0.86081331536,
    0.8616670334600001,
    0.8625207516,
    0.8633744697200001,
    0.8642281878399999,
    0.86508190598,
    0.8659356240999999,
    0.8667893422399999,
    0.86764306034,
    0.86849677846,
    0.8693504965800001,
    0.87020421472,
    0.87105793284,
    0.8719116509399999,
    0.8727653690799999,
    0.87361908718,
    0.8744728053199999,
    0.8753265234200001,
    0.87618024156,
    0.87703395966,
    0.8778876778000001,
    0.8787413959199999,
    0.87959511404,
    0.8804488321599999,
    0.88130255028,
    0.8821562683999999,
    0.88300998652,
    0.8838637046400001,
    0.88471742276,
    0.8855711409,
    0.8864248590199999,
    0.88727857712,
    0.8881322952599999,
    0.8889860133799999,
    0.8898397315000001,
    0.8906934496,
    0.8915471677400001,
    0.8924008858800001,
    0.89325460398,
    0.8941083220999999,
    0.8949620402199999,
    0.89581575836,
    0.89666947646,
    0.8975231945800001,
    0.8983769127000001,
    0.89923063084,
    0.9000843489600001,
    0.9009380670599999,
    0.90179178518,
    0.9026455033399999,
    0.9034992214600001,
    0.9043529395600001,
    0.90520665768,
    0.9060603758199999,
    0.90691409394,
    0.90776781206,
    0.9086215301799999,
    0.90947524832,
    0.9103289664,
    0.91118268452,
    0.9120364026399999,
    0.91289012078,
    0.9137438389,
    0.9145975570000001,
    0.91545127514,
    0.91630499326,
    0.9171587113799999,
    0.9180124294799998,
    0.91886614762,
    0.91971986574,
    0.9205735838600001,
    0.921427302,
    0.9222810201200001,
    0.9231347382599999,
    0.92398845636,
    0.92484217448,
    0.9256958926,
    0.9265496107200001,
    0.92740332884,
    0.92825704698,
    0.9291107651000001,
    0.9299644831999998,
    0.9308182013399999,
    0.93167191946,
    0.9325256375800001,
    0.93337935568,
    0.93423307382,
    0.9350867919400001,
    0.93594051006,
    0.9367942281599999,
    0.9376479462799999,
    0.93850166442,
    0.93935538252,
    0.94020910066,
    0.9410628187800001,
    0.94191653692,
    0.9427702550399999,
    0.94362397314,
    0.94447769128,
    0.9453314093999999,
    0.9461851275200001,
    0.9470388456200001,
    0.94789256376,
    0.9487462818800001,
    0.9496
  ],
  "submitted": true
}