{
  "num_valid_cdfs": 5,
  "method": "weighted_average",
  "final_cdf_length": 201,
  "final_cdf_sample": [
    0.0504,
    0.050871920839999994,
    0.051343841720000005,
    0.05181576258,
    0.05228768345999999,
    0.7990526984199999,
    0.80528523808,
    0.81151777778,
    0.8177503174800002,
    0.8239828571400001
  ]
}