{
  "percentiles": {
    "1": 0.010198874655980312,
    "5": 0.01099437327990156,
    "10": 0.01198874655980312,
    "25": 0.014971866399507799,
    "50": 0.019943732799015658,
    "75": 0.11917130644134652,
    "90": 0.510925188048382,
    "95": 0.7608104745656818,
    "99": 0.9086621707354074
  },
  "cdf": [
    0.01,
    0.010099437327990155,
    0.010198874655980312,
    0.010298311983970469,
    0.010397749311960625,
    0.010497186639950782,
    0.010596623967940937,
    0.010696061295931094,
    0.010795498623921249,
    0.010894935951911404,
    0.01099437327990156,
    0.011093810607891717,
    0.011193247935881872,
    0.011292685263872029,
    0.011392122591862185,
    0.011491559919852342,
    0.011590997247842497,
    0.011690434575832652,
    0.011789871903822809,
    0.011889309231812965,
    0.01198874655980312,
    0.012088183887793277,
    0.012187621215783432,
    0.012287058543773589,
    0.012386495871763745,
    0.0124859331997539,
    0.012585370527744055,
    0.012684807855734212,
    0.012784245183724369,
    0.012883682511714525,
    0.012983119839704679,
    0.013082557167694835,
    0.013181994495684992,
    0.013281431823675147,
    0.013380869151665304,
    0.01348030647965546,
    0.013579743807645617,
    0.013679181135635774,
    0.013778618463625927,
    0.013878055791616084,
    0.01397749311960624,
    0.014076930447596395,
    0.014176367775586552,
    0.014275805103576709,
    0.014375242431566865,
    0.014474679759557022,
    0.014574117087547175,
    0.014673554415537332,
    0.014772991743527489,
    0.014872429071517642,
    0.014971866399507799,
    0.015071303727497955,
    0.015170741055488112,
    0.015270178383478269,
    0.015369615711468424,
    0.01546905303945858,
    0.015568490367448737,
    0.015667927695438892,
    0.01576736502342905,
    0.015866802351419206,
    0.015966239679409362,
    0.01606567700739952,
    0.01616511433538968,
    0.016264551663379836,
    0.016363988991369992,
    0.01646342631936015,
    0.01656286364735031,
    0.016662300975340466,
    0.016761738303330623,
    0.01686117563132078,
    0.01696061295931094,
    0.017060050287301096,
    0.017159487615291253,
    0.01725892494328141,
    0.01735836227127157,
    0.017457799599261727,
    0.017557236927251883,
    0.01765667425524204,
    0.017756111583232197,
    0.017855548911222353,
    0.01795498623921251,
    0.018054423567202667,
    0.018153860895192827,
    0.018253298223182984,
    0.01835273555117314,
    0.018452172879163297,
    0.018551610207153457,
    0.018651047535143614,
    0.01875048486313377,
    0.018849922191123927,
    0.018949359519114087,
    0.019048796847104244,
    0.0191482341750944,
    0.019247671503084558,
    0.019347108831074718,
    0.019446546159064874,
    0.01954598348705503,
    0.019645420815045188,
    0.019744858143035345,
    0.0198442954710255,
    0.019943732799015658,
    0.020043170127005815,
    0.020142607454995975,
    0.02024204478298613,
    0.020464829108174452,
    0.020923572693347752,
    0.021423559307563782,
    0.021961314140106367,
    0.022533362380259405,
    0.023136229217306733,
    0.023766439840532252,
    0.02442051943921978,
    0.025094993202653237,
    0.025786386320116435,
    0.02649122398089328,
    0.0272060313742676,
    0.02792733368952329,
    0.028661487050523314,
    0.029491232769075282,
    0.030426783375810895,
    0.031456645773439165,
    0.03256932686466918,
    0.033753333552209934,
    0.034997172738770545,
    0.036289351327059974,
    0.03761837621978732,
    0.03897275431966168,
    0.04036189996951149,
    0.041812851869165835,
    0.043328011147791806,
    0.04490955136228879,
    0.04655964606955592,
    0.048395900776936014,
    0.050713129403451504,
    0.05314391360311664,
    0.05568762729528476,
    0.058343644399309544,
    0.06111133883454438,
    0.06432033734852052,
    0.06786170345807573,
    0.07165552530790964,
    0.07567469100878098,
    0.07989321123783619,
    0.08430415055705541,
    0.08889383572324223,
    0.09364298000545226,
    0.09853229667274052,
    0.10354249899416264,
    0.10865430023877361,
    0.11385946326665333,
    0.11917130644134652,
    0.12457240559746788,
    0.1301337679253854,
    0.13601603540943383,
    0.14218643195065278,
    0.14860595370882526,
    0.15523559684373506,
    0.1620363575151651,
    0.16896923188289925,
    0.1759948302039202,
    0.18306969689746191,
    0.1903407021132976,
    0.19873166776684878,
    0.20737527624504454,
    0.2162816236666214,
    0.22547915464642615,
    0.23528842837722835,
    0.24587688544319497,
    0.25707065508676347,
    0.2686986454463371,
    0.28074327214125605,
    0.29340857094353107,
    0.3081329713548545,
    0.3270867095741724,
    0.35039282766908786,
    0.37914017317478865,
    0.40749432360036886,
    0.4348241750824281,
    0.4600515607538965,
    0.48503020212092735,
    0.510925188048382,
    0.5374591476833308,
    0.5642019077395656,
    0.5907343318282893,
    0.616714994424217,
    0.6422080973100767,
    0.6672456049282457,
    0.6916137217239595,
    0.7151935714818137,
    0.7381381954980327,
    0.7608104745656818,
    0.7831613602559717,
    0.805198408404031,
    0.8282974767864051,
    0.8484093198513675,
    0.8651868320576982,
    0.8799836065878957,
    0.894665870437028,
    0.9086621707354074,
    0.918459633959247,
    0.9234650693283474
  ],
  "dry_run": true
}