{
  "individual_probabilities": [
    [
      0.07,
      0.33,
      0.6
    ],
    [
      0.08,
      0.42,
      0.5
    ],
    [
      0.09,
      0.41,
      0.5
    ],
    [
      0.12,
      0.43,
      0.45
    ],
    [
      0.07,
      0.38,
      0.55
    ]
  ],
  "weights": [
    1.0,
    1.0,
    1.0,
    1.0,
    1.0
  ],
  "method": "weighted_average",
  "final_probabilities": [
    0.086,
    0.39399999999999996,
    0.5200000000000001
  ]
}