{
  "num_valid_cdfs": 5,
  "method": "weighted_average",
  "final_cdf_length": 201,
  "final_cdf_sample": [
    0.01,
    0.010099492560744022,
    0.01019898512148804,
    0.010298477682232063,
    0.010397970242976085,
    0.9949420297570228,
    0.9950415223177668,
    0.9951410148785109,
    0.9952405074392547,
    0.9953399999999988
  ]
}