{
  "num_valid_cdfs": 5,
  "method": "weighted_average",
  "final_cdf_length": 201,
  "final_cdf_sample": [
    0.01,
    0.010099437327990155,
    0.010198874655980312,
    0.010298311983970469,
    0.010397749311960625,
    0.8799836065878957,
    0.894665870437028,
    0.9086621707354074,
    0.918459633959247,
    0.9234650693283474
  ]
}