{
  "num_valid_cdfs": 5,
  "method": "weighted_average",
  "final_cdf_length": 201,
  "final_cdf_sample": [
    0.0,
    0.0032282863599999998,
    0.00645657272,
    0.00968485908,
    0.01291314544,
    0.9477709794199999,
    0.94821573456,
    0.9486604896999999,
    0.9491052448600001,
    0.94955
  ]
}