{
  "distribution": {
    "0": 0.023,
    "1": 0.07900000000000001,
    "2": 0.22800000000000004,
    "3": 0.42000000000000004,
    "4": 0.25
  },
  "submitted": true
}