{
  "percentiles": {
    "10": 3.5366,
    "25": 3.6126,
    "50": 3.65,
    "75": 3.6907,
    "90": 3.7831
  },
  "cdf": [
    0.0504,
    0.05104875446666667,
    0.05169750893333333,
    0.0523462634,
    0.052995017833333324,
    0.0536437723,
    0.05429252676666666,
    0.05494128123333333,
    0.055590035700000005,
    0.05623879016666666,
    0.05688754466666666,
    0.0575362991,
    0.058185053566666665,
    0.058833807999999994,
    0.0594825625,
    0.06013131693333334,
    0.06078007143333333,
    0.061428825900000004,
    0.06207758036666666,
    0.0627263348,
    0.06337508926666667,
    0.06402384373333334,
    0.0646725982,
    0.06532135266666667,
    0.06597010713333333,
    0.06661886160000001,
    0.06726761606666666,
    0.06791637049999999,
    0.06856512499999999,
    0.06921387943333333,
    0.06986263393333333,
    0.07051138836666666,
    0.07116014286666666,
    0.07180889733333334,
    0.07245765176666667,
    0.07310640623333335,
    0.0737551607,
    0.07440391516666665,
    0.07505266963333333,
    0.0757014241,
    0.07635017856666666,
    0.07699893299999999,
    0.07764768749999999,
    0.07829644193333334,
    0.07894519643333332,
    0.07959395086666667,
    0.08024270536666667,
    0.0808914598,
    0.08154021430000001,
    0.08218896869999999,
    0.0828377232,
    0.08348647766666666,
    0.08413523213333333,
    0.08478398660000001,
    0.08543274106666665,
    0.08608149553333333,
    0.08673024996666667,
    0.08737900443333334,
    0.08802775893333332,
    0.08867651336666667,
    0.08932526786666667,
    0.0899740223,
    0.09062277680000001,
    0.09127153119999999,
    0.09192028569999999,
    0.09256904013333334,
    0.0932177946,
    0.09386654909999999,
    0.09451530353333333,
    0.09516405803333335,
    0.09581281246666666,
    0.09646156693333334,
    0.09711032136666665,
    0.09775907586666667,
    0.09840783033333333,
    0.0990565848,
    0.09970533926666665,
    0.10060260056666666,
    0.10561446386666667,
    0.11062632713333333,
    0.11563819046666668,
    0.12335948416666666,
    0.13426972246666666,
    0.1451799607333333,
    0.15609019899999999,
    0.16936703073333334,
    0.1832156136666667,
    0.1999235372,
    0.2166314607333333,
    0.23333938426666667,
    0.2500473078,
    0.2667552313666666,
    0.2955462983666666,
    0.33038241,
    0.37475068633333336,
    0.4205718858333333,
    0.46639308533333335,
    0.5122142848333333,
    0.5580354843333334,
    0.5986790797,
    0.6335151913333333,
    0.6671200063333332,
    0.7001252699333333,
    0.7251322372333333,
    0.7489832609333332,
    0.7728342847,
    0.7942058543,
    0.8090773023333333,
    0.8226379016666666,
    0.8347630777333332,
    0.843989643,
    0.8518428404999999,
    0.8596960379666667,
    0.8675492354333333,
    0.8754024329333333,
    0.8820188474,
    0.8854880096000001,
    0.8889571717666667,
    0.8924263339666667,
    0.8958954961333333,
    0.8993646583333333,
    0.9003137395,
    0.9009376162333332,
    0.9015614929666667,
    0.9021853696333334,
    0.9028092463666667,
    0.9034331230666667,
    0.9040569998,
    0.9046808765000001,
    0.9053047532333333,
    0.9059286299333333,
    0.9065525066333334,
    0.9071763833666667,
    0.9078002600666667,
    0.9084241368,
    0.9090480135,
    0.9096718901999999,
    0.9102957669,
    0.9109196436333334,
    0.9115435204,
    0.9121673971,
    0.9127912738333334,
    0.9134151505,
    0.9140390272333333,
    0.9146629039333334,
    0.9152867806666668,
    0.9159106574,
    0.9165345341000001,
    0.9171584108333333,
    0.9177822875,
    0.9184061642333333,
    0.9190300409333334,
    0.9196539176666666,
    0.9202777943666667,
    0.9209016711000001,
    0.9215255478,
    0.9221494245333334,
    0.9227733012666667,
    0.9233971779666668,
    0.9240210547,
    0.9246449314,
    0.9252688080999999,
    0.9258926848333333,
    0.9265165615333334,
    0.9271404382666667,
    0.9277643149666667,
    0.9283881917,
    0.9290120683666667,
    0.9296359450999999,
    0.9302598218333333,
    0.9308836985333334,
    0.9315075752666667,
    0.9321314519666667,
    0.9327553286666667,
    0.9333792054,
    0.9340030821333333,
    0.9346269588333334,
    0.9352508355666668,
    0.9358747123,
    0.9364985889666667,
    0.9371224657,
    0.9377463424,
    0.9383702191333333,
    0.9389940958333334,
    0.9396179725666668,
    0.9402418492666667,
    0.9408657259666667,
    0.9414896026999999,
    0.9421134794,
    0.9427373561333333,
    0.9433612328333334,
    0.9439851095333333,
    0.9446089862666667,
    0.9452328630000001,
    0.9458567397333333,
    0.9464806164333334,
    0.9471044931666667,
    0.9477283698333334,
    0.9483522465666666,
    0.9489761232666667,
    0.9495999999999999
  ],
  "submitted": true
}