{
  "percentiles": {
    "10": 5.6173,
    "25": 5.7901,
    "50": 5.914,
    "75": 6.0249,
    "90": 6.2934
  },
  "cdf": [
    0.0504,
    0.05140492436000001,
    0.05240984876,
    0.05341477312,
    0.05441969752,
    0.05542462187999999,
    0.05642954626,
    0.05743447064,
    0.05843939501999999,
    0.0594443194,
    0.06044924375999999,
    0.06145416814,
    0.06245909256,
    0.0634640169,
    0.0644689413,
    0.06547386567999999,
    0.06647879004,
    0.06748371442000001,
    0.06848863882,
    0.06949356316,
    0.07049848756,
    0.07150341194,
    0.07250833632,
    0.07351326068,
    0.07451818508,
    0.07552310944,
    0.07652803382,
    0.07753295819999999,
    0.07853788258,
    0.07954280694,
    0.08054773132,
    0.08155265572,
    0.08255758012,
    0.08356250445999999,
    0.08456742886,
    0.08557235324,
    0.0865772776,
    0.08758220200000001,
    0.08858712638,
    0.08959205072000001,
    0.09059697514000001,
    0.0916018995,
    0.09260682388,
    0.09361174826,
    0.09461667264,
    0.09562159699999999,
    0.09760568591999999,
    0.10057209936,
    0.10353851282000001,
    0.10650492626000001,
    0.10947133976000001,
    0.11243775322,
    0.11728941101999998,
    0.12793289178000003,
    0.14010470226,
    0.15399727896,
    0.17017770950000002,
    0.19052794371999998,
    0.21125256574,
    0.23197718776,
    0.25270180978,
    0.27342643178000003,
    0.2941510538,
    0.31780566544,
    0.34347201044,
    0.37224373954,
    0.40194571676000007,
    0.43164769396,
    0.46134967118,
    0.49279787418000004,
    0.52395227012,
    0.55510666604,
    0.58622798016,
    0.61665108838,
    0.6482366757000001,
    0.6790955588200001,
    0.708606142,
    0.73577168246,
    0.7588280773999999,
    0.7754064331999999,
    0.79162404236,
    0.80746908032,
    0.8228412023,
    0.8365315531,
    0.8461780951200002,
    0.8541554617599999,
    0.8621328284600001,
    0.8677602503600002,
    0.8723046272599999,
    0.8768490042,
    0.88139338112,
    0.8859377580600001,
    0.8904821349999998,
    0.89389385308,
    0.8966626237199999,
    0.8985857600199999,
    0.89907160992,
    0.8995574597999999,
    0.90004330976,
    0.9005291596399999,
    0.90101500952,
    0.9015008594600001,
    0.90198670934,
    0.9024725592799999,
    0.90295840918,
    0.9034442590599999,
    0.90393010898,
    0.9044159588800001,
    0.90490180876,
    0.9053876586999999,
    0.9058735085999998,
    0.9063593584999999,
    0.9068452084,
    0.9073310583000002,
    0.90781690818,
    0.9083027581199999,
    0.9087886080399998,
    0.90927445792,
    0.9097603078400001,
    0.91024615772,
    0.9107320076200001,
    0.91121785754,
    0.9117037074399998,
    0.91218955734,
    0.9126754072800001,
    0.91316125714,
    0.9136471070399999,
    0.91413295696,
    0.9146188068600001,
    0.91510465676,
    0.9155905066999999,
    0.91607635656,
    0.9165622065000001,
    0.9170480564,
    0.9175339062799999,
    0.91801975624,
    0.9185056061200001,
    0.91899145602,
    0.9194773059200001,
    0.91996315582,
    0.9204490056999999,
    0.92093485566,
    0.9214207055400001,
    0.92190655544,
    0.9223924053599999,
    0.92287825524,
    0.9233641051200001,
    0.92384995508,
    0.9243358049600001,
    0.92482165486,
    0.9253075047999999,
    0.92579335466,
    0.9262792045599999,
    0.92676505448,
    0.9272509043999999,
    0.92773675428,
    0.9282226042199999,
    0.9287084541,
    0.9291943039799999,
    0.9296801539,
    0.9301660038199999,
    0.9306518537399999,
    0.9311377036399999,
    0.93162355352,
    0.9321094034399999,
    0.9325952533199999,
    0.9330811032399999,
    0.93356695318,
    0.9340528030599999,
    0.93453865296,
    0.9350245028799999,
    0.9355103527599999,
    0.9359962026599999,
    0.9364820526,
    0.93696790248,
    0.9374537523800001,
    0.9379396023000002,
    0.93842545218,
    0.9389113020600002,
    0.93939715202,
    0.9398830019,
    0.9403688518000001,
    0.94085470172,
    0.94134055162,
    0.9418264015,
    0.94231225144,
    0.94279810134,
    0.9432839512600001,
    0.94376980116,
    0.9442556510400001,
    0.94474150098,
    0.94522735086,
    0.94571320076,
    0.94619905068,
    0.94668490058,
    0.94717075046,
    0.9476566003999999,
    0.94814245028,
    0.94862830018,
    0.9491141501,
    0.9496
  ],
  "submitted": true
}