{
  "percentiles": {
    "10": 3.3238,
    "25": 3.4859,
    "50": 3.5682,
    "75": 3.6573,
    "90": 3.8795
  },
  "cdf": [
    0.0504,
    0.051553222600000004,
    0.052706445219999995,
    0.05385966782,
    0.055012890419999995,
    0.056166113000000004,
    0.05731933564,
    0.058472558220000005,
    0.059625780819999995,
    0.06077900346,
    0.061932226019999995,
    0.06308544864,
    0.06423867124,
    0.06539189386000001,
    0.06654511648,
    0.06769833906000002,
    0.06885156168,
    0.07000478428,
    0.07115800688,
    0.0723112295,
    0.07346445212,
    0.0746176747,
    0.07577089728000001,
    0.0769241199,
    0.07807734250000001,
    0.07923056512,
    0.08038378772000002,
    0.08153701034000001,
    0.08269023292,
    0.08384345550000001,
    0.08499667814,
    0.08614990071999999,
    0.08730312334000001,
    0.08845634596,
    0.08960956855999999,
    0.09076279114000001,
    0.09191601374,
    0.09306923636,
    0.09575711230000002,
    0.09862558852,
    0.10149406474,
    0.10436254096,
    0.10723101717999999,
    0.11168671088,
    0.11835052602,
    0.1252134061,
    0.1320762862,
    0.13893916626,
    0.14702079046,
    0.15520468584,
    0.1633885812,
    0.1715724766,
    0.18558889484000002,
    0.20187499636,
    0.21828689006,
    0.23469878374,
    0.25843031082,
    0.28258883968,
    0.30674736854000006,
    0.3309058974,
    0.3613790636,
    0.39404258298,
    0.42774042968000003,
    0.4624317992999999,
    0.5067408648,
    0.5494531247000001,
    0.57925567602,
    0.608698266,
    0.6371715687,
    0.6656233972200001,
    0.69017598494,
    0.71412167226,
    0.7347922548200001,
    0.7554280762600001,
    0.77121203064,
    0.78697184308,
    0.80273165554,
    0.8184592169,
    0.8290152893999998,
    0.83952535648,
    0.84617342544,
    0.8528214944,
    0.85946956334,
    0.8661176323199999,
    0.8727657012600002,
    0.87941377024,
    0.8860618391599999,
    0.8925639664,
    0.89492842336,
    0.89721785186,
    0.89768976312,
    0.89816167432,
    0.8986335855800001,
    0.8991054968400001,
    0.8995774080400001,
    0.9000493193200001,
    0.9005212305400001,
    0.9009931418200001,
    0.9014650530200001,
    0.9019369643000001,
    0.9024088755399999,
    0.9028807868,
    0.9033526980000002,
    0.90382460926,
    0.90429652052,
    0.90476843178,
    0.905240343,
    0.90571225424,
    0.90618416548,
    0.90665607676,
    0.90712798796,
    0.9075998992399998,
    0.9080718104600001,
    0.9085437217399999,
    0.9090156329400001,
    0.9094875441999999,
    0.9099594554799999,
    0.9104313666999999,
    0.9109032779399999,
    0.9113751891799999,
    0.91184710046,
    0.91231901166,
    0.9127909229,
    0.91326283416,
    0.91373474542,
    0.91420665664,
    0.9146785679,
    0.9151504791399999,
    0.9156223904,
    0.9160943016,
    0.91656621288,
    0.9170381241200001,
    0.91751003538,
    0.9179819465800001,
    0.91845385786,
    0.9189257691,
    0.9193976803600001,
    0.9198695915599998,
    0.9203415028199998,
    0.9208134140800001,
    0.9212853253399998,
    0.9217572365600001,
    0.9222291477999999,
    0.9227010590400001,
    0.9231729703200001,
    0.9236448815399999,
    0.9241167928000001,
    0.9245887040399999,
    0.9250606152600002,
    0.92553252652,
    0.92600443778,
    0.92647634904,
    0.92694826022,
    0.9274201715,
    0.92789208274,
    0.92836399402,
    0.92883590522,
    0.92930781648,
    0.9297797277200001,
    0.93025163898,
    0.9307235502000001,
    0.93119546146,
    0.9316673727000001,
    0.93213928396,
    0.93261119518,
    0.9330831064400001,
    0.93355501768,
    0.9340269289600002,
    0.9344988401400001,
    0.9349707514200001,
    0.9354426626600001,
    0.9359145739399999,
    0.9363864851599999,
    0.9368583963799999,
    0.9373303076599999,
    0.9378022188600001,
    0.9382741301399999,
    0.93874604138,
    0.93921795264,
    0.93968986384,
    0.9401617751,
    0.94063368636,
    0.94110559762,
    0.94157750882,
    0.94204942008,
    0.9425213313399998,
    0.9429932425999998,
    0.9434651538000001,
    0.9439370650599999,
    0.9444089763000001,
    0.9448808875799999,
    0.9453527987799999,
    0.9458247100599999,
    0.9462966212799999,
    0.9467685325399999,
    0.9472404437599999,
    0.94771235502,
    0.94818426628,
    0.94865617752,
    0.94912808874,
    0.9496
  ],
  "submitted": true
}