{
  "percentiles": {
    "10": 25406.7347,
    "25": 31107.9366,
    "50": 35133.5208,
    "75": 39043.6542,
    "90": 42869.1898
  },
  "cdf": [
    0.0,
    0.00096076956,
    0.00192153914,
    0.0028823087,
    0.0038430783399999993,
    0.0048038479,
    0.00576461746,
    0.00672538704,
    0.007686156599999999,
    0.008646926179999999,
    0.00960769574,
    0.010568465360000001,
    0.01152923494,
    0.0124900045,
    0.01345077408,
    0.01441154364,
    0.01537231322,
    0.01633308278,
    0.0172938524,
    0.018254621980000003,
    0.019215391539999998,
    0.02017616112,
    0.021136930680000002,
    0.022097700239999997,
    0.02305846982,
    0.02401923944,
    0.024980009020000003,
    0.02594077858,
    0.02690154814,
    0.027862317719999995,
    0.02882308728,
    0.029783856860000003,
    0.03074462648,
    0.03170539604,
    0.03266616562,
    0.03362693518,
    0.03458770476,
    0.03554847432,
    0.03650924388,
    0.03747001352,
    0.038430783079999996,
    0.03939155266,
    0.04035232222,
    0.0413130918,
    0.042273861360000005,
    0.043234630919999996,
    0.04419540056,
    0.04515617011999999,
    0.0461169397,
    0.04707770926,
    0.048038478819999994,
    0.0489992484,
    0.049960017960000005,
    0.050920787599999996,
    0.05188155716,
    0.05284232672,
    0.0538030963,
    0.05476386586,
    0.05572463543999999,
    0.056685405,
    0.057646174620000004,
    0.0586069442,
    0.05956771376000001,
    0.06052848334000001,
    0.0614892529,
    0.06245002246,
    0.06341079204,
    0.06437156165999999,
    0.06533233124,
    0.0662931008,
    0.06725387038,
    0.06821463993999999,
    0.06917540949999999,
    0.07013617908,
    0.07109694870000001,
    0.07205771827999999,
    0.07301848784000001,
    0.0739792574,
    0.07494002698,
    0.07590079654000001,
    0.07686156612000002,
    0.07782233574,
    0.0787831053,
    0.07974387488,
    0.08070464444,
    0.08166541402000001,
    0.08262618358,
    0.08358695314,
    0.08454772278,
    0.08550849233999999,
    0.08646926192,
    0.08743003148,
    0.08839080104,
    0.08935157062000001,
    0.09031234018,
    0.09127310982,
    0.09223387938,
    0.09319464896000001,
    0.09415541852,
    0.09511618808,
    0.09607695765999999,
    0.09848826056,
    0.10089956352,
    0.10331086642000001,
    0.10572216932000003,
    0.10813347222,
    0.11054477511999998,
    0.11295607803999999,
    0.11536738092000001,
    0.11900839288000001,
    0.12264940478,
    0.12629041666000002,
    0.12993142858,
    0.1389059762,
    0.1478805238,
    0.15685507142000002,
    0.16582961906,
    0.17480416665999998,
    0.18377871428,
    0.19275326192,
    0.20172780952,
    0.21070235714000002,
    0.21967690476,
    0.23185392856,
    0.2440309524,
    0.25785630952,
    0.27168166666,
    0.28739083334,
    0.3031,
    0.31880916666000003,
    0.33451833334000003,
    0.3502275,
    0.36593666666,
    0.38164583334,
    0.39735499999999996,
    0.41306416666000006,
    0.42877333334,
    0.4444825,
    0.46019166665999994,
    0.47590083334,
    0.49161,
    0.50731916666,
    0.5230283333400001,
    0.5387375000000001,
    0.55444666666,
    0.57050904762,
    0.58657142858,
    0.6026338095200001,
    0.61869619048,
    0.63475857142,
    0.65082095238,
    0.66688333334,
    0.6829457142800001,
    0.6990080952400001,
    0.7150704762,
    0.7311328571400001,
    0.74719523808,
    0.7632576190600001,
    0.77932,
    0.7918973333399999,
    0.80447466666,
    0.81540366668,
    0.8263326666600002,
    0.835943,
    0.84555333334,
    0.85516366666,
    0.864774,
    0.8743843333400001,
    0.8839946666599999,
    0.8885981874999999,
    0.89320170834,
    0.8978052291599999,
    0.90240875,
    0.9040923660600001,
    0.90577598216,
    0.90745959822,
    0.90914321428,
    0.9108268303399999,
    0.91251044644,
    0.9141940625,
    0.91587767856,
    0.9175612946599999,
    0.91924491072,
    0.92092852678,
    0.92261214284,
    0.9242957589399999,
    0.925979375,
    0.92766299106,
    0.92934660716,
    0.93103022322,
    0.9327138392800001,
    0.9343974553399998,
    0.9360810714400001,
    0.9377646875,
    0.9394483035600001,
    0.9411319196599999,
    0.94281553572,
    0.94449915178,
    0.9461827678400001,
    0.9478663839400001,
    0.94955
  ],
  "submitted": false
}