{
  "percentiles": {
    "10": 1.91,
    "25": 2.0546,
    "50": 2.1638,
    "75": 2.2711,
    "90": 2.4468
  },
  "cdf": [
    0.0504,
    0.05279619750000001,
    0.055192395000000005,
    0.0575885925,
    0.059984789979999995,
    0.062380987500000006,
    0.06477718496,
    0.06717338246,
    0.06956957995999999,
    0.07196577743999999,
    0.07436197496,
    0.07675817244000001,
    0.07917497556,
    0.08214922350000001,
    0.08512347149999999,
    0.08809771946000002,
    0.09107196742000001,
    0.09404621537999999,
    0.09702046332,
    0.09999471130000001,
    0.10296895924,
    0.10622736301999999,
    0.11039389894,
    0.11456043482,
    0.11872697072,
    0.12289350662000001,
    0.12706004251999997,
    0.131419092,
    0.135786176,
    0.14015326004,
    0.14452034404,
    0.14888742808000002,
    0.15325451210000002,
    0.15762159611999998,
    0.16343920184000002,
    0.16937937962,
    0.17531955744,
    0.18190551402000002,
    0.18944750566000002,
    0.19758096890000001,
    0.20604183558,
    0.21558602806,
    0.22527206144000003,
    0.23495809482,
    0.24513252952000003,
    0.25615555036,
    0.26717857124,
    0.27820159206,
    0.29001672548,
    0.30197563754,
    0.31393454962,
    0.32610360083999995,
    0.3387042669,
    0.35130493298000004,
    0.36390559904,
    0.37650626514,
    0.38913316493999994,
    0.40226862601999996,
    0.41578844961999994,
    0.43025117459999995,
    0.44471389959999996,
    0.45917662459999997,
    0.47436060604,
    0.48975922228,
    0.50515783852,
    0.52055645472,
    0.53595507096,
    0.55109042284,
    0.5659542440600001,
    0.5805437339200001,
    0.59503319868,
    0.6095226633999999,
    0.62358146192,
    0.63605734252,
    0.6485332231000001,
    0.66100910368,
    0.67348498424,
    0.6859608648200001,
    0.6984367453799999,
    0.71067728204,
    0.7218161751200001,
    0.73295506818,
    0.7440939613199999,
    0.7552328544000001,
    0.7663717474999999,
    0.7775106406,
    0.7885202209600001,
    0.79872322282,
    0.8083355105000001,
    0.8169786936,
    0.8239385517200001,
    0.82986337654,
    0.8347753424400001,
    0.83952212238,
    0.84426890228,
    0.8490156821799999,
    0.8537624621200001,
    0.85747646454,
    0.8604468459,
    0.8634172273,
    0.86638760868,
    0.8693579900599999,
    0.8723283714399999,
    0.87529875282,
    0.87826913418,
    0.8812395155800001,
    0.8842098969400001,
    0.88718027832,
    0.8901506597200001,
    0.8929015999200001,
    0.89504434608,
    0.8967696508599999,
    0.8980868898400001,
    0.8994041288,
    0.9007213678000001,
    0.90129953188,
    0.9018677727,
    0.90243601346,
    0.9030042542800001,
    0.9035724951,
    0.9041407359000001,
    0.9047089767200001,
    0.9052772174999999,
    0.90584545832,
    0.9064136991,
    0.9069819399,
    0.9075501807,
    0.9081184214999999,
    0.9086866623200001,
    0.9092549031200001,
    0.9098231439200001,
    0.9103913847200001,
    0.91095962552,
    0.9115278663200002,
    0.91209610712,
    0.9126643479000001,
    0.91323258872,
    0.9138008295000001,
    0.91436907032,
    0.9149373111400001,
    0.9155055519199999,
    0.91607379274,
    0.91664203352,
    0.91721027434,
    0.91777851512,
    0.91834675594,
    0.9189149967200001,
    0.91948323752,
    0.9200514783399999,
    0.9206197191400001,
    0.9211879599599999,
    0.92175620074,
    0.92232444154,
    0.92289268234,
    0.9234609231400001,
    0.92402916394,
    0.9245974047400001,
    0.9251656455199999,
    0.9257338863600001,
    0.9263021271599999,
    0.92687036796,
    0.92743860876,
    0.92800684954,
    0.9285750903600001,
    0.92914333114,
    0.9297115719600001,
    0.9302798127399999,
    0.9308480535799999,
    0.93141629436,
    0.93198453516,
    0.93255277598,
    0.93312101676,
    0.93368925758,
    0.9342574983599998,
    0.9348257391600001,
    0.93539397996,
    0.9359622207599999,
    0.93653046158,
    0.9370987023799999,
    0.93766694316,
    0.93823518398,
    0.93880342478,
    0.9393716655800001,
    0.9399399063799999,
    0.9405081471600001,
    0.9410763879799999,
    0.94164462878,
    0.9422128696,
    0.94278111038,
    0.9433493512,
    0.943917592,
    0.9444858327799999,
    0.9450540735999999,
    0.9456223143799999,
    0.9461905552000001,
    0.9467587959799999,
    0.9473270368,
    0.9478952776,
    0.9484635184,
    0.9490317592,
    0.9496
  ],
  "submitted": true
}