{
  "num_valid_cdfs": 5,
  "method": "weighted_average",
  "final_cdf_length": 201,
  "final_cdf_sample": [
    0.0504,
    0.05096633563999999,
    0.05153267133999999,
    0.05209900698000001,
    0.052665342680000005,
    0.9466831859799999,
    0.94741238948,
    0.9481415929599999,
    0.94887079652,
    0.9496
  ]
}