{
  "num_valid_cdfs": 5,
  "method": "weighted_average",
  "final_cdf_length": 201,
  "final_cdf_sample": [
    0.0,
    0.00125035428,
    0.00250070846,
    0.0037510627400000004,
    0.00500141692,
    0.9473739398800001,
    0.9479179549200001,
    0.94846196996,
    0.94900598496,
    0.94955
  ]
}