{
  "num_valid_cdfs": 5,
  "method": "weighted_average",
  "final_cdf_length": 201,
  "final_cdf_sample": [
    0.0504,
    0.05090726395999999,
    0.051414527939999996,
    0.0519217919,
    0.05242905588,
    0.94700173362,
    0.9476513002000001,
    0.94830086682,
    0.9489504334000001,
    0.9496
  ]
}