{
  "num_valid_cdfs": 5,
  "method": "weighted_average",
  "final_cdf_length": 201,
  "final_cdf_sample": [
    0.0,
    0.0018867142599999997,
    0.0037734286,
    0.00566014286,
    0.00754685714,
    0.9471771098600001,
    0.94777033238,
    0.94836355492,
    0.94895677746,
    0.94955
  ]
}