{
  "distribution": {
    "Increases": 0.057999999999999996,
    "Doesn't change": 0.9139999999999999,
    "Decreases": 0.028000000000000004
  },
  "submitted": true
}