{
  "num_valid_cdfs": 5,
  "method": "weighted_average",
  "final_cdf_length": 201,
  "final_cdf_sample": [
    0.012524222770943222,
    0.012926543469061918,
    0.01334214983159227,
    0.013770003245405987,
    0.01420907270511606,
    0.9734068721440859,
    0.9812936985282372,
    0.9869518594541031,
    0.990075032615802,
    0.9901799999999991
  ]
}