{
  "individual_probabilities": [
    [
      0.02,
      0.07,
      0.19,
      0.42,
      0.3
    ],
    [
      0.01,
      0.08,
      0.25,
      0.44,
      0.22
    ],
    [
      0.03,
      0.08,
      0.19,
      0.42,
      0.28
    ],
    [
      0.025,
      0.095,
      0.28,
      0.4,
      0.2
    ],
    [
      0.03,
      0.07,
      0.23,
      0.42,
      0.25
    ]
  ],
  "weights": [
    1.0,
    1.0,
    1.0,
    1.0,
    1.0
  ],
  "method": "weighted_average",
  "final_probabilities": [
    0.023,
    0.07900000000000001,
    0.22800000000000004,
    0.42000000000000004,
    0.25
  ]
}