{
  "distribution": {
    "0": 0.17336415362731156,
    "1": 0.12179943100995733,
    "2": 0.29249644381223333,
    "3": 0.22315078236130867,
    "4": 0.18918918918918923
  },
  "dry_run": true
}