{
  "num_valid_cdfs": 5,
  "method": "weighted_average",
  "final_cdf_length": 201,
  "final_cdf_sample": [
    0.01,
    0.010099491337370581,
    0.010198982674741163,
    0.010298474012111742,
    0.010397965349482324,
    0.9925720346505169,
    0.9926715259878875,
    0.9927710173252582,
    0.9928705086626287,
    0.9929699999999994
  ]
}