{
  "distribution": {
    "England": 0.022495009980039924,
    "France": 0.8020908183632735,
    "Ireland": 0.07495009980039921,
    "Scotland": 0.08746506986027945,
    "Wales": 0.006499500998003992,
    "Italy": 0.0064995009980039365
  },
  "submitted": true
}