{
  "percentiles": {
    "10": -8.0317,
    "25": -1.9214,
    "50": 3.2215,
    "75": 8.7156
  },
  "cdf": [
    0.0504,
    0.05292,
    0.05544,
    0.05796,
    0.06048,
    0.063,
    0.06552,
    0.06804,
    0.07056,
    0.07308,
    0.0756,
    0.07812,
    0.08064,
    0.08316,
    0.08568,
    0.0882,
    0.09072,
    0.09324,
    0.09576,
    0.09828,
    0.1008,
    0.102826,
    0.104852,
    0.106878,
    0.108904,
    0.11093,
    0.112956,
    0.114982,
    0.117008,
    0.119034,
    0.12106,
    0.123086,
    0.125112,
    0.127138,
    0.129164,
    0.13119,
    0.133216,
    0.135242,
    0.137268,
    0.139294,
    0.14132,
    0.143346,
    0.145372,
    0.147398,
    0.149424,
    0.15145,
    0.153476,
    0.155502,
    0.157528,
    0.159554,
    0.16158,
    0.163606,
    0.165632,
    0.167658,
    0.169684,
    0.17171,
    0.173736,
    0.175762,
    0.177788,
    0.179814,
    0.18184,
    0.183866,
    0.185892,
    0.187918,
    0.189944,
    0.19197,
    0.193996,
    0.196022,
    0.198048,
    0.200074,
    0.2021,
    0.2065411111,
    0.2109822222,
    0.2154233333,
    0.2198644444,
    0.2243055556,
    0.2287466667,
    0.2331877778,
    0.2376288889,
    0.24207,
    0.2465111111,
    0.2509522222,
    0.2553933333,
    0.2598344444,
    0.2642755556,
    0.2687166667,
    0.2731577778,
    0.2775988889,
    0.28204,
    0.2864811111,
    0.2909222222,
    0.2953633333,
    0.2998044444,
    0.3042455556,
    0.3086866667,
    0.3131277778,
    0.3175688889,
    0.32201,
    0.3264511111,
    0.3308922222,
    0.3353333333,
    0.3397744444,
    0.3442155556,
    0.3486566667,
    0.3530977778,
    0.3575388889,
    0.36198,
    0.3664211111,
    0.3708622222,
    0.3753033333,
    0.3797444444,
    0.3841855556,
    0.3886266667,
    0.3930677778,
    0.3975088889,
    0.40195,
    0.4076457143,
    0.4133414286,
    0.4190371429,
    0.4247328571,
    0.4304285714,
    0.4361242857,
    0.44182,
    0.4475157143,
    0.4532114286,
    0.4589071429,
    0.4646028571,
    0.4702985714,
    0.4759942857,
    0.48169,
    0.4873857143,
    0.4930814286,
    0.4987771429,
    0.5044728571,
    0.5101685714,
    0.5158642857,
    0.52156,
    0.5272557143,
    0.5329514286,
    0.5386471429,
    0.5443428571,
    0.5500385714,
    0.5557342857,
    0.56143,
    0.5671257143,
    0.5728214286,
    0.5785171429,
    0.5842128571,
    0.5899085714,
    0.5956042857,
    0.6013,
    0.605302,
    0.609304,
    0.613306,
    0.617308,
    0.62131,
    0.625312,
    0.629314,
    0.633316,
    0.637318,
    0.64132,
    0.645322,
    0.649324,
    0.653326,
    0.657328,
    0.66133,
    0.665332,
    0.669334,
    0.673336,
    0.677338,
    0.68134,
    0.685342,
    0.689344,
    0.693346,
    0.697348,
    0.70135,
    0.705352,
    0.709354,
    0.713356,
    0.717358,
    0.72136,
    0.725362,
    0.729364,
    0.733366,
    0.737368,
    0.74137,
    0.745372,
    0.749374,
    0.753376,
    0.757378,
    0.76138,
    0.765382,
    0.769384,
    0.773386,
    0.777388,
    0.78139,
    0.785392,
    0.789394,
    0.793396,
    0.797398,
    0.8014
  ],
  "submitted": true
}