{
  "num_valid_cdfs": 4,
  "method": "weighted_average",
  "final_cdf_length": 201,
  "final_cdf_sample": [
    0.30000000000000004,
    0.3405940491968189,
    0.38786091237602865,
    0.4275360605933284,
    0.4633180776465692,
    0.9964529304041724,
    0.996552197803128,
    0.9966514652020833,
    0.9967507326010387,
    0.9968499999999941
  ]
}