{
  "num_valid_cdfs": 4,
  "method": "weighted_average",
  "final_cdf_length": 201,
  "final_cdf_sample": [
    0.0504,
    0.051911416675,
    0.053422833325,
    0.054934250000000004,
    0.056445666675,
    0.9057633333249999,
    0.9115766666749999,
    0.91739,
    0.923203333325,
    0.9290166666749999
  ]
}