{
  "num_valid_cdfs": 5,
  "method": "weighted_average",
  "final_cdf_length": 201,
  "final_cdf_sample": [
    0.01088,
    0.01093,
    0.01098,
    0.01103,
    0.01108,
    0.98892,
    0.9889699999999999,
    0.98902,
    0.9890700000000001,
    0.98912
  ]
}