{
  "distribution": {
    "0": 0.16136363636363638,
    "1": 0.18701298701298705,
    "2": 0.40324675324675324,
    "3": 0.2,
    "4": 0.04837662337662338
  },
  "dry_run": true
}