{
  "num_valid_cdfs": 4,
  "method": "weighted_average",
  "final_cdf_length": 17,
  "final_cdf_sample": [
    0.0504,
    0.059062575775,
    0.067725151525,
    0.07638772725,
    0.085050303025,
    0.7865500000000001,
    0.856570238125,
    0.8934807143,
    0.91845285715,
    0.9496
  ]
}