{
  "num_valid_cdfs": 4,
  "method": "weighted_average",
  "final_cdf_length": 201,
  "final_cdf_sample": [
    0.0504,
    0.06941827205000001,
    0.088436544075,
    0.107454816125,
    0.126473088125,
    0.9428031116,
    0.9445023336749999,
    0.9462015558000001,
    0.9479007778999999,
    0.9496
  ]
}