{
  "percentiles": {
    "10": 51.2313,
    "25": 56.4247,
    "50": 58.6831,
    "75": 60.9819,
    "90": 64.8174
  },
  "cdf": [
    0.0504,
    0.050919988719999996,
    0.0514399774,
    0.0519599661,
    0.052479954819999994,
    0.052999943519999995,
    0.05351993222,
    0.05403992094,
    0.054559909659999996,
    0.05507989834,
    0.05559988706,
    0.05611987575999999,
    0.05663986448,
    0.05715985318,
    0.057679841880000006,
    0.05819983058,
    0.05871981928000001,
    0.05923980798,
    0.0597597967,
    0.060279785419999996,
    0.0607997741,
    0.0613197628,
    0.06183975152000001,
    0.06235974019999999,
    0.06287972894,
    0.06339971766,
    0.06391970636,
    0.06443969504,
    0.06495968376000001,
    0.06547967246,
    0.06599966115999999,
    0.06651964988,
    0.06703963857999999,
    0.06755962728,
    0.06807961598000001,
    0.06859960468,
    0.0691195934,
    0.0696395821,
    0.07015957079999999,
    0.07067955952,
    0.07119954824,
    0.07171953692000001,
    0.07223952564,
    0.07275951436,
    0.07327950304,
    0.07379949174,
    0.07431948046,
    0.07483946916,
    0.07535945786,
    0.07587944658,
    0.07639943528,
    0.07691942396,
    0.07743941268,
    0.07795940137999999,
    0.0784793901,
    0.07899937882000001,
    0.07951936752,
    0.08003935622,
    0.08055934492,
    0.08107933362,
    0.08159932234,
    0.08211931106,
    0.08263929973999999,
    0.08315928844,
    0.08367927716,
    0.08419926584000001,
    0.08471925456,
    0.08523924327999999,
    0.08575923198000002,
    0.08627922066,
    0.0867992094,
    0.08731919810000001,
    0.0878391868,
    0.08835917551999999,
    0.08887916422,
    0.08939915291999999,
    0.08991914162,
    0.09043913031999999,
    0.09095911904000001,
    0.09147910774000001,
    0.09199909644000001,
    0.09251908514,
    0.09303907386,
    0.09355906254,
    0.09407905126,
    0.09459903998000001,
    0.09511902868000001,
    0.09563901738,
    0.09615900609999999,
    0.0966789948,
    0.0971989835,
    0.09771897222,
    0.09823896091999999,
    0.0987589496,
    0.09927893832,
    0.09979892702,
    0.10031891574,
    0.10083890443999999,
    0.10135889313999999,
    0.10187888184,
    0.10239887054,
    0.10553705926000001,
    0.10898693846,
    0.11383942478,
    0.11964524444000002,
    0.12711939742,
    0.13459355040000004,
    0.1420677034,
    0.15100237813999998,
    0.16258797838,
    0.17537542426000002,
    0.18831107015999998,
    0.20272871602000003,
    0.2195924587,
    0.24297912608,
    0.26881763172,
    0.29545872942,
    0.32485620392000003,
    0.35557101176,
    0.38628581959999997,
    0.41700062746000005,
    0.44955049999999996,
    0.483563,
    0.5175305909000001,
    0.5510490909,
    0.5829715909,
    0.6139820909000001,
    0.6441150909,
    0.6732626909,
    0.7021138909,
    0.7283050909,
    0.7540282,
    0.7777303999999999,
    0.7999906540599999,
    0.81567571892,
    0.82944111712,
    0.8412305153,
    0.85198251352,
    0.86214171172,
    0.8702086746,
    0.8778106963400001,
    0.8837891449,
    0.8888398373600002,
    0.8938905298200002,
    0.89801696422,
    0.900525947,
    0.90214572978,
    0.90302451256,
    0.9039032953399999,
    0.90478207812,
    0.90566086092,
    0.9065396436800001,
    0.9074184264599999,
    0.90829720926,
    0.90917599202,
    0.9100547748200001,
    0.9109335575799999,
    0.91181234038,
    0.9126911231599999,
    0.91356990596,
    0.91444868872,
    0.91532747152,
    0.9162062542999999,
    0.91708503706,
    0.9179638198400001,
    0.9188426026400001,
    0.9197213854200001,
    0.9206001682,
    0.9214789509799999,
    0.92235773374,
    0.92323651654,
    0.92411529932,
    0.9249940820999999,
    0.92587286488,
    0.9267516477000001,
    0.92763043044,
    0.9285092132399999,
    0.92938799602,
    0.9302667788000001,
    0.9311455615800002,
    0.93202434436,
    0.93290312714,
    0.9337819099400001,
    0.93466069272,
    0.93553947548,
    0.93641825826,
    0.9372970410600001,
    0.93817582382,
    0.9390546066000001,
    0.9399333894199999,
    0.94081217218,
    0.94169095498,
    0.9425697377400001,
    0.94344852052,
    0.9443273033,
    0.9452060861,
    0.9460848688600001,
    0.94696365166,
    0.94784243446,
    0.9487212172199999,
    0.9496
  ],
  "submitted": true
}