{
  "num_valid_cdfs": 5,
  "method": "weighted_average",
  "final_cdf_length": 201,
  "final_cdf_sample": [
    0.01,
    0.010099492385656102,
    0.010198984771312206,
    0.01029847715696831,
    0.010397969542624412,
    0.9946020304573722,
    0.9947015228430283,
    0.9948010152286842,
    0.9949005076143405,
    0.9949999999999966
  ]
}