{
  "percentiles": {
    "10": 55.9847,
    "25": 72.11,
    "50": 89.0531,
    "75": 106.8941,
    "90": 132.334
  },
  "cdf": [
    0.0504,
    0.051266415239999995,
    0.05213283049999999,
    0.052999245800000004,
    0.05386566106,
    0.0547320763,
    0.055598491539999996,
    0.05646490684000001,
    0.05733132211999999,
    0.05819773738,
    0.05906415262,
    0.059930567860000006,
    0.06079698318,
    0.061663398419999994,
    0.06252981367999999,
    0.06339622892,
    0.06426264418000001,
    0.06512905948,
    0.06599547472,
    0.06686188998,
    0.06772830524,
    0.06859472050000001,
    0.0694611358,
    0.07032755104,
    0.0711939663,
    0.07206038156,
    0.07292679684,
    0.07379321209999999,
    0.07465962734,
    0.0755260426,
    0.07639245786,
    0.07725887313999999,
    0.07812528839999999,
    0.07899170366000001,
    0.07985811892000001,
    0.08072453418,
    0.08159094946,
    0.08245736472000001,
    0.08332377998,
    0.08419019522000001,
    0.08505661051999999,
    0.08592302576000001,
    0.08678944102000001,
    0.08765585628,
    0.08852227152,
    0.08938868682000001,
    0.09025510208000001,
    0.09112151736,
    0.0919879326,
    0.09285434783999999,
    0.09372076314,
    0.09476184278000001,
    0.09672142066,
    0.0986809985,
    0.10064057634000001,
    0.10260015419999999,
    0.10455973206,
    0.10651930996,
    0.10847888779999999,
    0.11043846566,
    0.11286891267999999,
    0.11551998084,
    0.11817104902000002,
    0.12082211722,
    0.12347318538,
    0.12612425355999998,
    0.12877532172,
    0.1314263899,
    0.13407745803999999,
    0.13672852623999998,
    0.13940284186000002,
    0.14274043608,
    0.14607803032,
    0.14941562453999999,
    0.15275321878,
    0.156090813,
    0.15942840721999998,
    0.16276600142,
    0.16656495092,
    0.17084394149999999,
    0.17512293206000001,
    0.17940192266,
    0.18368091326,
    0.18876313576,
    0.1942742402,
    0.19978534468,
    0.2052964491,
    0.21080755357999997,
    0.21631865803999997,
    0.22182976248,
    0.22734086693999997,
    0.23285197142,
    0.23836307584,
    0.24387418032000002,
    0.2494924965,
    0.25566723799999996,
    0.26184197952000005,
    0.26801672102,
    0.27419146252000004,
    0.28036620402,
    0.28654094552,
    0.29271568703999995,
    0.29889042856,
    0.30506517004,
    0.31123991156,
    0.31741465308,
    0.32358939454,
    0.33022521668,
    0.33760393722000004,
    0.34498265778000003,
    0.35236137829999997,
    0.35986808316,
    0.36762207040000006,
    0.3753760576199999,
    0.3831300449,
    0.39101300572,
    0.39909028008,
    0.40716755441999997,
    0.41524482879999997,
    0.42332210315999996,
    0.4313993774999999,
    0.43996309137999995,
    0.4487746111,
    0.45758613090000005,
    0.46639765068,
    0.47520917046,
    0.48402069024000005,
    0.4928322100200001,
    0.50209110362,
    0.5122958266000001,
    0.52250054958,
    0.53270527256,
    0.54290999554,
    0.55310650908,
    0.56302274948,
    0.5729389899,
    0.5828552303000001,
    0.59277147072,
    0.60268771116,
    0.61176174914,
    0.6205170003,
    0.6285156538000001,
    0.63651430734,
    0.64451296088,
    0.65226788552,
    0.66000783858,
    0.6677477916400001,
    0.67548774464,
    0.6832276976799999,
    0.69096765072,
    0.6987076037600002,
    0.70644755682,
    0.71418750986,
    0.72192746288,
    0.7296674159400001,
    0.7366536606999999,
    0.74358109048,
    0.7505085202399999,
    0.75650499588,
    0.76241533976,
    0.7683256837000001,
    0.77423602756,
    0.7801463715000001,
    0.78605671542,
    0.7919670593,
    0.7978774032,
    0.8037877471,
    0.8096980909999999,
    0.81560843494,
    0.82117066276,
    0.8262198277799999,
    0.8312689927599999,
    0.8363181577600001,
    0.8408982869599999,
    0.8443462107,
    0.84779413442,
    0.8512420582000001,
    0.85468998196,
    0.8581379056999999,
    0.8613618555,
    0.86457908198,
    0.86779630848,
    0.87101353498,
    0.87423076148,
    0.8774479879799999,
    0.8806652144800001,
    0.8838824409600001,
    0.88709966746,
    0.89031689396,
    0.89353412046,
    0.89675134696,
    0.89996857346,
    0.9031857999399999,
    0.9064030264799999,
    0.9096202529799999,
    0.9143362381200001,
    0.9194129905,
    0.92448974288,
    0.9295664952400001,
    0.9346432476200001,
    0.93972
  ],
  "submitted": true
}