{
  "num_valid_cdfs": 5,
  "method": "weighted_average",
  "final_cdf_length": 201,
  "final_cdf_sample": [
    0.01,
    0.010099492086590087,
    0.010198984173180175,
    0.010298476259770262,
    0.01039796834636035,
    0.9940220316536404,
    0.9941215237402306,
    0.9942210158268207,
    0.9943205079134106,
    0.9944200000000007
  ]
}