{
  "num_valid_cdfs": 3,
  "method": "weighted_average",
  "final_cdf_length": 201,
  "final_cdf_sample": [
    0.0,
    9.949647498685819e-05,
    0.00019899294997371638,
    0.0002984894249605746,
    0.00039798589994743277,
    0.9926020141000523,
    0.9927015105750391,
    0.9928010070500259,
    0.9929005035250128,
    0.9929999999999998
  ]
}