{
  "num_valid_cdfs": 5,
  "method": "weighted_average",
  "final_cdf_length": 201,
  "final_cdf_sample": [
    0.06686666666,
    0.06871153333999999,
    0.0705564,
    0.07240126665999999,
    0.07424613333999999,
    0.83613428284,
    0.83895866666,
    0.8417830505000001,
    0.84460743434,
    0.8474318181799999
  ]
}