{
  "num_valid_cdfs": 5,
  "method": "weighted_average",
  "final_cdf_length": 201,
  "final_cdf_sample": [
    0.0504,
    0.05093706348,
    0.051474126999999995,
    0.052011190480000004,
    0.05254825396,
    0.47299580952,
    0.47949133333999994,
    0.48598685714000006,
    0.49248238093999996,
    0.49897790476
  ]
}