{
  "percentiles": {
    "10": 2.766,
    "25": 3.5207,
    "50": 3.6949,
    "75": 3.8078,
    "90": 4.5146
  },
  "cdf": [
    0.0504,
    0.05102761426,
    0.051655228500000004,
    0.05228284277999999,
    0.05291045702,
    0.05353807131999999,
    0.05416568558,
    0.05479329982000001,
    0.055420914099999996,
    0.05604852834,
    0.0566761426,
    0.05730375686,
    0.0579313711,
    0.0585589854,
    0.059186599660000005,
    0.05981421392000001,
    0.06044182817999999,
    0.061069442419999995,
    0.061697056679999994,
    0.062324670959999995,
    0.0629522852,
    0.06357989946,
    0.06420751373999999,
    0.06483512799999999,
    0.06546274228,
    0.06609035651999999,
    0.06671797078,
    0.06734558502000002,
    0.06797319928,
    0.06860081356,
    0.06922842784000001,
    0.0698560421,
    0.07048365634,
    0.0711112706,
    0.07173888487999999,
    0.07236649912,
    0.07299411338,
    0.07362172762,
    0.0742493419,
    0.07487695618000001,
    0.07550457044,
    0.07613218470000001,
    0.07675979894,
    0.0773874132,
    0.07801502746,
    0.07864264171999999,
    0.07927025598000001,
    0.07989787027999999,
    0.08052548452,
    0.08115309877999999,
    0.08178071304,
    0.0824083273,
    0.08303594156,
    0.0836635558,
    0.08429117006,
    0.08491878434,
    0.08554639861999999,
    0.08617401288,
    0.08680162712,
    0.08742924138,
    0.08805685564,
    0.0886844699,
    0.08931208416,
    0.0899396984,
    0.0905673127,
    0.09119492694,
    0.09182254122000001,
    0.09245015548000002,
    0.09307776972000001,
    0.09370538397999999,
    0.09433299821999999,
    0.09496061249999999,
    0.09558822678,
    0.09621584104,
    0.0968434553,
    0.09747106956,
    0.09809868382,
    0.09872629808,
    0.09935391231999999,
    0.09998152658000001,
    0.10060914086000002,
    0.10123675514000001,
    0.10186436939999999,
    0.10249198364,
    0.1031195979,
    0.10374721216,
    0.10437482642,
    0.10500244068,
    0.10563005492,
    0.10625766920000002,
    0.10688528348,
    0.10751289772000001,
    0.108140512,
    0.1097002115,
    0.11685242258000002,
    0.12400463364,
    0.13645692662,
    0.1497925666,
    0.16896903010000003,
    0.19360987326,
    0.22004708007999998,
    0.27076801736,
    0.32136111093999997,
    0.3718583218,
    0.42070886598,
    0.46873607680000007,
    0.5237253992600001,
    0.60506927616,
    0.7232898134000001,
    0.7568656955999999,
    0.79044157778,
    0.82248812338,
    0.84128721026,
    0.8570327178399999,
    0.87277822544,
    0.8790211746000001,
    0.8814631003600001,
    0.8839050261000001,
    0.8863469519,
    0.88878887766,
    0.8912308034,
    0.8936727292000001,
    0.8951184013799999,
    0.8958168834,
    0.89651536548,
    0.89721384748,
    0.8979123294999999,
    0.89861081156,
    0.8993092936,
    0.90000777562,
    0.9007062576800001,
    0.9014047397,
    0.90210322172,
    0.90280170376,
    0.9035001857999999,
    0.90419866782,
    0.90489714986,
    0.90559563188,
    0.9062941138999999,
    0.9069925959799999,
    0.90769107798,
    0.90838956002,
    0.9090880420800002,
    0.9097865240999999,
    0.91048500612,
    0.9111834881800001,
    0.9118819702,
    0.9125804522,
    0.9132789342600001,
    0.9139774163000001,
    0.91467589832,
    0.91537438036,
    0.9160728623800001,
    0.9167713444000001,
    0.91746982648,
    0.9181683085,
    0.9188667905200001,
    0.9195652725799999,
    0.92026375458,
    0.92096223662,
    0.9216607186800001,
    0.9223592007000001,
    0.9230576827,
    0.92375616476,
    0.9244546467999999,
    0.9251531288200001,
    0.92585161086,
    0.92655009288,
    0.9272485749399999,
    0.9279470569800001,
    0.928645539,
    0.92934402102,
    0.9300425030800001,
    0.9307409850999999,
    0.93143946712,
    0.93213794918,
    0.9328364311999999,
    0.9335349131999999,
    0.9342333952799999,
    0.9349318773,
    0.9356303592999999,
    0.9363288413799999,
    0.9370273234,
    0.9377258054400001,
    0.93842428748,
    0.9391227695,
    0.9398212515200001,
    0.9405197335800001,
    0.9412182156,
    0.94191669762,
    0.94261517968,
    0.9433136616800001,
    0.9440121437,
    0.94471062578,
    0.94540910782,
    0.9461075898200001,
    0.94680607188,
    0.9475045539,
    0.94820303594,
    0.9489015179800001,
    0.9496
  ],
  "submitted": true
}