{
  "num_valid_cdfs": 5,
  "method": "weighted_average",
  "final_cdf_length": 201,
  "final_cdf_sample": [
    0.0504,
    0.0515823484,
    0.0527646968,
    0.05394704516,
    0.055129393559999997,
    0.94778815586,
    0.94824111688,
    0.9486940779399999,
    0.94914703898,
    0.9496
  ]
}