{
  "percentiles": {
    "10": -3.2428,
    "25": -1.3828,
    "50": -0.0943,
    "75": 1.0486,
    "90": 2.8008
  },
  "cdf": [
    0.06028,
    0.06243197574,
    0.06458395152,
    0.06673592728000001,
    0.06888790302,
    0.0710398788,
    0.07319185454000002,
    0.0753438303,
    0.07749580605999999,
    0.07964778182,
    0.08179975758,
    0.08395173333999999,
    0.08610370908000001,
    0.08817664484000001,
    0.09017054061999999,
    0.09216443636,
    0.09415833212000001,
    0.09615222788,
    0.09814612364,
    0.10014001938000001,
    0.10213391515999999,
    0.10412781092000001,
    0.10612170666000001,
    0.10811560242,
    0.11010949818,
    0.11210339394000002,
    0.11409728969999999,
    0.11609118546000001,
    0.11826471756000001,
    0.12061788606000001,
    0.12297105454000001,
    0.12532422304000002,
    0.12767739152,
    0.13019150117999997,
    0.13286655200000003,
    0.13554160284,
    0.1382166537,
    0.14089170452000002,
    0.14356675538000002,
    0.1462418062,
    0.14891685702000002,
    0.15159190788,
    0.15426695874000002,
    0.15694200953999998,
    0.15976298039999998,
    0.16302171124,
    0.16628044204,
    0.16953917291999998,
    0.17279790375999998,
    0.17605663457999998,
    0.17931536541999998,
    0.18257409623999998,
    0.18583282707999998,
    0.18909155796,
    0.19235028876,
    0.19560901960000002,
    0.20039465954,
    0.20518029946,
    0.20996593938000002,
    0.21475157933999997,
    0.21953721923999997,
    0.22514619252,
    0.23075516578,
    0.23636413904000003,
    0.24197311230000002,
    0.24758208558,
    0.25319105882000004,
    0.25880003208,
    0.26440900534,
    0.2700179786,
    0.27562695187999997,
    0.28123592512,
    0.28684489839999994,
    0.29245387166,
    0.29806284492,
    0.30367181818,
    0.31093852816,
    0.31837105626,
    0.32585885714,
    0.33334665802,
    0.34083445886,
    0.34959254546000007,
    0.35835063202,
    0.36718057316,
    0.37608236882,
    0.38498416452,
    0.39388596016,
    0.40278775586000004,
    0.41168955152000003,
    0.42059134717999996,
    0.42949314286,
    0.43839493852,
    0.44729673419999993,
    0.45638672034,
    0.46566489698,
    0.4749430735800001,
    0.48422125021999995,
    0.49349942684,
    0.5036244606,
    0.51459635152,
    0.52556824244,
    0.53654013332,
    0.5475120242399999,
    0.55848391516,
    0.5694005333200001,
    0.5801513333400001,
    0.5904168000000001,
    0.60068226666,
    0.60973028572,
    0.6175608571599999,
    0.62539142856,
    0.633222,
    0.64105257144,
    0.6488831428400001,
    0.65671371428,
    0.6645442857200001,
    0.67237485716,
    0.6802054285600001,
    0.688036,
    0.69586657144,
    0.70369714284,
    0.7115277142800001,
    0.71935828572,
    0.72718885716,
    0.73501942856,
    0.74285,
    0.7487328,
    0.7546156,
    0.7604984,
    0.7663812,
    0.7722640000000001,
    0.7781468,
    0.7840296,
    0.7899124000000001,
    0.7957952,
    0.8016780000000001,
    0.8075608000000001,
    0.8130058400000001,
    0.8175936,
    0.82147,
    0.8253463999999999,
    0.8286654666600001,
    0.83198453334,
    0.8353035999999999,
    0.8386226666600001,
    0.84194173334,
    0.8444524363599999,
    0.84696313938,
    0.8494738424400001,
    0.85198454546,
    0.8544952484799999,
    0.85700595152,
    0.8595166545399999,
    0.86191535756,
    0.86420206062,
    0.8664887636399999,
    0.86877546666,
    0.8710621697,
    0.8733488727200001,
    0.8756355757600002,
    0.8779222788000001,
    0.8802089818200001,
    0.8824956848400001,
    0.88478238788,
    0.8870690908999999,
    0.8893557939399999,
    0.89164249698,
    0.8939292,
    0.8960517430199999,
    0.8980101260600002,
    0.8999685091,
    0.9015975588,
    0.90322660848,
    0.90485565818,
    0.90648470788,
    0.90811375756,
    0.90974280728,
    0.91137185698,
    0.91300090666,
    0.91462995636,
    0.91625900606,
    0.91788805576,
    0.91951710546,
    0.92114615516,
    0.9227752048400001,
    0.9244042545400001,
    0.9260839709,
    0.92776368728,
    0.92944340364,
    0.93112312,
    0.9328028363599999,
    0.9344825527200001,
    0.9361622690999999,
    0.9378419854600001,
    0.93952170182,
    0.94120141818,
    0.94288113454,
    0.9445608509,
    0.9462405672800001,
    0.94792028364,
    0.9496
  ],
  "submitted": true
}