{
  "num_valid_cdfs": 4,
  "method": "weighted_average",
  "final_cdf_length": 201,
  "final_cdf_sample": [
    0.013345040328511405,
    0.013803336447783502,
    0.014274194754628476,
    0.014756954937134931,
    0.015250956683391442,
    0.991177044574479,
    0.9912765334308589,
    0.9913760222872388,
    0.9914755111436186,
    0.9915749999999985
  ]
}