{
  "num_valid_cdfs": 5,
  "method": "weighted_average",
  "final_cdf_length": 201,
  "final_cdf_sample": [
    0.0,
    5.98963315205882e-05,
    0.0001330830520893499,
    0.0002547427792525472,
    0.0004245973359587446,
    0.9108846256679393,
    0.9149069338839884,
    0.9191467002245759,
    0.9239562613856922,
    0.929036420740166
  ]
}