{
  "num_valid_cdfs": 5,
  "method": "weighted_average",
  "final_cdf_length": 201,
  "final_cdf_sample": [
    0.0504,
    0.05107619412000001,
    0.05175238823999999,
    0.052428582359999996,
    0.05310477649999999,
    0.9462233550000001,
    0.94706751626,
    0.9479116774999999,
    0.94875583876,
    0.9496
  ]
}