{
  "num_valid_cdfs": 5,
  "method": "weighted_average",
  "final_cdf_length": 201,
  "final_cdf_sample": [
    0.0504,
    0.05234474057999999,
    0.05428948116,
    0.05623422174,
    0.058178962320000006,
    0.94659457142,
    0.9473459285800001,
    0.94809728572,
    0.94884864286,
    0.9496
  ]
}