{
  "individual_probabilities": [
    [
      0.2,
      0.5,
      0.3
    ],
    [
      0.3,
      0.35,
      0.3500000000000001
    ],
    [
      0.32,
      0.46,
      0.22
    ],
    [
      0.15,
      0.25,
      0.6
    ],
    [
      0.25,
      0.56,
      0.19
    ]
  ],
  "weights": [
    1.0,
    1.0,
    1.0,
    1.0,
    1.0
  ],
  "method": "weighted_average",
  "final_probabilities": [
    0.244,
    0.42399999999999993,
    0.33199999999999996
  ]
}