{
  "num_valid_cdfs": 3,
  "method": "weighted_average",
  "final_cdf_length": 201,
  "final_cdf_sample": [
    0.0504,
    0.05104875446666667,
    0.05169750893333333,
    0.0523462634,
    0.052995017833333324,
    0.9471044931666667,
    0.9477283698333334,
    0.9483522465666666,
    0.9489761232666667,
    0.9495999999999999
  ]
}