{
  "percentiles": {
    "1": 9.25,
    "5": 9.5,
    "10": 9.75,
    "20": 10.0,
    "40": 10.00000001,
    "60": 10.5,
    "80": 10.50000001,
    "90": 10.500000020000002,
    "95": 10.75,
    "99": 11.0
  },
  "cdf_length": 201,
  "error": null
}