{
  "num_valid_cdfs": 4,
  "method": "weighted_average",
  "final_cdf_length": 201,
  "final_cdf_sample": [
    0.01,
    0.010099493318110518,
    0.010198986636221034,
    0.010298479954331552,
    0.010397973272442068,
    0.9964145267275495,
    0.9965140200456601,
    0.9966135133637705,
    0.9967130066818809,
    0.9968124999999914
  ]
}