{
  "individual_percentiles": [
    {
      "agent": "analyst",
      "percentiles": null,
      "weight": 1.0
    },
    {
      "agent": "historian",
      "percentiles": null,
      "weight": 1.0
    },
    {
      "agent": "contrarian",
      "percentiles": null,
      "weight": 0.8
    }
  ],
  "method": "weighted_average",
  "num_agents": 3,
  "final_percentiles": {
    "1": 107.85714285714286,
    "5": 109.85714285714288,
    "10": 111.5,
    "15": 112.50000000000001,
    "20": 113.50000000000001,
    "25": 114.50000000000001,
    "30": 115.5,
    "35": 116.5,
    "40": 117.50000000000001,
    "45": 118.50000000000001,
    "50": 119.50000000000001,
    "55": 120.5,
    "60": 121.5,
    "65": 122.50000000000001,
    "70": 123.50000000000001,
    "75": 124.50000000000001,
    "80": 125.5,
    "85": 126.5,
    "90": 127.50000000000001,
    "95": 129.14285714285717,
    "99": 131.7857142857143
  },
  "final_cdf": [
    1.0,
    1.0,
    1.0,
    1.0,
    1.0,
    1.0,
    1.0,
    1.0,
    1.0,
    1.0
  ]
}