{
  "percentiles": {
    "10": 83.8102,
    "25": 86.5594,
    "50": 87.9467,
    "75": 89.2031,
    "90": 90.9213
  },
  "cdf": [
    0.05045000000000001,
    0.05098819108,
    0.05152638218000001,
    0.052064573280000005,
    0.05260276436,
    0.053140955440000005,
    0.05367914654,
    0.05421733761999999,
    0.05475552872,
    0.055293719799999995,
    0.055831910900000004,
    0.05637010198,
    0.056908293080000005,
    0.05744648416,
    0.05798467525999999,
    0.05852286634,
    0.05906105741999999,
    0.05959924852,
    0.06013743962,
    0.060675630700000004,
    0.06121382178,
    0.061752012860000004,
    0.06229020398,
    0.06282839506000001,
    0.06336658614000001,
    0.06390477722000001,
    0.06444296831999999,
    0.06498115942,
    0.06551935049999999,
    0.06605754158,
    0.06659573267999999,
    0.06713392378,
    0.06767211486,
    0.06821030594,
    0.06874849704,
    0.06928668812,
    0.06982487922,
    0.07036307030000001,
    0.0709012614,
    0.07143945248,
    0.07197764356,
    0.07251583466000001,
    0.07305402576,
    0.07359221683999999,
    0.07413040792,
    0.074668599,
    0.07520679011999999,
    0.07574498119999999,
    0.07628317228,
    0.07682136335999999,
    0.07735955448000001,
    0.07789774556,
    0.07843593664000001,
    0.07897412772,
    0.07951231882000001,
    0.08005050992,
    0.08058870100000001,
    0.08112689208,
    0.08166508318000001,
    0.08220327426,
    0.08274146536,
    0.08327965644000002,
    0.08381784753999999,
    0.08435603861999999,
    0.0848942297,
    0.08543242079999999,
    0.0859706119,
    0.08650880298,
    0.08704699406,
    0.08758518516,
    0.08812337626,
    0.08866156734,
    0.08919975842,
    0.0897379495,
    0.09027614062,
    0.0908143317,
    0.09135252278000001,
    0.09189071385999999,
    0.09242890496,
    0.09296709606,
    0.09350528713999999,
    0.09404347823999999,
    0.09458166932,
    0.0951198604,
    0.0956580515,
    0.09619624260000001,
    0.09673443368,
    0.09727262476000001,
    0.09781081586,
    0.09834900696000001,
    0.09888719804,
    0.09942538912000001,
    0.09996358019999999,
    0.10050177132,
    0.10103996239999999,
    0.10157815348000002,
    0.10211634456,
    0.10265453566,
    0.10319272675999999,
    0.10373091783999999,
    0.10426910891999999,
    0.11291710002000002,
    0.12314835866,
    0.13417125106,
    0.14519414346,
    0.15621703588,
    0.16915533334,
    0.18404033334,
    0.20090333334000002,
    0.21985844872000002,
    0.24112123076,
    0.26353784616000003,
    0.28595446154000004,
    0.31133807692,
    0.3367216923,
    0.36169322436000007,
    0.38584058974,
    0.41414139286000007,
    0.44566278572,
    0.47803189286,
    0.51209642856,
    0.54553302778,
    0.57771375398,
    0.60742198016,
    0.6364237777799999,
    0.66507236112,
    0.6945451111,
    0.7232211666599999,
    0.7494796666599999,
    0.7746785237999999,
    0.7977580952400001,
    0.81490366666,
    0.83204923808,
    0.8491948095199999,
    0.8606136,
    0.869169,
    0.8777244,
    0.8853949052599999,
    0.89129562106,
    0.8971963368400001,
    0.90309705264,
    0.90471210174,
    0.9063271508999999,
    0.9079421999999999,
    0.9095572491,
    0.91117229826,
    0.9127873473600001,
    0.9144023964800001,
    0.91601744562,
    0.91763249474,
    0.9192475438400001,
    0.9208625930000001,
    0.9224776420999999,
    0.9240926912199999,
    0.92570774036,
    0.92732278948,
    0.9289378385799999,
    0.93055288774,
    0.93216793684,
    0.9337829859600001,
    0.9353980351000001,
    0.93701308422,
    0.93862813332,
    0.9402431824599999,
    0.94185823158,
    0.9434732806800001,
    0.9450883298399999,
    0.94670337894,
    0.94831842806,
    0.9499334772000001,
    0.9515485263199999,
    0.95316357542,
    0.9547786245800001,
    0.9563936736800001,
    0.9580087228,
    0.9596237719399999,
    0.96123882106,
    0.96285387016,
    0.96446891932,
    0.9660839684200001,
    0.96769901754,
    0.96931406668,
    0.97092911578,
    0.9725441649000001,
    0.9741592140399999,
    0.9757742631599999,
    0.97738931226,
    0.97900436142,
    0.9806194105199999,
    0.9822344596400001,
    0.98384950878,
    0.9854645579,
    0.9870796069999999,
    0.9886946561600001,
    0.99030970526,
    0.9919247543799999,
    0.99353980352,
    0.99515485264,
    0.9967699017399999,
    0.9983849509,
    1.0
  ],
  "submitted": true
}