{
  "percentiles": {
    "10": 323.8897,
    "25": 330.2031,
    "50": 331.4043,
    "75": 332.5669,
    "90": 336.8207
  },
  "cdf": [
    0.0504,
    0.05090726395999999,
    0.051414527939999996,
    0.0519217919,
    0.05242905588,
    0.05293631984,
    0.05344358386000001,
    0.053950847819999995,
    0.05445811182,
    0.054965375799999994,
    0.05547263976,
    0.05597990374,
    0.05648716769999999,
    0.05699443168,
    0.05750169564,
    0.0580089596,
    0.058516223580000006,
    0.05902348758,
    0.059530751560000005,
    0.06003801551999999,
    0.06054527950000001,
    0.06105254346,
    0.06155980742,
    0.062067071439999996,
    0.06257433539999999,
    0.06308159937999999,
    0.06358886334,
    0.06409612732,
    0.06460339132000001,
    0.06511065528,
    0.06561791926,
    0.06612518322000001,
    0.06663244719999999,
    0.06713971115999999,
    0.06764697514,
    0.0681542391,
    0.06866150305999999,
    0.06916876704,
    0.06967603104,
    0.07018329506000001,
    0.07069055902000002,
    0.071197823,
    0.07170508696000001,
    0.07221235092,
    0.0727196149,
    0.07322687886000001,
    0.07373414283999999,
    0.07424140679999999,
    0.07474867078,
    0.07525593474,
    0.07576319874,
    0.07627046272,
    0.07677772668,
    0.0772849907,
    0.07779225465999999,
    0.07829951864,
    0.0788067826,
    0.07931404657999999,
    0.07982131054,
    0.0803285745,
    0.08083583852000001,
    0.08134310248,
    0.08185036646,
    0.08235763042,
    0.0828648944,
    0.08337215836,
    0.08387942232,
    0.0843866863,
    0.0848939503,
    0.08540121428,
    0.08590847824,
    0.08641574226,
    0.08692300622,
    0.08743027018,
    0.08793753416000001,
    0.08844479811999999,
    0.08895206209999999,
    0.08945932605999998,
    0.08996659003999999,
    0.09047385399999999,
    0.09098111796000001,
    0.09148838194,
    0.09199564594000001,
    0.09250290996,
    0.09301017392000001,
    0.0935174379,
    0.09402470186,
    0.09453196582000001,
    0.09503922980000001,
    0.09554649375999999,
    0.09605375774,
    0.0965610217,
    0.09706828568,
    0.09757554968000001,
    0.09808281364000002,
    0.09859007762000001,
    0.09909734158000001,
    0.09960460555999999,
    0.10011186956,
    0.10061913354,
    0.10112639749999999,
    0.10163366146000001,
    0.10214092544,
    0.1026481894,
    0.10315545342000002,
    0.10366271737999999,
    0.10416998136,
    0.10467724532,
    0.12190453378000002,
    0.15087763635999998,
    0.21611852814,
    0.29952835499999997,
    0.40612838094,
    0.52222917462,
    0.63442929294,
    0.73944181816,
    0.8183533333399999,
    0.86493557576,
    0.89093612704,
    0.89698510578,
    0.8976346723999999,
    0.89828423898,
    0.8989338055799999,
    0.8995833721600001,
    0.90023293878,
    0.9008825053799999,
    0.90153207196,
    0.9021816385399999,
    0.90283120516,
    0.90348077176,
    0.9041303383399999,
    0.90477990492,
    0.9054294715000001,
    0.90607903814,
    0.9067286047199999,
    0.9073781713199999,
    0.90802773792,
    0.9086773045200001,
    0.90932687112,
    0.9099764376999999,
    0.9106260042800001,
    0.91127557088,
    0.9119251374800001,
    0.9125747040800001,
    0.91322427066,
    0.91387383728,
    0.91452340388,
    0.9151729704599999,
    0.91582253704,
    0.91647210366,
    0.91712167028,
    0.91777123684,
    0.9184208034199999,
    0.91907037002,
    0.91971993662,
    0.9203695032200001,
    0.92101906982,
    0.92166863642,
    0.922318203,
    0.9229677696199999,
    0.9236173361999999,
    0.9242669028,
    0.9249164693599999,
    0.92556603598,
    0.9262156025799999,
    0.9268651691600001,
    0.92751473578,
    0.9281643023399999,
    0.9288138689600001,
    0.92946343554,
    0.9301130021599999,
    0.93076256876,
    0.9314121353400001,
    0.93206170192,
    0.93271126852,
    0.9333608351199999,
    0.9340104017199999,
    0.9346599683000001,
    0.9353095349,
    0.9359591015,
    0.9366086681000001,
    0.9372582347,
    0.93790780132,
    0.93855736788,
    0.9392069344599999,
    0.9398565010600001,
    0.9405060676800001,
    0.9411556342799999,
    0.94180520084,
    0.9424547674400001,
    0.94310433406,
    0.94375390066,
    0.9444034672400001,
    0.94505303382,
    0.94570260046,
    0.94635216702,
    0.94700173362,
    0.9476513002000001,
    0.94830086682,
    0.9489504334000001,
    0.9496
  ],
  "submitted": true
}