{
  "distribution": {
    "CAQ": 0.10398801198801197,
    "Parti Qu\u00e9b\u00e9cois (PQ)": 0.6638561438561438,
    "Quebec Liberal Party (PLQ)": 0.02999400599400599,
    "Qu\u00e9bec solidaire (QS)": 0.015998001998001995,
    "Conservative Party of Quebec": 0.17596403596403595,
    "Other": 0.010199800199800197
  },
  "submitted": true
}