{
  "num_valid_cdfs": 5,
  "method": "weighted_average",
  "final_cdf_length": 201,
  "final_cdf_sample": [
    0.0504,
    0.05141465912,
    0.05242931816,
    0.05344397728000001,
    0.05445863638,
    0.9477450056200001,
    0.9482087542400001,
    0.94867250282,
    0.94913625142,
    0.9496
  ]
}