{
  "num_valid_cdfs": 5,
  "method": "weighted_average",
  "final_cdf_length": 201,
  "final_cdf_sample": [
    0.06769,
    0.07033350000000001,
    0.072977,
    0.07562050000000001,
    0.078264,
    0.8532158476199999,
    0.8556405762000001,
    0.85806530476,
    0.86049003334,
    0.8629147619199999
  ]
}