{
  "distribution": {
    "Alireza Arafi": 0.10800000000000001,
    "Gholam-Hossein Mohseni-Eje'i": 0.176,
    "Mojtaba Khamenei": 0.27799999999999997,
    "Hassan Khomeini": 0.062,
    "Ali Larijani": 0.04,
    "Sadeq Amoli Larijani": 0.048,
    "None": 0.1,
    "Position abolished": 0.036000000000000004,
    "Someone else": 0.15199999999999997
  },
  "submitted": true
}