{
  "num_valid_cdfs": 5,
  "method": "weighted_average",
  "final_cdf_length": 201,
  "final_cdf_sample": [
    0.0504,
    0.051446091019999994,
    0.05249218202,
    0.05353827304000001,
    0.05458436406,
    0.94779664722,
    0.9482474854199999,
    0.9486983236000001,
    0.94914916182,
    0.9496
  ]
}