{
  "individual_probabilities": [
    [],
    [],
    [
      0.42,
      0.45,
      0.12,
      0.01
    ],
    [
      0.45,
      0.35,
      0.18,
      0.02
    ],
    [
      0.38,
      0.31,
      0.25,
      0.06
    ]
  ],
  "weights": [
    1.0,
    1.0,
    1.0,
    1.0,
    1.0
  ],
  "method": "weighted_average",
  "final_probabilities": [
    0.4166666666666667,
    0.37000000000000005,
    0.18333333333333335,
    0.03
  ]
}