{
  "percentiles": {
    "1": 0.010198984173180175,
    "5": 0.010994920865900874,
    "10": 0.01198984173180175,
    "25": 0.0245652951207116,
    "50": 0.9501463735269672,
    "75": 0.9894453956704957,
    "90": 0.9924301582681988,
    "95": 0.9934250791340998,
    "99": 0.9942210158268207
  },
  "cdf": [
    0.01,
    0.010099492086590087,
    0.010198984173180175,
    0.010298476259770262,
    0.01039796834636035,
    0.010497460432950436,
    0.010596952519540525,
    0.010696444606130612,
    0.010795936692720701,
    0.010895428779310788,
    0.010994920865900874,
    0.011094412952490963,
    0.011193905039081051,
    0.011293397125671137,
    0.011392889212261224,
    0.011492381298851311,
    0.0115918733854414,
    0.011691365472031489,
    0.011790857558621574,
    0.011890349645211662,
    0.01198984173180175,
    0.012089333818391838,
    0.012188825904981925,
    0.012288317991572012,
    0.012387810078162101,
    0.012487302164752188,
    0.012586794251342275,
    0.012686286337932362,
    0.012785778424522451,
    0.012885270511112537,
    0.012984762597702626,
    0.013084254684292713,
    0.013183746770882802,
    0.01328323885747289,
    0.013382730944062976,
    0.013482223030653061,
    0.01358171511724315,
    0.013681207203833238,
    0.013780699290423326,
    0.013880191377013412,
    0.0139796834636035,
    0.01407917555019359,
    0.0145347270614813,
    0.015253527735583087,
    0.016093546907668316,
    0.017028464028790748,
    0.018034985731638455,
    0.019092486763756404,
    0.020182867141112025,
    0.022157987476050262,
    0.0245652951207116,
    0.027565639880302462,
    0.030957129952065437,
    0.034662065008916464,
    0.04249329333016122,
    0.05352233107027804,
    0.06464855511811723,
    0.0747786977059939,
    0.08523030655921279,
    0.09572565214821054,
    0.10655184000240572,
    0.11906555866916682,
    0.13385026545306283,
    0.1502900199742895,
    0.16881619151498975,
    0.19154978414517124,
    0.21743441608781122,
    0.24533510733599612,
    0.27447304709135545,
    0.3042332534483749,
    0.3373160774135494,
    0.3775009080494115,
    0.4174401583341122,
    0.453477963515832,
    0.4879642517843026,
    0.5212651008012852,
    0.5539899268370054,
    0.5870634743166037,
    0.6206211674557328,
    0.6527319800507787,
    0.6812485190008344,
    0.7064862225724661,
    0.7300008933882969,
    0.7516382707519589,
    0.7715496887698928,
    0.7905476265524477,
    0.8085662884233553,
    0.8254858611436393,
    0.8412925922156317,
    0.8558706970632102,
    0.8690753486991486,
    0.8812726126478566,
    0.8927912863923811,
    0.9034483564120859,
    0.9131344901725816,
    0.9219661620306777,
    0.9300070105263142,
    0.9365934030180005,
    0.9413955812593867,
    0.945913513380936,
    0.9501463735269672,
    0.9540935776774239,
    0.957754766018188,
    0.9611297865355451,
    0.9642321831186861,
    0.967098518563939,
    0.9697170877568148,
    0.9720774523685176,
    0.974217194060809,
    0.9761386438474601,
    0.9778291270530997,
    0.9791295409255637,
    0.9803348266130703,
    0.98143926549581,
    0.9821665052955171,
    0.9827301237141528,
    0.983268514341369,
    0.9837802970581115,
    0.9842641745406592,
    0.9847189279852276,
    0.9851434130678334,
    0.9855365561251362,
    0.9858973505429491,
    0.9862248533399811,
    0.9865181819352108,
    0.9867765110880411,
    0.9869990700010971,
    0.9871570776789232,
    0.9872565697655133,
    0.9873560618521035,
    0.9874555539386936,
    0.9875550460252838,
    0.9876545381118739,
    0.987754030198464,
    0.9878535222850541,
    0.9879530143716441,
    0.9880525064582342,
    0.9881519985448243,
    0.9882514906314144,
    0.9883509827180046,
    0.9884504748045947,
    0.9885499668911848,
    0.9886494589777749,
    0.9887489510643649,
    0.988848443150955,
    0.9889479352375451,
    0.9890474273241352,
    0.9891469194107254,
    0.9892464114973155,
    0.9893459035839056,
    0.9894453956704957,
    0.9895448877570857,
    0.9896443798436758,
    0.9897438719302659,
    0.989843364016856,
    0.9899428561034462,
    0.9900423481900363,
    0.9901418402766264,
    0.9902413323632165,
    0.9903408244498065,
    0.9904403165363966,
    0.9905398086229867,
    0.9906393007095768,
    0.9907387927961671,
    0.9908382848827572,
    0.9909377769693473,
    0.9910372690559374,
    0.9911367611425274,
    0.9912362532291175,
    0.9913357453157076,
    0.9914352374022977,
    0.9915347294888879,
    0.991634221575478,
    0.9917337136620681,
    0.9918332057486582,
    0.9919326978352482,
    0.9920321899218383,
    0.9921316820084284,
    0.9922311740950185,
    0.9923306661816087,
    0.9924301582681988,
    0.9925296503547889,
    0.992629142441379,
    0.992728634527969,
    0.9928281266145591,
    0.9929276187011492,
    0.9930271107877393,
    0.9931266028743295,
    0.9932260949609196,
    0.9933255870475097,
    0.9934250791340998,
    0.9935245712206898,
    0.9936240633072799,
    0.99372355539387,
    0.9938230474804601,
    0.9939225395670503,
    0.9940220316536404,
    0.9941215237402306,
    0.9942210158268207,
    0.9943205079134106,
    0.9944200000000007
  ],
  "submitted": true
}