{
  "percentiles": {
    "1": 0.0,
    "5": 0.0,
    "10": 0.013294380146855864,
    "25": 0.0888235705089701,
    "50": 0.5753415294941074,
    "75": 0.920726780732174,
    "90": 0.9642227746634567,
    "95": 0.985518629292011,
    "99": 0.985518629292011
  },
  "cdf": [
    0.0,
    0.013294380146855864,
    0.04057894286186774,
    0.0888235705089701,
    0.20754677097172403,
    0.37655715505914783,
    0.5753415294941074,
    0.7378188717353045,
    0.8507237458027891,
    0.920726780732174,
    0.9642227746634567,
    0.985518629292011,
    0.99003
  ],
  "submitted": true
}