{
  "num_valid_cdfs": 5,
  "method": "weighted_average",
  "final_cdf_length": 201,
  "final_cdf_sample": [
    0.0504,
    0.05183786838,
    0.053275736680000005,
    0.05471360507999999,
    0.0561514734,
    0.9480721693399999,
    0.9484541270200001,
    0.9488360846599999,
    0.9492180423600001,
    0.9496
  ]
}