{
  "base_distribution": {
    "Option 1": 0.029411764705882356,
    "Option 2": 0.17647058823529413,
    "Option 3": 0.3235294117647059,
    "Option 4": 0.4705882352941177
  }
}