{
  "percentiles": {
    "10": 7.5745,
    "25": 7.6685,
    "50": 7.7354,
    "75": 7.7957,
    "90": 7.8745
  },
  "cdf": [
    0.0504,
    0.05209666668,
    0.053793333320000004,
    0.05549,
    0.05718666668,
    0.058883333319999995,
    0.06058,
    0.062276666679999995,
    0.06397333332,
    0.06567,
    0.06736666667999999,
    0.06906333332,
    0.07076000000000002,
    0.07245666667999999,
    0.07415333332,
    0.07585,
    0.07754666668,
    0.0791747222,
    0.08080277778,
    0.08243083333999998,
    0.08405888888,
    0.08568694444,
    0.08731500002,
    0.08894305554000001,
    0.09057111112,
    0.09219916668000001,
    0.0938272222,
    0.09545527777999999,
    0.09708333334,
    0.09871138888,
    0.10033944444000001,
    0.10196750001999999,
    0.10359555554,
    0.10601753968000001,
    0.10843952384,
    0.11086150792,
    0.11328349206000002,
    0.11570547618,
    0.11812746031999999,
    0.12054944444000001,
    0.12297142857999999,
    0.12539341269999998,
    0.12781539684000004,
    0.13023738096,
    0.13265936504,
    0.13508134921999998,
    0.13750333334,
    0.13992531744,
    0.1423473016,
    0.1464159524,
    0.15048460316,
    0.15455325395999997,
    0.15862190478,
    0.16355309524,
    0.1684842857,
    0.17341547622,
    0.17834666666000001,
    0.18327785714,
    0.18820904759999998,
    0.1931402381,
    0.19807142858,
    0.20488452379999997,
    0.21169761906,
    0.21851071428000002,
    0.22532380952000003,
    0.23254857142000002,
    0.23977333333999998,
    0.24699809524,
    0.25422285714,
    0.26144761906,
    0.26867238094,
    0.27589714286,
    0.28312190476,
    0.29199333332000005,
    0.30086476192,
    0.30973619048,
    0.31860761904000007,
    0.32747904761999996,
    0.33635047619999997,
    0.34522190474,
    0.35409333334,
    0.36319999999999997,
    0.37230666666,
    0.38141333334,
    0.39052,
    0.40077933334000004,
    0.41103866666,
    0.421298,
    0.43155733333999996,
    0.44264000000000003,
    0.45372266666000005,
    0.46480533334,
    0.47588800000000003,
    0.48697066666,
    0.49805333333999996,
    0.509136,
    0.52021866666,
    0.53130133334,
    0.542384,
    0.55346666666,
    0.56454933334,
    0.5751379999999999,
    0.5857266666600001,
    0.59631533334,
    0.6069039999999999,
    0.61692809524,
    0.6269521904800001,
    0.6369762857200001,
    0.64700038094,
    0.6570244761999999,
    0.66704857142,
    0.67707266666,
    0.68709676192,
    0.6971208571399999,
    0.70714495238,
    0.71716904762,
    0.72719314286,
    0.7372172380800001,
    0.7472413333400001,
    0.75726542858,
    0.7672895237999999,
    0.77426728572,
    0.78124504762,
    0.7882228095199999,
    0.79520057142,
    0.80217833334,
    0.80915609524,
    0.81613385714,
    0.82311161906,
    0.82926604762,
    0.83542047618,
    0.8415749047600001,
    0.84772933334,
    0.85195896078,
    0.85618858824,
    0.8604182156999999,
    0.86464784314,
    0.86779684558,
    0.8709458480400001,
    0.8740948504799999,
    0.8772438529400001,
    0.8795695220599999,
    0.8818951911800001,
    0.8842208602999999,
    0.88654652942,
    0.88887219852,
    0.8911978676400001,
    0.8935235367600001,
    0.89584920588,
    0.8981748750000002,
    0.90050054412,
    0.90282621324,
    0.90515188236,
    0.90607788482,
    0.9070038872399999,
    0.9079298897000001,
    0.9088558921600001,
    0.9097818946,
    0.91070789706,
    0.91163389952,
    0.9125599019599999,
    0.9134859044200001,
    0.9144119068600001,
    0.9153379093,
    0.91626391176,
    0.9171899142200001,
    0.91811591666,
    0.91904191912,
    0.91996792158,
    0.9208939240199999,
    0.9218199264800001,
    0.9227459289200001,
    0.92367193136,
    0.92459793382,
    0.92552393628,
    0.92644993872,
    0.92737594118,
    0.92830194364,
    0.9292279460799999,
    0.9301539485199999,
    0.9310799509799998,
    0.9320059534199998,
    0.93293195588,
    0.9338579583400002,
    0.9347839607800001,
    0.9357099632399999,
    0.9366359657000001,
    0.93756196814,
    0.93848797058,
    0.93941397304,
    0.9403399754799999,
    0.94126597794,
    0.9421919804,
    0.9431179828400001,
    0.9440439853000001,
    0.9449699877600001,
    0.94589599018,
    0.94682199264,
    0.9477479951,
    0.94867399754,
    0.9496
  ],
  "submitted": true
}