{
  "num_valid_cdfs": 5,
  "method": "weighted_average",
  "final_cdf_length": 201,
  "final_cdf_sample": [
    0.05045000000000001,
    0.05098819108,
    0.05152638218000001,
    0.052064573280000005,
    0.05260276436,
    0.99353980352,
    0.99515485264,
    0.9967699017399999,
    0.9983849509,
    1.0
  ]
}