{
  "distribution": {
    "0": 0.594059405940594,
    "1": 0.3465346534653465,
    "2": 0.04950495049504951,
    "3+": 0.009900990099009901
  },
  "weight": 1.0
}