{
  "num_valid_cdfs": 4,
  "method": "weighted_average",
  "final_cdf_length": 32,
  "final_cdf_sample": [
    0.0,
    0.012345717925,
    0.024691435775,
    0.0370371537,
    0.049382871625,
    0.935836326025,
    0.939264744525,
    0.9426931630000001,
    0.946121581525,
    0.94955
  ]
}