{
  "percentiles": {
    "10": 961.8593,
    "25": 1295.1605,
    "50": 1833.5501,
    "75": 2484.1147,
    "90": 5284.9854
  },
  "cdf": [
    0.0504,
    0.055028388175,
    0.059656776325,
    0.06428516447499999,
    0.06891355260000001,
    0.07354194074999999,
    0.07817032892499999,
    0.0864119154,
    0.10080133190000001,
    0.11804112839999999,
    0.1440543649,
    0.16913558807499998,
    0.18739961114999998,
    0.20566363432499998,
    0.23167845292499997,
    0.24946811385,
    0.269324994275,
    0.289578300475,
    0.31045051809999996,
    0.33153409712500004,
    0.353098502875,
    0.37495700325,
    0.397172077525,
    0.41975014772499997,
    0.4423282179,
    0.46524738335000004,
    0.488932484,
    0.5126175846500001,
    0.53630268535,
    0.559987786,
    0.5836728866500001,
    0.60735798735,
    0.626703792,
    0.6443897566499999,
    0.6618754866750001,
    0.677971841675,
    0.69359478,
    0.709217718325,
    0.7248406566750001,
    0.737581105,
    0.747392133325,
    0.7563406376749999,
    0.7638269019999999,
    0.771313166325,
    0.778799430675,
    0.786285695,
    0.793771959325,
    0.801258223675,
    0.806814594675,
    0.81236355565,
    0.817912516675,
    0.8234614776750001,
    0.82762662705,
    0.831321312,
    0.83501599695,
    0.8387106819000001,
    0.84240536685,
    0.8461000518249999,
    0.8497947367500001,
    0.853489421725,
    0.857184106675,
    0.8608787916,
    0.8643474221749999,
    0.866182295925,
    0.868017169675,
    0.869852043425,
    0.8716869171999999,
    0.8735217909249999,
    0.875356664675,
    0.876393577075,
    0.8771598092749999,
    0.877926041525,
    0.8786922737749999,
    0.879458506,
    0.8802247382249999,
    0.880990970475,
    0.8817572027,
    0.882523434925,
    0.8832896671999999,
    0.8840558994000001,
    0.88482213165,
    0.8855883639,
    0.8863545960999999,
    0.88712082835,
    0.8878870606,
    0.8886532928249999,
    0.889419525075,
    0.8901857573249999,
    0.890951989525,
    0.8917182217749999,
    0.892484454025,
    0.8932506862249999,
    0.8940169185,
    0.8947831507249999,
    0.89554938295,
    0.8963156152,
    0.897081847425,
    0.8978480796499999,
    0.8986143119,
    0.89938054415,
    0.900146776375,
    0.9009130086249999,
    0.9016792408500001,
    0.902445473075,
    0.903211705325,
    0.90397793755,
    0.9047441697999999,
    0.905510402025,
    0.9062766342749999,
    0.9070428665,
    0.907809098725,
    0.908575330975,
    0.9093415631999999,
    0.9101077954499999,
    0.910874027675,
    0.911640259925,
    0.91208751635,
    0.91253409355,
    0.9129806707250001,
    0.9134272479,
    0.913873825125,
    0.914320402275,
    0.914766979475,
    0.9152135566749999,
    0.9156601338249999,
    0.916106711025,
    0.916553288225,
    0.9169998654,
    0.917446442575,
    0.9178930198,
    0.91833959695,
    0.91878617415,
    0.9192327513499999,
    0.9196793285,
    0.920125905725,
    0.9205724828999999,
    0.921019060075,
    0.9214656372750001,
    0.92191221445,
    0.922358791625,
    0.922805368825,
    0.923251946025,
    0.923698523175,
    0.9241451003999999,
    0.924591677575,
    0.925038254725,
    0.92548483195,
    0.9259314091249999,
    0.9263779863250001,
    0.9268245635000001,
    0.9272711406999999,
    0.927717717875,
    0.9281642950500001,
    0.92861087225,
    0.9290574494250001,
    0.929504026625,
    0.9299506037999999,
    0.930397181,
    0.930843758175,
    0.9312903353499999,
    0.93173691255,
    0.932183489725,
    0.9326300669500001,
    0.9330766441,
    0.9335232213,
    0.9339697985,
    0.9344163756499999,
    0.93486295285,
    0.9353095300500001,
    0.935756107225,
    0.9362026844,
    0.936649261625,
    0.937095838775,
    0.9375424159500001,
    0.9379889931750001,
    0.938435570325,
    0.938882147525,
    0.939328724725,
    0.9397753019,
    0.9402218791000001,
    0.9406684562750001,
    0.9411150334499999,
    0.94156161065,
    0.9420081878500001,
    0.9424547649999999,
    0.9429013422250001,
    0.9433479194,
    0.94379449655,
    0.944241073775,
    0.9446876509500001,
    0.9451342281249999,
    0.945580805325,
    0.946027382525,
    0.9464739597,
    0.9469205368750001,
    0.947367114075,
    0.9478136912499999,
    0.94826026845,
    0.9487068456250001,
    0.949153422825,
    0.9496
  ],
  "submitted": true
}