{
  "num_valid_cdfs": 5,
  "method": "weighted_average",
  "final_cdf_length": 201,
  "final_cdf_sample": [
    0.0504,
    0.05113353334,
    0.05186706666,
    0.052600599979999996,
    0.05333413334,
    0.9464425371,
    0.9472319028400001,
    0.94802126856,
    0.94881063428,
    0.9496
  ]
}