{
  "percentiles": {
    "10": 3.5,
    "20": 3.50000001,
    "40": 3.75,
    "60": 3.75000001,
    "80": 3.75000002,
    "90": 3.9
  },
  "cdf_length": 201,
  "error": null
}