{
  "distribution": {
    "Labour Party": 0.4166666666666667,
    "Reform UK": 0.37000000000000005,
    "Green Party": 0.18333333333333335,
    "Other": 0.03
  },
  "submitted": true
}