{
  "num_valid_cdfs": 5,
  "method": "weighted_average",
  "final_cdf_length": 201,
  "final_cdf_sample": [
    0.0504,
    0.0518851835,
    0.053370366960000006,
    0.054855550479999994,
    0.05634073398,
    0.9478256315,
    0.9482692236200002,
    0.9487128157600001,
    0.94915640786,
    0.9496
  ]
}