{
  "distribution": {
    "Nepali Congress": 0.38346433656198786,
    "Communist Party of Nepal (Unified Marxist-Leninist)": 0.290941359683846,
    "Nepali Communist Party": 0.12920919140285203,
    "Rastriya Swatantra Party": 0.14573407093917684,
    "Rastriya Prajatantra Party": 0.019891216169988176,
    "Ujyaalo Nepal Party": 0.009924219470318206,
    "Pragatisheel Loktantrik Party": 0.009924219470318206,
    "Other": 0.010911386301512678
  },
  "submitted": true
}