{
  "percentiles": {
    "1": 0.010198983688194488,
    "5": 0.010994918440972442,
    "10": 0.011989836881944887,
    "25": 0.014974592204862216,
    "50": 0.019949184409724492,
    "75": 0.9889754077951366,
    "90": 0.9919601631180528,
    "95": 0.992955081559025,
    "99": 0.9937510163118027
  },
  "cdf": [
    0.01,
    0.010099491844097244,
    0.010198983688194488,
    0.010298475532291733,
    0.010397967376388978,
    0.010497459220486222,
    0.010596951064583466,
    0.010696442908680711,
    0.010795934752777955,
    0.010895426596875198,
    0.010994918440972442,
    0.011094410285069686,
    0.011193902129166933,
    0.011293393973264176,
    0.01139288581736142,
    0.011492377661458665,
    0.01159186950555591,
    0.011691361349653154,
    0.011790853193750398,
    0.011890345037847642,
    0.011989836881944887,
    0.01208932872604213,
    0.012188820570139374,
    0.01228831241423662,
    0.012387804258333865,
    0.012487296102431109,
    0.012586787946528353,
    0.012686279790625596,
    0.012785771634722842,
    0.012885263478820085,
    0.012984755322917329,
    0.013084247167014573,
    0.01318373901111182,
    0.013283230855209063,
    0.013382722699306307,
    0.01348221454340355,
    0.013581706387500798,
    0.013681198231598041,
    0.013780690075695285,
    0.013880181919792529,
    0.013979673763889774,
    0.014079165607987018,
    0.014178657452084261,
    0.014278149296181505,
    0.014377641140278752,
    0.014477132984375996,
    0.01457662482847324,
    0.014676116672570483,
    0.014775608516667729,
    0.014875100360764972,
    0.014974592204862216,
    0.01507408404895946,
    0.015173575893056707,
    0.01527306773715395,
    0.015372559581251194,
    0.015472051425348438,
    0.015571543269445685,
    0.01567103511354293,
    0.015770526957640175,
    0.01587001880173742,
    0.015969510645834663,
    0.01606900248993191,
    0.016168494334029157,
    0.016267986178126404,
    0.016367478022223648,
    0.016466969866320895,
    0.01656646171041814,
    0.016665953554515382,
    0.01676544539861263,
    0.016864937242709876,
    0.016964429086807124,
    0.01706392093090437,
    0.017163412775001614,
    0.017262904619098858,
    0.017362396463196105,
    0.01746188830729335,
    0.017561380151390596,
    0.017660871995487843,
    0.01776036383958509,
    0.017859855683682334,
    0.017959347527779577,
    0.018058839371876825,
    0.018158331215974072,
    0.018257823060071315,
    0.018357314904168563,
    0.01845680674826581,
    0.018556298592363053,
    0.0186557904364603,
    0.018755282280557544,
    0.01885477412465479,
    0.01895426596875204,
    0.019053757812849282,
    0.01915324965694653,
    0.019252741501043773,
    0.01935223334514102,
    0.019451725189238267,
    0.01955121703333551,
    0.019650708877432758,
    0.019750200721530005,
    0.01984969256562725,
    0.019949184409724492,
    0.02004867625382174,
    0.020148168097918986,
    0.020247659942016234,
    0.020347151786113477,
    0.020446643630210724,
    0.020546135474307968,
    0.02064562731840521,
    0.02074511916250246,
    0.020844611006599706,
    0.020944102850696953,
    0.02366696054126079,
    0.029033113078937384,
    0.037370662510982686,
    0.0651918440973494,
    0.1582791835116999,
    0.26325924114359556,
    0.6412793730849828,
    0.7186842297913778,
    0.7994488353391782,
    0.8751784331528869,
    0.9768765931349689,
    0.9861896361604146,
    0.9862891280045119,
    0.986388619848609,
    0.9864881116927062,
    0.9865876035368035,
    0.9866870953809007,
    0.9867865872249979,
    0.9868860790690951,
    0.9869855709131923,
    0.9870850627572896,
    0.9871845546013868,
    0.987284046445484,
    0.9873835382895813,
    0.9874830301336784,
    0.9875825219777756,
    0.9876820138218727,
    0.9877815056659699,
    0.9878809975100673,
    0.9879804893541644,
    0.9880799811982616,
    0.988179473042359,
    0.9882789648864561,
    0.9883784567305532,
    0.9884779485746504,
    0.9885774404187476,
    0.9886769322628449,
    0.9887764241069421,
    0.9888759159510393,
    0.9889754077951366,
    0.9890748996392338,
    0.989174391483331,
    0.9892738833274282,
    0.9893733751715252,
    0.9894728670156226,
    0.9895723588597198,
    0.9896718507038169,
    0.9897713425479143,
    0.9898708343920115,
    0.9899703262361086,
    0.9900698180802058,
    0.990169309924303,
    0.9902688017684003,
    0.9903682936124975,
    0.9904677854565946,
    0.9905672773006919,
    0.9906667691447891,
    0.9907662609888863,
    0.9908657528329835,
    0.9909652446770807,
    0.991064736521178,
    0.9911642283652752,
    0.9912637202093724,
    0.9913632120534697,
    0.9914627038975669,
    0.991562195741664,
    0.9916616875857611,
    0.9917611794298583,
    0.9918606712739557,
    0.9919601631180528,
    0.99205965496215,
    0.9921591468062474,
    0.9922586386503445,
    0.9923581304944417,
    0.9924576223385388,
    0.992557114182636,
    0.9926566060267333,
    0.9927560978708305,
    0.9928555897149277,
    0.992955081559025,
    0.9930545734031222,
    0.9931540652472194,
    0.9932535570913166,
    0.9933530489354137,
    0.9934525407795111,
    0.9935520326236083,
    0.9936515244677053,
    0.9937510163118027,
    0.9938505081558999,
    0.993949999999997
  ],
  "dry_run": true
}