{
  "percentiles": {
    "10": 2.4426,
    "25": 2.5815,
    "50": 2.6831,
    "75": 2.8221,
    "90": 3.3726
  },
  "cdf": [
    0.0504,
    0.0526310194,
    0.054862038839999995,
    0.057093058239999994,
    0.059324077659999995,
    0.061555097040000006,
    0.06378611646,
    0.06601713588,
    0.06824815526,
    0.07047917466,
    0.07271019411999999,
    0.07494121349999999,
    0.07717223292,
    0.07940325231999999,
    0.08163427174,
    0.08386529116,
    0.08609631052,
    0.08832732996,
    0.09055834938,
    0.09308912876,
    0.09726512502,
    0.1014411213,
    0.10712703464,
    0.11371298166000002,
    0.12254728956000001,
    0.13138159746,
    0.14177874806000001,
    0.15361275006,
    0.17060440703999996,
    0.18759606404,
    0.2091714208,
    0.23226756149999997,
    0.25536370218000004,
    0.27845984288,
    0.30499355174,
    0.3367684999000001,
    0.36947958592,
    0.40298313426,
    0.43603636216,
    0.4692634687,
    0.50333743566,
    0.53469441034,
    0.56404539038,
    0.59339637036,
    0.61974086998,
    0.64041213468,
    0.65920816242,
    0.6773653027,
    0.69552244294,
    0.7136795832,
    0.7318367234600001,
    0.74962427796,
    0.7640184513799999,
    0.77480340368,
    0.7831171249200001,
    0.7909608800600001,
    0.7988046352,
    0.80664839036,
    0.8144921455,
    0.8223359006400001,
    0.83017965578,
    0.83802341092,
    0.84586716606,
    0.85184275298,
    0.85770044202,
    0.8635581310399999,
    0.8673405215600001,
    0.8702309251599999,
    0.8721223804599999,
    0.8740138358000001,
    0.8759052911200002,
    0.8777967464599999,
    0.8793517105599999,
    0.8802465723199999,
    0.8811414340799999,
    0.8820362958600001,
    0.8829311576000001,
    0.88382601936,
    0.88472088114,
    0.88561574288,
    0.88651060466,
    0.8874054664,
    0.88830032816,
    0.88919518992,
    0.89009005172,
    0.89098491346,
    0.8918797752,
    0.8927746369799999,
    0.8936694987200001,
    0.8945643605000001,
    0.8954592222600001,
    0.89635408402,
    0.89724894578,
    0.89814380754,
    0.8990386693000001,
    0.8999335310400001,
    0.9008283928199999,
    0.90172325458,
    0.90261811636,
    0.9035129781199999,
    0.90440783986,
    0.9053027016399999,
    0.9058707688200001,
    0.90631698546,
    0.9067632021200002,
    0.9072094187799999,
    0.9076556353999999,
    0.90810185206,
    0.9085480687,
    0.90899428532,
    0.909440502,
    0.9098867186399999,
    0.9103329352800001,
    0.9107791519200001,
    0.9112253685799999,
    0.9116715852,
    0.91211780184,
    0.91256401852,
    0.9130102351400001,
    0.9134564517999999,
    0.9139026684200001,
    0.9143488850599999,
    0.9147951017,
    0.91524131834,
    0.915687535,
    0.91613375164,
    0.9165799683,
    0.9170261849200001,
    0.9174724015999999,
    0.9179186182400001,
    0.9183648349,
    0.91881105154,
    0.91925726818,
    0.9197034848200001,
    0.92014970146,
    0.9205959181200001,
    0.9210421347400001,
    0.9214883514200001,
    0.92193456804,
    0.92238078466,
    0.9228270013200002,
    0.92327321796,
    0.9237194346000001,
    0.92416565124,
    0.92461186792,
    0.92505808454,
    0.9255043011999999,
    0.9259505178399999,
    0.9263967344600001,
    0.92684295112,
    0.92728916778,
    0.92773538442,
    0.92818160106,
    0.92862781772,
    0.9290740343399999,
    0.9295202509799999,
    0.9299664676199999,
    0.93041268428,
    0.93085890094,
    0.93130511758,
    0.93175133422,
    0.93219755086,
    0.9326437675000001,
    0.9330899841399999,
    0.9335362008000001,
    0.93398241746,
    0.93442863408,
    0.93487485074,
    0.93532106738,
    0.93576728402,
    0.9362135006800001,
    0.9366597173200001,
    0.9371059339599999,
    0.9375521506,
    0.93799836724,
    0.93844458386,
    0.9388908005200001,
    0.9393370171800001,
    0.9397832337999998,
    0.9402294504600001,
    0.9406756671000001,
    0.9411218837399999,
    0.9415681003799999,
    0.9420143170399999,
    0.9424605336799999,
    0.94290675032,
    0.943352967,
    0.94379918362,
    0.94424540028,
    0.9446916169200001,
    0.9451378335799999,
    0.9455840502200001,
    0.94603026686,
    0.94647648348,
    0.94692270012,
    0.94736891678,
    0.9478151334,
    0.9482613500799999,
    0.9487075667200001,
    0.9491537833599999,
    0.9496
  ],
  "submitted": true
}