{
  "num_valid_cdfs": 5,
  "method": "weighted_average",
  "final_cdf_length": 201,
  "final_cdf_sample": [
    0.01,
    0.010099490284795253,
    0.010198980569590507,
    0.010298470854385757,
    0.01039796113918101,
    0.9905420388608184,
    0.9906415291456137,
    0.9907410194304089,
    0.9908405097152041,
    0.9909399999999995
  ]
}