{
  "num_valid_cdfs": 5,
  "method": "weighted_average",
  "final_cdf_length": 201,
  "final_cdf_sample": [
    0.0504,
    0.05209666668,
    0.053793333320000004,
    0.05549,
    0.05718666668,
    0.94589599018,
    0.94682199264,
    0.9477479951,
    0.94867399754,
    0.9496
  ]
}