{
  "num_valid_cdfs": 5,
  "method": "weighted_average",
  "final_cdf_length": 201,
  "final_cdf_sample": [
    0.06028,
    0.06243197574,
    0.06458395152,
    0.06673592728000001,
    0.06888790302,
    0.94288113454,
    0.9445608509,
    0.9462405672800001,
    0.94792028364,
    0.9496
  ]
}