{
  "num_valid_cdfs": 5,
  "method": "weighted_average",
  "final_cdf_length": 12,
  "final_cdf_sample": [
    0.0,
    0.7146334655,
    0.8727673894400001,
    0.89784676452,
    0.9043096689000001,
    0.9236983822200001,
    0.93016128668,
    0.9366241911400002,
    0.9430870955399999,
    0.94955
  ]
}