{
  "percentiles": {
    "10": -13.1666,
    "25": -5.2201,
    "50": 2.1299,
    "75": 9.483
  },
  "cdf": [
    0.06769,
    0.07033350000000001,
    0.072977,
    0.07562050000000001,
    0.078264,
    0.0809075,
    0.083551,
    0.0861945,
    0.088838,
    0.09148150000000002,
    0.09412499999999999,
    0.0967685,
    0.099412,
    0.1020555,
    0.1046002,
    0.10709550000000001,
    0.10959079999999999,
    0.11208610000000001,
    0.11458139999999999,
    0.11707669999999999,
    0.11957200000000001,
    0.12195872857999998,
    0.12434545714,
    0.12673218572,
    0.12911891428,
    0.13150564286000002,
    0.13389237142,
    0.1362791,
    0.13866582858,
    0.14105255714,
    0.14343928572,
    0.14582601428,
    0.14821274286000002,
    0.15059947142000002,
    0.1532332,
    0.15599042858,
    0.15874765714,
    0.16150488572,
    0.16426211427999998,
    0.16701934286000003,
    0.16977657142,
    0.1725338,
    0.17529102858,
    0.17804825714,
    0.18080548572,
    0.18356271427999998,
    0.18631994286,
    0.18920890476,
    0.19236133334,
    0.19551376191999997,
    0.19866619047999998,
    0.20181861905999998,
    0.20497104762,
    0.20812347620000002,
    0.21127590476,
    0.21442833334000003,
    0.21758076192,
    0.22073319047999998,
    0.22388561905999999,
    0.22703804761999996,
    0.2301904762,
    0.23383690476000002,
    0.23748333334,
    0.24112976192,
    0.24508019048000002,
    0.24918261906000003,
    0.25328504762000004,
    0.25757566668,
    0.26224266668,
    0.26690966668000005,
    0.27157666668,
    0.27624366668,
    0.28091066668,
    0.28557766668,
    0.29024466668,
    0.29491166668,
    0.29957866668,
    0.30424566667999997,
    0.30891266668000006,
    0.31357966668000004,
    0.31824666668,
    0.32291366668,
    0.32758066668,
    0.33224766668,
    0.33691466668,
    0.34158166667999995,
    0.34624866668,
    0.35101681906,
    0.3559872762,
    0.36095773334,
    0.36592819047999997,
    0.37089864762,
    0.37586910476,
    0.38083956191999996,
    0.38581001906,
    0.3907804762,
    0.39575093334,
    0.40072139047999994,
    0.40569184762,
    0.41066230476000004,
    0.4156327619200001,
    0.42109721905999997,
    0.42656167619999996,
    0.43202613333999995,
    0.43749059048000005,
    0.44295504761999993,
    0.44841950476000003,
    0.45418373970000003,
    0.46054753016000005,
    0.46691132063999996,
    0.47327511112,
    0.47963890158,
    0.48600269206,
    0.49236648254000004,
    0.49873027301999995,
    0.5050940635000001,
    0.51145785398,
    0.51782164444,
    0.52418543492,
    0.5305492254,
    0.53691301586,
    0.54274987302,
    0.54858673018,
    0.5544235873,
    0.56026044444,
    0.5660973015999999,
    0.5719341587200001,
    0.5776063492,
    0.58294920638,
    0.5882920635000001,
    0.5936349206400001,
    0.5989777777999999,
    0.60432063492,
    0.6096634920599999,
    0.61467701588,
    0.6195258730200001,
    0.62437473016,
    0.6291437489199999,
    0.6337530909,
    0.6383624328999999,
    0.6429717749,
    0.64758111688,
    0.65219045888,
    0.65679980088,
    0.66140914286,
    0.66601848484,
    0.67062782684,
    0.67523716882,
    0.6798465108,
    0.68445585282,
    0.68906519482,
    0.6936745368,
    0.6982838788000001,
    0.7028932207799999,
    0.70750256276,
    0.71211190476,
    0.71672124676,
    0.72133058874,
    0.7259399307399999,
    0.73054927272,
    0.7351586147,
    0.73976795672,
    0.7443772987,
    0.7489866407,
    0.7535959827,
    0.75820532468,
    0.76281466666,
    0.7672922753200001,
    0.7715064173,
    0.77572055928,
    0.7799347013,
    0.78414884328,
    0.7883629852799999,
    0.7925771272800001,
    0.7960256762,
    0.79909142856,
    0.8021571809600001,
    0.8052229333400002,
    0.80828868572,
    0.8113544381200001,
    0.8144201904799999,
    0.81684491906,
    0.81926964762,
    0.8216943762,
    0.8241191047599999,
    0.8265438333399999,
    0.82896856192,
    0.83139329048,
    0.8338180190600001,
    0.8362427476200001,
    0.8386674762,
    0.84109220476,
    0.8435169333400001,
    0.8459416619199999,
    0.8483663904800001,
    0.8507911190599999,
    0.8532158476199999,
    0.8556405762000001,
    0.85806530476,
    0.86049003334,
    0.8629147619199999
  ],
  "submitted": true
}