{
  "percentiles": {
    "10": 0.8617,
    "25": 3.4677,
    "50": 3.7411,
    "75": 3.9453,
    "90": 6.2309
  },
  "cdf": [
    0.0504,
    0.05241460242,
    0.0544292048,
    0.056443807199999994,
    0.058458409620000006,
    0.060473012019999994,
    0.062487614440000006,
    0.06450221686,
    0.06651681924,
    0.06853142164,
    0.07054602406,
    0.07256062646,
    0.07457522888,
    0.07658983126000002,
    0.07860443366,
    0.08061903608,
    0.08263363846,
    0.08464824089999999,
    0.08666284332000002,
    0.08867744568,
    0.0906920481,
    0.09270665051999999,
    0.09472125292,
    0.09673585532,
    0.09875045772,
    0.10076506012,
    0.10277966252000001,
    0.10479426493999999,
    0.10680886736000002,
    0.10882346975999999,
    0.11083807216000001,
    0.11285267456,
    0.11486727697999999,
    0.11688187936000001,
    0.11889648177999998,
    0.12091108417999999,
    0.12292568658000003,
    0.12494028898000001,
    0.1269548914,
    0.1289694938,
    0.1309840962,
    0.13299869862,
    0.13501330102,
    0.13702790344,
    0.13904250584,
    0.14105710822,
    0.14307171064,
    0.14508631304,
    0.14710091544,
    0.14911551786000002,
    0.15113012026,
    0.15314472265999998,
    0.15515932508000002,
    0.15717392748,
    0.15918852988,
    0.16120313228,
    0.16321773468000003,
    0.16523233707999999,
    0.1672469395,
    0.1692615419,
    0.17127614432,
    0.17329074670000003,
    0.17530534912,
    0.17731995154,
    0.17933455394,
    0.18134915633999998,
    0.18336375874000002,
    0.18537836116,
    0.18739296354,
    0.18940756596,
    0.19142216837999998,
    0.19343677074,
    0.19545137316,
    0.19746597557999998,
    0.19948057800000002,
    0.20149518039999997,
    0.20350978278,
    0.2055243852,
    0.2075389876,
    0.20955358999999998,
    0.21156819242,
    0.21358279484000003,
    0.21559739720000004,
    0.21761199962000002,
    0.21962660206,
    0.22164120444000002,
    0.22365580686,
    0.22567040926,
    0.22768501166,
    0.22969961406,
    0.23171421647999998,
    0.23372881888000002,
    0.23574342125999997,
    0.23775802366,
    0.23977262608000002,
    0.24178722849999995,
    0.24380183090000002,
    0.2458164333,
    0.24783103572000004,
    0.2498456381,
    0.25186024052,
    0.26734136876,
    0.28282249698,
    0.2983036252,
    0.31378475342000006,
    0.35297515204,
    0.40782425882,
    0.5114715773199999,
    0.69202364342,
    0.7095359951200001,
    0.72704834682,
    0.73547908234,
    0.74390981788,
    0.7523405534200001,
    0.75547969804,
    0.7577369108800001,
    0.7599941236800001,
    0.76225133648,
    0.7645085493200001,
    0.76676576212,
    0.7690229749399999,
    0.7712801877600001,
    0.77353740056,
    0.77579461338,
    0.7780518262,
    0.7803090389799999,
    0.78256625182,
    0.78482346464,
    0.78708067746,
    0.78933789026,
    0.79159510308,
    0.7938523158999999,
    0.7961095287,
    0.79836674152,
    0.80062395434,
    0.80288116714,
    0.80513837998,
    0.8073955927800001,
    0.8096528055800001,
    0.8119100183800001,
    0.8141672311999999,
    0.8164244440200001,
    0.8186816568199999,
    0.82093886964,
    0.82319608246,
    0.82545329526,
    0.82771050808,
    0.8299677209,
    0.8322249337000001,
    0.8344821465399999,
    0.8367393593400001,
    0.8389965721399999,
    0.8412537849799999,
    0.8435109977599999,
    0.84576821056,
    0.8480254234,
    0.85028263622,
    0.8525398490399999,
    0.85479706186,
    0.85705427466,
    0.8593114874800001,
    0.8615687003,
    0.86382591312,
    0.8660831259199998,
    0.86834033872,
    0.8705975515600001,
    0.8728547643400001,
    0.8751119771400001,
    0.8773691899799999,
    0.8796264027800001,
    0.8818836156,
    0.88414082842,
    0.88639804122,
    0.88865525404,
    0.89091246686,
    0.89316967966,
    0.89542689248,
    0.8976841053000001,
    0.8999413181200001,
    0.90219853092,
    0.90445574372,
    0.9067129565400001,
    0.9089701693399999,
    0.9112273821800001,
    0.9134845949800001,
    0.9157418077800001,
    0.9179990206399999,
    0.92025623344,
    0.92251344624,
    0.92477065906,
    0.92702787188,
    0.9292850847,
    0.9315422975000001,
    0.9337995103199999,
    0.9360567231200001,
    0.9383139359199999,
    0.9405711487399999,
    0.9428283615599999,
    0.94508557436,
    0.9473427872,
    0.9496
  ],
  "submitted": true
}