{
  "num_valid_cdfs": 5,
  "method": "weighted_average",
  "final_cdf_length": 201,
  "final_cdf_sample": [
    0.0504,
    0.051615992,
    0.05283198398,
    0.054047975959999994,
    0.055263967940000006,
    0.9479899704600001,
    0.94839247784,
    0.9487949851999999,
    0.9491974926000001,
    0.9496
  ]
}