{
  "num_valid_cdfs": 5,
  "method": "weighted_average",
  "final_cdf_length": 201,
  "final_cdf_sample": [
    0.011934561545915944,
    0.012309120866958989,
    0.012692177064265897,
    0.01314278355256777,
    0.013735413593953963,
    0.991305256308261,
    0.9915501987140161,
    0.9917920624063171,
    0.9919248812681264,
    0.9920243711006534
  ]
}