{
  "percentiles": {
    "1": 0.01019898513317609,
    "5": 0.010994925665880454,
    "10": 0.011989851331760911,
    "25": 0.014974628329402278,
    "50": 0.9821347417590932,
    "75": 0.9903764629860736,
    "90": 0.9933612399837146,
    "95": 0.994356165649595,
    "99": 0.9951521061822992
  },
  "cdf": [
    0.01,
    0.010099492566588045,
    0.01019898513317609,
    0.01029847769976414,
    0.010397970266352183,
    0.010497462832940226,
    0.010596955399528273,
    0.01069644796611632,
    0.010795940532704365,
    0.01089543309929241,
    0.010994925665880454,
    0.011094418232468503,
    0.011193910799056548,
    0.011293403365644591,
    0.011392895932232637,
    0.011492388498820685,
    0.011591881065408729,
    0.011691373631996776,
    0.01179086619858482,
    0.011890358765172868,
    0.011989851331760911,
    0.012089343898348957,
    0.012188836464937002,
    0.01228832903152505,
    0.012387821598113094,
    0.01248731416470114,
    0.012586806731289184,
    0.012686299297877231,
    0.012785791864465277,
    0.01288528443105332,
    0.012984776997641367,
    0.013084269564229414,
    0.01318376213081746,
    0.013283254697405506,
    0.01338274726399355,
    0.013482239830581597,
    0.01358173239716964,
    0.013681224963757685,
    0.013780717530345732,
    0.01388021009693378,
    0.013979702663521823,
    0.01407919523010987,
    0.014178687796697915,
    0.014278180363285962,
    0.014377672929874005,
    0.014477165496462049,
    0.014576658063050096,
    0.014676150629638143,
    0.014775643196226188,
    0.014875135762814235,
    0.014974628329402278,
    0.015074120895990325,
    0.01517361346257837,
    0.015273106029166414,
    0.01537259859575446,
    0.015472091162342508,
    0.015571583728930551,
    0.015671076295518598,
    0.01577056886210664,
    0.01587006142869469,
    0.015969553995282736,
    0.016069046561870786,
    0.01616853912845883,
    0.016927258397204183,
    0.018125996772967123,
    0.019547879630935537,
    0.021140360841327956,
    0.022851510840863266,
    0.024652135700101732,
    0.02677103111851218,
    0.03416631679877796,
    0.04766379165051733,
    0.06856139071803792,
    0.09937102104333585,
    0.14242162079310047,
    0.20030095865647546,
    0.2750135658904712,
    0.3682167444463984,
    0.4596246670358317,
    0.5465876732734526,
    0.6286205437078206,
    0.7016334455814923,
    0.7566060827235835,
    0.8000312065008253,
    0.8345353097029655,
    0.8622675934357968,
    0.8847039095717418,
    0.9035396147163384,
    0.9190225674752884,
    0.9314545150403329,
    0.9424547146313893,
    0.95238818124576,
    0.9603910662457846,
    0.9663624044444397,
    0.9702361166137005,
    0.9735158629894313,
    0.9760997883737044,
    0.977865194880728,
    0.9793938671321165,
    0.9808260677547329,
    0.9821347417590932,
    0.983293136894455,
    0.9842748003777378,
    0.9850535756612675,
    0.9856035992388451,
    0.9858992974896121,
    0.9859987900562002,
    0.9860982826227882,
    0.9861977751893762,
    0.9862972677559643,
    0.9863967603225523,
    0.9864962528891403,
    0.9865957454557284,
    0.9866952380223164,
    0.9867947305889044,
    0.9868942231554925,
    0.9869937157220805,
    0.9870932082886685,
    0.9871927008552566,
    0.9872921934218446,
    0.9873916859884326,
    0.9874911785550207,
    0.9875906711216087,
    0.9876901636881967,
    0.9877896562547848,
    0.9878891488213728,
    0.9879886413879608,
    0.9880881339545489,
    0.9881876265211369,
    0.9882871190877249,
    0.988386611654313,
    0.988486104220901,
    0.988585596787489,
    0.9886850893540771,
    0.9887845819206651,
    0.9888840744872531,
    0.9889835670538412,
    0.9890830596204292,
    0.9891825521870172,
    0.9892820447536053,
    0.9893815373201933,
    0.9894810298867813,
    0.9895805224533694,
    0.9896800150199574,
    0.9897795075865454,
    0.9898790001531335,
    0.9899784927197215,
    0.9900779852863095,
    0.9901774778528976,
    0.9902769704194856,
    0.9903764629860736,
    0.9904759555526617,
    0.9905754481192497,
    0.9906749406858377,
    0.9907744332524258,
    0.9908739258190138,
    0.9909734183856018,
    0.9910729109521899,
    0.9911724035187779,
    0.9912718960853659,
    0.991371388651954,
    0.991470881218542,
    0.99157037378513,
    0.991669866351718,
    0.9917693589183061,
    0.9918688514848941,
    0.9919683440514822,
    0.9920678366180702,
    0.9921673291846582,
    0.9922668217512463,
    0.9923663143178343,
    0.9924658068844223,
    0.9925652994510104,
    0.9926647920175984,
    0.9927642845841864,
    0.9928637771507745,
    0.9929632697173625,
    0.9930627622839505,
    0.9931622548505386,
    0.9932617474171266,
    0.9933612399837146,
    0.9934607325503026,
    0.9935602251168907,
    0.9936597176834787,
    0.9937592102500667,
    0.9938587028166548,
    0.9939581953832428,
    0.9940576879498308,
    0.9941571805164189,
    0.9942566730830069,
    0.994356165649595,
    0.994455658216183,
    0.994555150782771,
    0.994654643349359,
    0.9947541359159471,
    0.9948536284825351,
    0.9949531210491231,
    0.9950526136157112,
    0.9951521061822992,
    0.9952515987488872,
    0.9953510913154753
  ],
  "submitted": true
}