{
  "individual_probabilities": [
    [
      0.3,
      0.31,
      0.2,
      0.19
    ],
    [],
    [
      0.32,
      0.35,
      0.23,
      0.10000000000000012
    ],
    [
      0.45,
      0.34,
      0.15,
      0.06
    ],
    [
      0.45,
      0.3,
      0.17,
      0.08
    ]
  ],
  "weights": [
    1.0,
    1.0,
    1.0,
    1.0,
    1.0
  ],
  "method": "weighted_average",
  "final_probabilities": [
    0.38,
    0.325,
    0.18750000000000003,
    0.10750000000000004
  ]
}