{
  "num_valid_cdfs": 5,
  "method": "weighted_average",
  "final_cdf_length": 201,
  "final_cdf_sample": [
    0.01,
    0.010099492952012401,
    0.010198985904024804,
    0.010298478856037203,
    0.010397971808049604,
    0.9957020281919485,
    0.9958015211439608,
    0.9959010140959734,
    0.9960005070479857,
    0.9960999999999981
  ]
}