{
  "num_valid_cdfs": 5,
  "method": "weighted_average",
  "final_cdf_length": 201,
  "final_cdf_sample": [
    0.0504,
    0.050919988719999996,
    0.0514399774,
    0.0519599661,
    0.052479954819999994,
    0.9460848688600001,
    0.94696365166,
    0.94784243446,
    0.9487212172199999,
    0.9496
  ]
}