{
  "num_valid_cdfs": 4,
  "method": "weighted_average",
  "final_cdf_length": 201,
  "final_cdf_sample": [
    0.01,
    0.010099491914978156,
    0.010198983829956312,
    0.010298475744934468,
    0.010397967659912624,
    0.9936895323400842,
    0.9937890242550622,
    0.9938885161700403,
    0.9939880080850185,
    0.9940874999999966
  ]
}