{
  "percentiles": {
    "1": 0.014274194754628476,
    "5": 0.019254445680370262,
    "10": 0.03482743032262906,
    "25": 0.12627716250757937,
    "50": 0.6777116570867621,
    "75": 0.9656071372126553,
    "90": 0.988415902713303,
    "95": 0.9905801114361996,
    "99": 0.9913760222872388
  },
  "cdf": [
    0.013345040328511405,
    0.013803336447783502,
    0.014274194754628476,
    0.014756954937134931,
    0.015250956683391442,
    0.01575553968148661,
    0.01630477508635169,
    0.01696897174803055,
    0.017683695863727707,
    0.018446377239241488,
    0.019254445680370262,
    0.020105330992912365,
    0.020996462982666157,
    0.021999268489572933,
    0.02359041864678844,
    0.025287409382474396,
    0.027049940586324202,
    0.02888914126679291,
    0.03080107843935221,
    0.0327818191194737,
    0.03482743032262906,
    0.03693397906428997,
    0.03909753235992808,
    0.04131415722501505,
    0.043579920675022525,
    0.045890889725422164,
    0.048243131391685644,
    0.05063271268928465,
    0.05306483661069954,
    0.05558938306521172,
    0.05820899190423699,
    0.060917055561266524,
    0.06370696646979156,
    0.06656891160882684,
    0.06947960316302995,
    0.07243575111081209,
    0.07543755449373024,
    0.07848521235334144,
    0.08157966945647376,
    0.08472657605849701,
    0.08792937335182534,
    0.09121034063066134,
    0.09459478571318147,
    0.09809005539273244,
    0.10170349646266105,
    0.10544245571631394,
    0.10931427994703796,
    0.11332631594817974,
    0.11748591051308606,
    0.12180041043510371,
    0.12627716250757937,
    0.13092351352385975,
    0.13574681027729169,
    0.14075439956122185,
    0.14595362816899693,
    0.15135184289396375,
    0.1570973601161093,
    0.16331795462621448,
    0.16999016083381677,
    0.177090513148454,
    0.1845955459796637,
    0.19248179373698338,
    0.20072579082995085,
    0.2093040716681034,
    0.21819317066097899,
    0.2273696222181149,
    0.23680996074904906,
    0.2464907206633188,
    0.2563884363704618,
    0.2664796422800157,
    0.2767408728015182,
    0.28760767171548973,
    0.2993779303907227,
    0.3118596159290912,
    0.32505610711646327,
    0.33879033417582183,
    0.3531044920672838,
    0.36798713943305883,
    0.3831434912798235,
    0.39827876261425416,
    0.41309816844302766,
    0.4276898314138195,
    0.44228317182133203,
    0.4567953511427836,
    0.47114353085539185,
    0.48524487243637493,
    0.4990165373629508,
    0.5123756871123376,
    0.5253096863909719,
    0.5381827870369364,
    0.551048468497529,
    0.5639337309937655,
    0.5768556718499385,
    0.5897855874929899,
    0.6026947743498627,
    0.6155545288474993,
    0.6283355862403099,
    0.6409934216031026,
    0.6534764410934164,
    0.6657330508687899,
    0.6777116570867621,
    0.6894603746603343,
    0.7010376682895287,
    0.7124074688124158,
    0.7235337070670658,
    0.7343803138915489,
    0.7449112201239357,
    0.7550903566022964,
    0.7649014625771191,
    0.7744325610045898,
    0.783680786446636,
    0.7926240474576127,
    0.8012402525918748,
    0.8095210848268075,
    0.8175297297782509,
    0.8252645928720355,
    0.8327105973913287,
    0.8398526666192988,
    0.8466899626156756,
    0.8532955308770453,
    0.859675406767917,
    0.8658216857155758,
    0.8717264631473071,
    0.8773928788758822,
    0.8828769766441438,
    0.8881759724938373,
    0.8932757805259597,
    0.8981623148415081,
    0.9028287682625232,
    0.907305737827258,
    0.9115889990303023,
    0.9156671609353128,
    0.9195288326059468,
    0.9231626231058612,
    0.9265571414987129,
    0.9297009968481594,
    0.9326780205220189,
    0.9355770866477394,
    0.9383943684284213,
    0.9411260390671654,
    0.9437682717670727,
    0.9463172397312434,
    0.9487691161627789,
    0.9511254075662139,
    0.9534141585394127,
    0.9556365474182036,
    0.9577884049687757,
    0.9598655619573178,
    0.961863849150019,
    0.9637790973130684,
    0.9656071372126553,
    0.9673437996149685,
    0.9689849152861971,
    0.9705263149925303,
    0.9719638295001569,
    0.9732932895752661,
    0.9745166660785709,
    0.9756351239811941,
    0.9765683941802424,
    0.9774063675183051,
    0.9782205045958982,
    0.9790092468380385,
    0.9797710356697424,
    0.9805043125160271,
    0.9812075188019087,
    0.9818790959524042,
    0.9825174853925303,
    0.9831211285473034,
    0.9836884668417405,
    0.9842179417008581,
    0.9847079945496728,
    0.9851265306359633,
    0.9855356607347445,
    0.9859349333188387,
    0.9863238968610679,
    0.9867020998342537,
    0.9870690907112181,
    0.9874244179647835,
    0.9877676300677714,
    0.9880982754930039,
    0.988415902713303,
    0.988720060201491,
    0.9890102964303891,
    0.98928615987282,
    0.9895471990016051,
    0.9897929622895669,
    0.990022998209527,
    0.9902368552343075,
    0.9903811337234398,
    0.9904806225798197,
    0.9905801114361996,
    0.9906796002925795,
    0.9907790891489594,
    0.9908785780053393,
    0.9909780668617192,
    0.9910775557180991,
    0.991177044574479,
    0.9912765334308589,
    0.9913760222872388,
    0.9914755111436186,
    0.9915749999999985
  ],
  "submitted": true
}