{
  "percentiles": {
    "10": 34.6723,
    "25": 46.8472,
    "50": 56.9664,
    "75": 67.8438,
    "90": 91.8606
  },
  "cdf": [
    0.0,
    0.00210491706,
    0.00420983412,
    0.00631475116,
    0.00841966824,
    0.0105245853,
    0.01262950236,
    0.0147344194,
    0.01683933646,
    0.01894425352,
    0.02104917056,
    0.023154087639999998,
    0.025259004699999997,
    0.02736392178,
    0.029468838820000003,
    0.031573755860000004,
    0.03367867292,
    0.03578358996,
    0.03788850706,
    0.039993424099999994,
    0.04209834118,
    0.04420325824,
    0.04630817528,
    0.048413092320000004,
    0.05051800937999999,
    0.05262292648,
    0.05472784352,
    0.056832760579999995,
    0.058937677640000005,
    0.06104259467999999,
    0.06314751174000001,
    0.06525242878000001,
    0.06735734588,
    0.06946226293999999,
    0.07156718,
    0.07367209702000001,
    0.07577701408,
    0.07788193114,
    0.07998684820000002,
    0.08209176528,
    0.08419668234,
    0.0863015994,
    0.08840651644000001,
    0.09073728686,
    0.09351976402,
    0.09630224116,
    0.09908471836,
    0.10306812406000002,
    0.10945338691999999,
    0.1158386498,
    0.12222391265999999,
    0.12918547253999998,
    0.13729962637999998,
    0.14541378022,
    0.15402243406,
    0.1628783379,
    0.17173424176000002,
    0.18270943132,
    0.19368462088,
    0.20465981044,
    0.21563500000000002,
    0.22958805769999996,
    0.24354111538,
    0.25749417308,
    0.27144723076,
    0.29087510988,
    0.31030298902,
    0.32973086812,
    0.34915874726,
    0.36858662638,
    0.38801450550000005,
    0.40744238462000004,
    0.42687026372,
    0.44629814286,
    0.46559258547999993,
    0.48399614316,
    0.50075136754,
    0.52096809188,
    0.54164127778,
    0.56254269446,
    0.58344411112,
    0.60434552778,
    0.62524694446,
    0.6445824444399999,
    0.6607861111,
    0.6749293611199999,
    0.68885283332,
    0.7026664166600001,
    0.71648,
    0.73029358332,
    0.74410716666,
    0.75696190244,
    0.76789894308,
    0.77883598374,
    0.7885367744,
    0.7976194400199998,
    0.80670210568,
    0.8142315341599999,
    0.82176096262,
    0.8286546053799999,
    0.83427667672,
    0.8398987480200001,
    0.8455208193600001,
    0.8511428906999999,
    0.85676496204,
    0.86063567918,
    0.86450639634,
    0.86788261352,
    0.8702698306600001,
    0.87265704782,
    0.875044265,
    0.8774314821600001,
    0.8798186993,
    0.8822059164799999,
    0.8845931336399999,
    0.8869803507799998,
    0.8893675679600002,
    0.8917547851400001,
    0.89351533176,
    0.8949625431799999,
    0.8964097545999999,
    0.8978569659800002,
    0.89930417738,
    0.90075138878,
    0.90219860016,
    0.90364581158,
    0.905093023,
    0.9062555222600001,
    0.9068485973200001,
    0.9074416723400001,
    0.90803474738,
    0.9086278224200001,
    0.9092208974599998,
    0.9098139725,
    0.91040704754,
    0.91100012258,
    0.9115931976,
    0.91218627262,
    0.9127793476799999,
    0.91337242272,
    0.9139654977599999,
    0.9145585728200001,
    0.9151516478199999,
    0.9157447228600001,
    0.9163377979,
    0.9169308729400001,
    0.917523948,
    0.91811702304,
    0.91871009804,
    0.9193031730800001,
    0.91989624812,
    0.92048932316,
    0.92108239822,
    0.92167547326,
    0.9222685482599999,
    0.92286162332,
    0.9234546983600002,
    0.9240477733800001,
    0.9246408484399999,
    0.9252339234800001,
    0.92582699848,
    0.9264200735400001,
    0.9270131486000001,
    0.9276062236,
    0.9281992986600001,
    0.9287923737,
    0.9293854487000001,
    0.92997852376,
    0.9305715988200001,
    0.93116467386,
    0.93175774886,
    0.9323508239199999,
    0.93294389896,
    0.9335369739800001,
    0.93413004904,
    0.9347231240799999,
    0.9353161991000001,
    0.9359092741399999,
    0.9365023491800001,
    0.9370954242,
    0.9376884992599999,
    0.93828157428,
    0.93887464934,
    0.93946772436,
    0.9400607994,
    0.94065387444,
    0.94124694948,
    0.9418400245,
    0.94243309956,
    0.9430261746000002,
    0.94361924962,
    0.9442123246599999,
    0.9448053996800001,
    0.9453984747199999,
    0.9459915497800001,
    0.94658462484,
    0.9471776998599999,
    0.94777077488,
    0.94836384992,
    0.9489569249400001,
    0.94955
  ],
  "submitted": true
}