{
  "distribution": {
    "0": 0.009925742574257426,
    "1": 0.6453960396039604,
    "2": 0.2504950495049505,
    "3+": 0.09418316831683171
  },
  "submitted": true
}