{
  "individual_probabilities": [
    [],
    [
      0.009900990099009901,
      0.6435643564356436,
      0.24752475247524752,
      0.09900990099009901
    ],
    [
      0.009900990099009901,
      0.5841584158415841,
      0.3069306930693069,
      0.09900990099009913
    ],
    [
      0.01,
      0.74,
      0.2,
      0.05
    ],
    [
      0.009900990099009901,
      0.6138613861386139,
      0.24752475247524752,
      0.12871287128712872
    ]
  ],
  "weights": [
    1.0,
    1.0,
    1.0,
    1.0,
    1.0
  ],
  "method": "weighted_average",
  "final_probabilities": [
    0.009925742574257426,
    0.6453960396039604,
    0.2504950495049505,
    0.09418316831683171
  ]
}