{
  "distribution": {
    "Dollar a Day (by Charley Crockett)": 0.32894736842105265,
    "American Romance (by Lukas Nelson)": 0.013157894736842105,
    "Oh What a Beautiful World (by Willie Nelson)": 0.39473684210526316,
    "Hard Headed Woman (by Margo Price)": 0.2631578947368421
  },
  "weight": 0.8
}