{
  "individual_predictions": [
    {
      "agent": "analyst",
      "prediction": 0.22399999999999998,
      "weight": 1.0
    },
    {
      "agent": "historian",
      "prediction": 0.174,
      "weight": 1.0
    },
    {
      "agent": "contrarian",
      "prediction": 0.259,
      "weight": 0.8
    }
  ],
  "method": "weighted_average",
  "mean": 0.219,
  "median": 0.22399999999999998,
  "std_dev": 0.042720018726587664,
  "min": 0.174,
  "max": 0.259,
  "final": 0.21614285714285714
}