{
  "percentiles": {
    "10": 66.7606,
    "25": 76.0533,
    "50": 86.8341
  },
  "cdf": [
    0.0504,
    0.0510323294,
    0.0516646587,
    0.0522969881,
    0.0529293175,
    0.0535616468,
    0.0541939762,
    0.0548263056,
    0.055458635,
    0.0560909643,
    0.0567232937,
    0.0573556231,
    0.0579879524,
    0.0586202818,
    0.0592526112,
    0.0598849405,
    0.0605172699,
    0.0611495993,
    0.0617819287,
    0.062414258,
    0.0630465874,
    0.0636789168,
    0.0643112461,
    0.0649435755,
    0.0655759049,
    0.0662082342,
    0.0668405636,
    0.067472893,
    0.0681052224,
    0.0687375517,
    0.0693698811,
    0.0700022105,
    0.0706345398,
    0.0712668692,
    0.0718991986,
    0.0725315279,
    0.0731638573,
    0.0737961867,
    0.074428516,
    0.0750608454,
    0.0756931748,
    0.0763255042,
    0.0769578335,
    0.0775901629,
    0.0782224923,
    0.0788548216,
    0.079487151,
    0.0801194804,
    0.0807518097,
    0.0813841391,
    0.0820164685,
    0.0826487979,
    0.0832811272,
    0.0839134566,
    0.084545786,
    0.0851781153,
    0.0858104447,
    0.0864427741,
    0.0870751034,
    0.0877074328,
    0.0883397622,
    0.0889720916,
    0.0896044209,
    0.0902367503,
    0.0908690797,
    0.091501409,
    0.0921337384,
    0.0927660678,
    0.0933983971,
    0.0940307265,
    0.0946630559,
    0.0952953852,
    0.0959277146,
    0.096560044,
    0.0971923734,
    0.0978247027,
    0.0984570321,
    0.0990893615,
    0.0997216908,
    0.1003540202,
    0.1009863496,
    0.1016186789,
    0.1022510083,
    0.1028833377,
    0.1035156671,
    0.104587332,
    0.1078303488,
    0.1110733655,
    0.1143163823,
    0.117559399,
    0.1208024158,
    0.1240454326,
    0.1272884493,
    0.1305314661,
    0.1337744828,
    0.1370174996,
    0.1402605163,
    0.1435035331,
    0.1467465498,
    0.1499895666,
    0.1532325833,
    0.1564756001,
    0.1597186168,
    0.1629616336,
    0.1662046503,
    0.1694476671,
    0.1726906839,
    0.1759337006,
    0.1791767174,
    0.1824197341,
    0.1856627509,
    0.1889057676,
    0.1921487844,
    0.1953918011,
    0.1986348179,
    0.2018778346,
    0.2053611352,
    0.2096684909,
    0.2139758465,
    0.2182832022,
    0.2225905579,
    0.2268979135,
    0.2312052692,
    0.2355126249,
    0.2398199806,
    0.2441273362,
    0.2484346919,
    0.2527420476,
    0.2570494032,
    0.2613567589,
    0.2656641146,
    0.2699714702,
    0.2742788259,
    0.2785861816,
    0.2828935373,
    0.2872008929,
    0.2915082486,
    0.2958156043,
    0.3001229599,
    0.3044303156,
    0.3087376713,
    0.313045027,
    0.3173523826,
    0.3216597383,
    0.325967094,
    0.3302744496,
    0.3345818053,
    0.338889161,
    0.3431965167,
    0.3475038723,
    0.351811228,
    0.3561185837,
    0.3604259393,
    0.364733295,
    0.3690406507,
    0.3733480064,
    0.377655362,
    0.3819627177,
    0.3862700734,
    0.390577429,
    0.3948847847,
    0.3991921404,
    0.4034994961,
    0.4082389582,
    0.4130784833,
    0.4179180085,
    0.4227575336,
    0.4275970587,
    0.4324365838,
    0.437276109,
    0.4421156341,
    0.4469551592,
    0.4517946844,
    0.4566342095,
    0.4614737346,
    0.4663132598,
    0.4711527849,
    0.47599231,
    0.4808318351,
    0.4856713603,
    0.4905108854,
    0.4953504105,
    0.5001899357,
    0.5050294608,
    0.5098689859,
    0.5147085111,
    0.5195480362,
    0.5243875613,
    0.5292270864,
    0.5340666116,
    0.5389061367,
    0.5437456618,
    0.548585187,
    0.5534247121,
    0.5582642372,
    0.5631037624,
    0.5679432875,
    0.5727828126,
    0.5776223377,
    0.5824618629,
    0.587301388
  ],
  "submitted": true
}