{
  "num_valid_cdfs": 5,
  "method": "weighted_average",
  "final_cdf_length": 201,
  "final_cdf_sample": [
    0.0504,
    0.0510992726,
    0.05179854518,
    0.05249781776000001,
    0.05319709038,
    0.74256481036,
    0.74659571436,
    0.75062661838,
    0.7542675952,
    0.7577511249000001
  ]
}