{
  "percentiles": {
    "1": 0.00019899294997371638,
    "5": 0.0009949647498685823,
    "10": 0.002066238514904863,
    "25": 0.010714867480793547,
    "50": 0.8214218595182577,
    "75": 0.9853125362336068,
    "90": 0.9910100705002626,
    "95": 0.9920050352501311,
    "99": 0.9928010070500259
  },
  "cdf": [
    0.0,
    9.949647498685819e-05,
    0.00019899294997371638,
    0.0002984894249605746,
    0.00039798589994743277,
    0.000497482374934291,
    0.0005969788499211493,
    0.0006964753249080074,
    0.0007959717998948656,
    0.000895468274881724,
    0.0009949647498685823,
    0.0010944612248554404,
    0.0011939576998422985,
    0.0012934541748291567,
    0.0013929506498160148,
    0.001492447124802873,
    0.001591943599789731,
    0.0016957107573230537,
    0.00181647882919092,
    0.0019399678025755565,
    0.002066238514904863,
    0.002195351803606739,
    0.0023273685061090854,
    0.002462349459839802,
    0.0026003555022267887,
    0.0027848740168240154,
    0.002982566953805244,
    0.003188691317557601,
    0.0034034463437367835,
    0.003627031267998484,
    0.0038596453259984015,
    0.0041014877533922306,
    0.004352757785835667,
    0.004613654658984407,
    0.004884377608494146,
    0.005165125870020579,
    0.0054560986792194,
    0.00575749527174631,
    0.006069514883257001,
    0.00639235674940717,
    0.006726220105852513,
    0.007071304188248727,
    0.007427808232251501,
    0.00779593147351654,
    0.008175873147699533,
    0.008567832490456178,
    0.008972008737442175,
    0.009388601124313214,
    0.00981780888672499,
    0.010259831260333203,
    0.010714867480793547,
    0.011326165195828528,
    0.01222398172976808,
    0.013389030833179041,
    0.014802026256628254,
    0.01644368175068256,
    0.018294711065908808,
    0.021378865859407986,
    0.02642716301696002,
    0.03298121413215035,
    0.04058263079856428,
    0.0495848635311496,
    0.05986282227607536,
    0.07128333331581259,
    0.08377130585508241,
    0.09675262528089203,
    0.11020146883078763,
    0.12399181792851814,
    0.1384450837067533,
    0.15396577362847474,
    0.17095839515666453,
    0.18982745575430435,
    0.21172491807825622,
    0.23812683204345406,
    0.2686755921895227,
    0.30172563629463434,
    0.335631402136961,
    0.37069332362836155,
    0.40617962335230545,
    0.44003279440670484,
    0.47075027172295675,
    0.4985057344138528,
    0.5249429402318685,
    0.5502066066091368,
    0.5744468415943853,
    0.5975153826078463,
    0.6192639670697514,
    0.6397341975428356,
    0.6592679757036107,
    0.6780198059927448,
    0.6958465982344691,
    0.712605262253016,
    0.7281527078726165,
    0.7425701864601989,
    0.755999127845706,
    0.768591651318698,
    0.7805152505882748,
    0.7917401648025008,
    0.802236633109441,
    0.8120931058451571,
    0.8214218595182577,
    0.8302288725356283,
    0.8385201233041535,
    0.8464195800670519,
    0.8540522079818617,
    0.8614254808269499,
    0.8685468723806832,
    0.8754238564214285,
    0.8820639067275525,
    0.8885153949065815,
    0.8948080961267078,
    0.9009448545659781,
    0.906912060297063,
    0.9126646112812647,
    0.9181574054798861,
    0.9233453408542295,
    0.9281833153655965,
    0.9326262269752904,
    0.9366289736446127,
    0.9401464533348661,
    0.9431335640073529,
    0.9458179860549764,
    0.9484221708239131,
    0.9509426696872673,
    0.9533760340181431,
    0.9557188151896446,
    0.9579675645748761,
    0.9601188335469416,
    0.9621691734789452,
    0.9641151357439908,
    0.9659532717151831,
    0.9676801327656257,
    0.969292270268423,
    0.970786235596679,
    0.972158580123498,
    0.9734321623480372,
    0.974627629051657,
    0.9757382140307654,
    0.9767571510817704,
    0.9776776740010805,
    0.9784930165851033,
    0.9792632328719394,
    0.9800186790144916,
    0.9807575384567012,
    0.9814779946425092,
    0.9821782310158561,
    0.9828564310206831,
    0.9835107781009308,
    0.98413945570054,
    0.9847406472634518,
    0.9853125362336068,
    0.985853306054946,
    0.9863611401714101,
    0.9868342220269403,
    0.9872707350654769,
    0.9876688627309611,
    0.9880267884673337,
    0.9883426957185356,
    0.9886147679285077,
    0.9888411885411905,
    0.9890201410005254,
    0.9891196374755121,
    0.989219133950499,
    0.989318630425486,
    0.9894181269004728,
    0.9895176233754596,
    0.9896171198504464,
    0.9897166163254333,
    0.9898161128004203,
    0.989915609275407,
    0.9900151057503939,
    0.9901146022253808,
    0.9902140987003677,
    0.9903135951753544,
    0.9904130916503413,
    0.9905125881253282,
    0.9906120846003151,
    0.9907115810753019,
    0.9908110775502887,
    0.9909105740252757,
    0.9910100705002626,
    0.9911095669752493,
    0.9912090634502362,
    0.991308559925223,
    0.99140805640021,
    0.9915075528751968,
    0.9916070493501836,
    0.9917065458251706,
    0.9918060423001575,
    0.9919055387751442,
    0.9920050352501311,
    0.9921045317251179,
    0.9922040282001049,
    0.9923035246750916,
    0.9924030211500785,
    0.9925025176250655,
    0.9926020141000523,
    0.9927015105750391,
    0.9928010070500259,
    0.9929005035250128,
    0.9929999999999998
  ],
  "submitted": true
}