{
  "num_valid_cdfs": 5,
  "method": "weighted_average",
  "final_cdf_length": 201,
  "final_cdf_sample": [
    0.29937526559808025,
    0.3462392744715448,
    0.39386880842494454,
    0.4398171673272905,
    0.48522240569931174,
    0.9970129143543881,
    0.9971121857657907,
    0.9972114571771934,
    0.997310728588596,
    0.9974099999999988
  ]
}