{
  "percentiles": {
    "1": 9.5,
    "5": 9.50000001,
    "10": 9.500000020000002,
    "20": 9.75,
    "40": 10.0,
    "60": 10.25,
    "80": 10.5,
    "90": 10.75,
    "95": 11.0,
    "99": 11.5
  },
  "cdf_length": 201,
  "error": null
}