{
  "percentiles": {
    "1": 8.5,
    "5": 9.0,
    "10": 9.5,
    "20": 10.0,
    "40": 10.00000001,
    "60": 10.5,
    "80": 10.50000001,
    "90": 11.0,
    "95": 11.5,
    "99": 12.0
  },
  "cdf_length": 201,
  "error": null
}