{
  "num_valid_cdfs": 5,
  "method": "weighted_average",
  "final_cdf_length": 201,
  "final_cdf_sample": [
    0.01,
    0.010099493296278128,
    0.010198986592556258,
    0.010298479888834386,
    0.010397973185112515,
    0.9963720268148798,
    0.9964715201111579,
    0.996571013407436,
    0.9966705067037142,
    0.996769999999992
  ]
}