{
  "num_valid_cdfs": 5,
  "method": "weighted_average",
  "final_cdf_length": 201,
  "final_cdf_sample": [
    0.01,
    0.010099492566588045,
    0.01019898513317609,
    0.01029847769976414,
    0.010397970266352183,
    0.9949531210491231,
    0.9950526136157112,
    0.9951521061822992,
    0.9952515987488872,
    0.9953510913154753
  ]
}