{
  "individual_probabilities": [
    [
      0.09,
      0.12,
      0.28,
      0.07,
      0.06,
      0.06,
      0.09,
      0.08,
      0.15
    ],
    [
      0.1,
      0.15,
      0.35,
      0.07,
      0.03,
      0.05,
      0.08,
      0.02,
      0.15
    ],
    [
      0.12,
      0.22,
      0.21,
      0.06,
      0.06,
      0.04,
      0.08,
      0.02,
      0.19
    ],
    [
      0.13,
      0.17,
      0.25,
      0.07,
      0.04,
      0.03,
      0.16,
      0.03,
      0.11999999999999977
    ],
    [
      0.1,
      0.22,
      0.3,
      0.04,
      0.01,
      0.06,
      0.09,
      0.03,
      0.15
    ]
  ],
  "weights": [
    1.0,
    1.0,
    1.0,
    1.0,
    1.0
  ],
  "method": "weighted_average",
  "final_probabilities": [
    0.10800000000000001,
    0.176,
    0.27799999999999997,
    0.062,
    0.04,
    0.048,
    0.1,
    0.036000000000000004,
    0.15199999999999997
  ]
}