{
  "num_valid_cdfs": 5,
  "method": "weighted_average",
  "final_cdf_length": 201,
  "final_cdf_sample": [
    0.0504,
    0.051422099320000005,
    0.052444198659999997,
    0.05346629798,
    0.054488397300000005,
    0.9476978025400001,
    0.9481733518999999,
    0.94864890128,
    0.9491244506200001,
    0.9496
  ]
}