{
  "percentiles": {
    "10": 57.9715,
    "25": 62.1639,
    "50": 64.4611,
    "75": 67.351,
    "90": 73.1703
  },
  "cdf": [
    0.0504,
    0.051262400660000006,
    0.05212480126,
    0.052987201940000006,
    0.05384960258,
    0.054712003239999994,
    0.055574403839999995,
    0.05643680452000001,
    0.05729920518,
    0.05816160582,
    0.05902400644,
    0.05988640712,
    0.06074880776,
    0.06161120839999999,
    0.06247360902,
    0.0633360097,
    0.06419841032000001,
    0.06506081098,
    0.0659232116,
    0.06678561226,
    0.0676480129,
    0.06851041356,
    0.0693728142,
    0.07023521484000002,
    0.0710976155,
    0.07196001616,
    0.07282241678,
    0.07368481741999999,
    0.0745472181,
    0.07540961874,
    0.07627201936,
    0.07713442000000001,
    0.07799682068,
    0.0788592213,
    0.07972162194,
    0.08058402258,
    0.08144642328,
    0.0823088239,
    0.08317122453999999,
    0.08403362517999999,
    0.08489602582000001,
    0.08575842648000001,
    0.08662082712,
    0.08748322776,
    0.0883456284,
    0.08920802906,
    0.09007042970000001,
    0.09093283032000002,
    0.09179523098,
    0.09265763164,
    0.09352003228000001,
    0.09438243294,
    0.09655563015999999,
    0.09874066104,
    0.10143819106,
    0.10495526776000001,
    0.10847234446000001,
    0.11198942115999999,
    0.11550649786,
    0.11902357456000001,
    0.12254065121999999,
    0.1260577279,
    0.12957480461999998,
    0.13309188132,
    0.13660895802,
    0.14345368728000002,
    0.1504388107,
    0.1576998396,
    0.16546609846,
    0.1732323573,
    0.1827796364,
    0.19293043302,
    0.20348827866,
    0.21653422812,
    0.23055199231999998,
    0.24528274369999997,
    0.26001349506000004,
    0.2747442464,
    0.29369635858,
    0.31487095918,
    0.33718331922000006,
    0.35949567924000003,
    0.38180803929999996,
    0.40412039932,
    0.42680962496,
    0.4512222929,
    0.47248274578,
    0.49374319862,
    0.5150036515,
    0.53626410436,
    0.55752455724,
    0.57878501008,
    0.5982359255,
    0.6167907000799999,
    0.6339103074600001,
    0.65102991486,
    0.6662053130800001,
    0.67973543204,
    0.69284809272,
    0.70596075338,
    0.71907341408,
    0.7321860747800001,
    0.7452987354399999,
    0.75841139612,
    0.76998448696,
    0.78131711778,
    0.79170210374,
    0.7993702903800001,
    0.8070384770000001,
    0.81470666362,
    0.8223748502399999,
    0.8300430368599999,
    0.83771122348,
    0.8453794101,
    0.85304759672,
    0.8607157833599999,
    0.86838396996,
    0.87184083008,
    0.87445569108,
    0.87707055208,
    0.87968541306,
    0.88230027406,
    0.8842087469800001,
    0.88568567308,
    0.8871625991599998,
    0.88863952526,
    0.89011645136,
    0.8915933774599999,
    0.89307030354,
    0.89454722962,
    0.8960241557999999,
    0.89750108188,
    0.89897800798,
    0.9004549340800001,
    0.90193186018,
    0.9034087862600002,
    0.9048857123599999,
    0.9063626384599999,
    0.9070622380400002,
    0.90774833096,
    0.9084344239,
    0.9091205168200001,
    0.90980660974,
    0.9104927027,
    0.91117879562,
    0.9118648885599999,
    0.9125509814800001,
    0.9132370744200001,
    0.9139231673399999,
    0.91460926028,
    0.91529535328,
    0.91598144622,
    0.91666753914,
    0.91735363206,
    0.9180397249999999,
    0.9187258179200001,
    0.9194119108600001,
    0.9200980038,
    0.9207840967400001,
    0.9214701896600002,
    0.9221562825999999,
    0.9228423755199999,
    0.92352846846,
    0.9242145614,
    0.92490065434,
    0.92558674726,
    0.92627284018,
    0.9269589331199999,
    0.9276450260400001,
    0.9283311189799999,
    0.92901721198,
    0.92970330492,
    0.93038939784,
    0.93107549078,
    0.9317615837,
    0.9324476766400001,
    0.93313376956,
    0.9338198625,
    0.9345059554399999,
    0.93519204836,
    0.9358781413000001,
    0.9365642342199999,
    0.9372503271600001,
    0.9379364200800001,
    0.93862251304,
    0.93930860596,
    0.9399946989,
    0.94068079182,
    0.9413668847600001,
    0.9420529776800001,
    0.9427390706799998,
    0.94342516362,
    0.94411125654,
    0.9447973494799999,
    0.9454834423999999,
    0.9461695353400001,
    0.94685562826,
    0.94754172122,
    0.94822781414,
    0.94891390708,
    0.9496
  ],
  "submitted": true
}