{
  "num_valid_cdfs": 5,
  "method": "weighted_average",
  "final_cdf_length": 201,
  "final_cdf_sample": [
    0.0,
    0.00098553074,
    0.00197106144,
    0.00295659218,
    0.003942122899999999,
    0.9431059563600002,
    0.94471696726,
    0.94632797818,
    0.9479389890800001,
    0.94955
  ]
}