{
  "percentiles": {
    "10": 13567.0081,
    "25": 13953.1978,
    "50": 14481.3709,
    "75": 15008.1365,
    "90": 15534.2319
  },
  "cdf": [
    0.0,
    0.1014225,
    0.1073553448,
    0.1132881897,
    0.1192210345,
    0.1251538793,
    0.1310867241,
    0.137019569,
    0.1429524138,
    0.1488852586,
    0.1548181034,
    0.1607509483,
    0.1666837931,
    0.1726166379,
    0.1785494828,
    0.1844823276,
    0.1904151724,
    0.1963480172,
    0.20389225,
    0.212472375,
    0.2210525,
    0.229632625,
    0.23821275,
    0.246792875,
    0.255373,
    0.263953125,
    0.27253325,
    0.281113375,
    0.2896935,
    0.298273625,
    0.30685375,
    0.315433875,
    0.324014,
    0.332594125,
    0.34117425,
    0.349754375,
    0.3583345,
    0.366914625,
    0.37549475,
    0.384074875,
    0.392655,
    0.4008367778,
    0.4084691111,
    0.4161014444,
    0.4237337778,
    0.4313661111,
    0.4389984444,
    0.4466307778,
    0.4542631111,
    0.4618954444,
    0.4695277778,
    0.4771601111,
    0.4847924444,
    0.4924247778,
    0.5000571111,
    0.5076894444,
    0.5153217778,
    0.5229541111,
    0.5305864444,
    0.5382187778,
    0.5458511111,
    0.5534834444,
    0.5611157778,
    0.5687481111,
    0.5763804444,
    0.5840127778,
    0.5916451111,
    0.599593375,
    0.6081735,
    0.616753625,
    0.62533375,
    0.633913875,
    0.642494,
    0.651074125,
    0.65965425,
    0.668234375,
    0.6768145,
    0.685394625,
    0.69397475,
    0.702554875,
    0.711135,
    0.719715125,
    0.72829525,
    0.736875375,
    0.7454555,
    0.754035625,
    0.76261575,
    0.771195875,
    0.779776,
    0.788356125,
    0.7965241667,
    0.8022609167,
    0.8079976667,
    0.8137344167,
    0.8194711667,
    0.8252079167,
    0.8309446667,
    0.8366814167,
    0.8424181667,
    0.8481549167,
    0.8538916667,
    0.8596284167,
    0.8653651667,
    0.8711019167,
    0.8768386667,
    0.8825754167,
    0.8883121667,
    0.8940489167,
    0.8959017812,
    0.8964849141,
    0.8970680469,
    0.8976511797,
    0.8982343125,
    0.8988174453,
    0.8994005781,
    0.8999837109,
    0.9005668438,
    0.9011499766,
    0.9017331094,
    0.9023162422,
    0.902899375,
    0.9034825078,
    0.9040656406,
    0.9046487734,
    0.9052319062,
    0.9058150391,
    0.9063981719,
    0.9069813047,
    0.9075644375,
    0.9081475703,
    0.9087307031,
    0.9093138359,
    0.9098969688,
    0.9104801016,
    0.9110632344,
    0.9116463672,
    0.9122295,
    0.9128126328,
    0.9133957656,
    0.9139788984,
    0.9145620312,
    0.9151451641,
    0.9157282969,
    0.9163114297,
    0.9168945625,
    0.9174776953,
    0.9180608281,
    0.9186439609,
    0.9192270938,
    0.9198102266,
    0.9203933594,
    0.9209764922,
    0.921559625,
    0.9221427578,
    0.9227258906,
    0.9233090234,
    0.9238921562,
    0.9244752891,
    0.9250584219,
    0.9256415547,
    0.9262246875,
    0.9268078203,
    0.9273909531,
    0.9279740859,
    0.9285572188,
    0.9291403516,
    0.9297234844,
    0.9303066172,
    0.93088975,
    0.9314728828,
    0.9320560156,
    0.9326391484,
    0.9332222812,
    0.9338054141,
    0.9343885469,
    0.9349716797,
    0.9355548125,
    0.9361379453,
    0.9367210781,
    0.9373042109,
    0.9378873438,
    0.9384704766,
    0.9390536094,
    0.9396367422,
    0.940219875,
    0.9408030078,
    0.9413861406,
    0.9419692734,
    0.9425524062,
    0.9431355391,
    0.9437186719,
    0.9443018047,
    0.9448849375,
    0.9454680703,
    0.9460512031,
    0.9466343359,
    0.9472174688,
    0.9478006016,
    0.9483837344,
    0.9489668672,
    0.94955
  ],
  "submitted": true
}