{
  "percentiles": {
    "10": 4.2986,
    "25": 4.5257,
    "50": 4.6488,
    "75": 4.7743,
    "90": 5.0325
  },
  "cdf": [
    0.0504,
    0.05113632806666666,
    0.051872656133333334,
    0.05260898419999999,
    0.05334531226666667,
    0.054081640300000004,
    0.0548179684,
    0.05555429643333334,
    0.0562906245,
    0.05702695256666667,
    0.05776328063333333,
    0.058499608700000004,
    0.059235936766666664,
    0.0599722648,
    0.060708592900000004,
    0.06144492096666667,
    0.062181249,
    0.06291757706666666,
    0.06365390513333334,
    0.0643902332,
    0.06512656126666666,
    0.0658628893,
    0.06659921740000001,
    0.06733554546666666,
    0.06807187349999999,
    0.0688082016,
    0.06954452966666667,
    0.0702808577,
    0.07101718576666667,
    0.07175351383333332,
    0.0724898419,
    0.07322616996666666,
    0.073962498,
    0.0746988261,
    0.07543515416666667,
    0.0761714822,
    0.07690781026666667,
    0.07764413836666667,
    0.0783804664,
    0.07911679446666665,
    0.0798531225,
    0.0805894506,
    0.08132577866666667,
    0.0820621067,
    0.08279843476666666,
    0.08353476286666667,
    0.0842710909,
    0.08500741896666668,
    0.08574374706666665,
    0.0864800751,
    0.08721640316666666,
    0.08795273120000001,
    0.0886890593,
    0.08942538736666666,
    0.0901617154,
    0.09089804346666668,
    0.09163437156666666,
    0.0923706996,
    0.09310702766666666,
    0.09384335573333334,
    0.0945796838,
    0.09531601186666668,
    0.09605233989999999,
    0.09678866796666667,
    0.09752499606666666,
    0.09826132409999999,
    0.09899765216666667,
    0.10074942466666666,
    0.10453208606666668,
    0.10831474746666665,
    0.11209740886666668,
    0.11588007026666668,
    0.11966273166666667,
    0.12344539303333334,
    0.1303716908,
    0.1388698067666667,
    0.1473679227,
    0.15887666666666667,
    0.17640666666666668,
    0.19393666666666665,
    0.2114666666666667,
    0.23393666666666668,
    0.2564066666666666,
    0.27887666666666666,
    0.30628666666666665,
    0.33616666666666667,
    0.36756666666666665,
    0.40054999999999996,
    0.43518000000000007,
    0.46935259259999995,
    0.5026103703666667,
    0.5358681481333333,
    0.5691259259333333,
    0.6008546560666667,
    0.6325833862333333,
    0.6636467965333334,
    0.6933795671,
    0.7207599567333333,
    0.7434355844000001,
    0.7661112121333332,
    0.7887868398333334,
    0.8114624675333332,
    0.8295445946000001,
    0.8371714865,
    0.8447983783666667,
    0.8524252702666666,
    0.8600521621666667,
    0.8676790540666666,
    0.8753059459333334,
    0.8829328378333333,
    0.8905597297333334,
    0.8942529179333333,
    0.8979461061,
    0.8985330821666667,
    0.8991200582666666,
    0.8997070343000001,
    0.9002940103333334,
    0.9008809864333333,
    0.9014679624999999,
    0.9020549386000001,
    0.9026419146333334,
    0.9032288907,
    0.9038158667999999,
    0.9044028428666667,
    0.9049898188666666,
    0.9055767949666667,
    0.9061637710333333,
    0.9067507470999999,
    0.9073377232000001,
    0.9079246992333334,
    0.9085116753333334,
    0.9090986514,
    0.9096856274666667,
    0.9102726035,
    0.9108595795666666,
    0.9114465556333333,
    0.9120335317333333,
    0.9126205077666666,
    0.9132074838333333,
    0.9137944599333334,
    0.9143814359999999,
    0.9149684120666667,
    0.9155553881,
    0.9161423641666667,
    0.9167293402666666,
    0.9173163163,
    0.9179032923666667,
    0.9184902684666666,
    0.9190772445333333,
    0.9196642205666666,
    0.9202511966666665,
    0.9208381726999999,
    0.9214251488,
    0.9220121248333334,
    0.9225991009,
    0.923186077,
    0.9237730530666667,
    0.9243600291000001,
    0.9249470052,
    0.9255339812666667,
    0.9261209572999999,
    0.9267079333666667,
    0.9272949094333334,
    0.9278818855333334,
    0.9284688615999999,
    0.9290558376666667,
    0.9296428137333334,
    0.9302297897999999,
    0.9308167658666666,
    0.9314037419333333,
    0.9319907179666668,
    0.9325776940333333,
    0.9331646701333334,
    0.9337516462000001,
    0.9343386222666666,
    0.9349255983333333,
    0.9355125744,
    0.9360995504999999,
    0.9366865265,
    0.9372735025666666,
    0.9378604786666666,
    0.9384474547333332,
    0.9390344307666666,
    0.9396214068666667,
    0.9402083829333333,
    0.9407953590333333,
    0.9413823350666667,
    0.9419693110999999,
    0.9425562872000001,
    0.9431432632666668,
    0.9437302393000001,
    0.9443172153999999,
    0.9449041914666667,
    0.9454911675333334,
    0.9460781436,
    0.9466651196666667,
    0.9472520957333334,
    0.9478390717999999,
    0.9484260478333333,
    0.9490130239333333,
    0.9495999999999999
  ],
  "submitted": true
}