{
  "num_valid_cdfs": 5,
  "method": "weighted_average",
  "final_cdf_length": 201,
  "final_cdf_sample": [
    0.0504,
    0.05259066665999999,
    0.05478133334,
    0.056972,
    0.059162666659999995,
    0.9259539999999999,
    0.9274955,
    0.9290369999999999,
    0.9305785,
    0.9321200000000001
  ]
}