{
  "num_valid_cdfs": 5,
  "method": "weighted_average",
  "final_cdf_length": 201,
  "final_cdf_sample": [
    0.01,
    0.010099492308256262,
    0.010198984616512526,
    0.01029847692476879,
    0.010397969233025054,
    0.9944520307669713,
    0.9945515230752277,
    0.9946510153834838,
    0.99475050769174,
    0.9948499999999962
  ]
}