{
  "percentiles": {
    "10": 1117360.8199,
    "25": 1472282.6545,
    "50": 1663962.1671,
    "75": 4714051.8005,
    "90": 8686457.7615
  },
  "cdf": [
    0.0504,
    0.06941827205000001,
    0.088436544075,
    0.107454816125,
    0.126473088125,
    0.14549136019999998,
    0.1645096322,
    0.183527904275,
    0.20254617625,
    0.2215644483,
    0.24058272034999997,
    0.259600992375,
    0.278619264425,
    0.29763753645,
    0.35660404284999997,
    0.5466042287499999,
    0.636943133625,
    0.6386423557,
    0.6403415778,
    0.6420407999,
    0.643740022025,
    0.6454392441,
    0.6471384662,
    0.6488376883,
    0.6505369104000001,
    0.6522361325,
    0.6539353546,
    0.655634576725,
    0.6573337988,
    0.6590330208999999,
    0.660732242975,
    0.662431465125,
    0.6641306872,
    0.6658299093,
    0.667529131375,
    0.6692283535,
    0.6709275755999999,
    0.6726267977,
    0.6743260197750001,
    0.6760252419,
    0.677724464025,
    0.6794236861,
    0.681122908225,
    0.682822130325,
    0.684521352425,
    0.6862205745000001,
    0.6879197966,
    0.689619018725,
    0.691318240825,
    0.6930174629,
    0.694716685,
    0.6964159071,
    0.6981151292,
    0.6998143512999999,
    0.7015135734,
    0.7032127955249999,
    0.7049120176,
    0.7066112397,
    0.708310461775,
    0.710009683925,
    0.711708906,
    0.7134081281,
    0.7151073501749999,
    0.7168065723,
    0.7185057944000001,
    0.7202050165,
    0.7219042385750001,
    0.7236034607,
    0.725302682775,
    0.7270019049,
    0.728701127025,
    0.7304003491250001,
    0.732099571225,
    0.7337987933,
    0.7354980154000001,
    0.737197237525,
    0.738896459625,
    0.7405956817000001,
    0.7422949038,
    0.7439941259,
    0.7456933480000001,
    0.7473925701,
    0.7490917922,
    0.7507910143000001,
    0.7524902364,
    0.7541894585000001,
    0.7558886806,
    0.7575879027250001,
    0.7592871248,
    0.7609863469,
    0.7626855689750001,
    0.7643847911,
    0.7660840132,
    0.7677832353,
    0.769482457375,
    0.7711816794999999,
    0.772880901575,
    0.774580123675,
    0.7762793458,
    0.777978567925,
    0.779677790025,
    0.7813770121000001,
    0.7830762341999999,
    0.784775456325,
    0.7864746784250001,
    0.7881739004999999,
    0.7898731226,
    0.7915723447,
    0.7932715667999999,
    0.7949707889,
    0.796670011,
    0.7983692330999999,
    0.8000684552,
    0.8017676773,
    0.8034668994,
    0.805166121525,
    0.8068653436,
    0.8085645657,
    0.8102637877750001,
    0.8119630099,
    0.813662232,
    0.8153614541,
    0.817060676175,
    0.8187598983,
    0.820459120375,
    0.8221583425,
    0.8238575645749999,
    0.8255567867000001,
    0.827256008825,
    0.8289552308999999,
    0.8306544530000001,
    0.832353675125,
    0.8340528972250001,
    0.8357521193,
    0.8374513414,
    0.8391505635000001,
    0.8408497856,
    0.8425490077,
    0.8442482298,
    0.8459474519,
    0.847646674,
    0.849345896075,
    0.8510451182000001,
    0.852744340325,
    0.8544435624,
    0.8561427845,
    0.857842006575,
    0.8595412286999999,
    0.8612404508000001,
    0.8629396729,
    0.8646388949749999,
    0.8663381171000001,
    0.8680373391749999,
    0.8697365612999999,
    0.871435783375,
    0.8731350054999999,
    0.874834227575,
    0.8765334497,
    0.8782326718,
    0.8799318939249999,
    0.881631116025,
    0.8833303381000001,
    0.8850295602,
    0.8867287823000001,
    0.888428004425,
    0.8901272265,
    0.8918264486,
    0.8935256707,
    0.8952248928000001,
    0.896924114875,
    0.898623337,
    0.9003225591249999,
    0.9020217812,
    0.9037210032999999,
    0.9054202253750001,
    0.9071194475250001,
    0.9088186695999999,
    0.9105178917000001,
    0.912217113775,
    0.9139163359,
    0.915615557975,
    0.9173147801,
    0.9190140021750001,
    0.9207132243,
    0.9224124463750001,
    0.924111668475,
    0.9258108906,
    0.9275101127250001,
    0.929209334825,
    0.9309085569,
    0.932607779,
    0.9343070011,
    0.9360062232249999,
    0.9377054453,
    0.9394046674,
    0.9411038894999999,
    0.9428031116,
    0.9445023336749999,
    0.9462015558000001,
    0.9479007778999999,
    0.9496
  ],
  "submitted": true
}