{
  "individual_probabilities": [
    [],
    [],
    [
      0.39603960396039606,
      0.3069306930693069,
      0.10891089108910891,
      0.13861386138613863,
      0.019801980198019802,
      0.009900990099009901,
      0.009900990099009901,
      0.009900990099009901
    ],
    [
      0.32,
      0.25,
      0.18,
      0.19,
      0.03,
      0.01,
      0.01,
      0.01
    ],
    [
      0.43435340572556763,
      0.315893385982231,
      0.09871668311944719,
      0.10858835143139191,
      0.009871668311944718,
      0.009871668311944718,
      0.009871668311944718,
      0.012833168805528134
    ]
  ],
  "weights": [
    1.0,
    1.0,
    1.0,
    1.0,
    1.0
  ],
  "method": "weighted_average",
  "final_probabilities": [
    0.38346433656198786,
    0.290941359683846,
    0.12920919140285203,
    0.14573407093917684,
    0.019891216169988176,
    0.009924219470318206,
    0.009924219470318206,
    0.010911386301512678
  ]
}