{
  "percentiles": {
    "1": 0.010198980205554351,
    "5": 0.010994901027771762,
    "10": 0.011989802055543527,
    "25": 0.014974505138858818,
    "50": 0.019949010277717692,
    "75": 0.2275793873537136,
    "90": 0.9115731373116507,
    "95": 0.9717962392546919,
    "99": 0.9891376795502271
  },
  "cdf": [
    0.01,
    0.010099490102777178,
    0.010198980205554351,
    0.01029847030833153,
    0.010397960411108706,
    0.01049745051388588,
    0.010596940616663057,
    0.010696430719440235,
    0.010795920822217411,
    0.010895410924994589,
    0.010994901027771762,
    0.01109439113054894,
    0.011193881233326116,
    0.011293371336103291,
    0.011392861438880467,
    0.011492351541657645,
    0.011591841644434822,
    0.011691331747212,
    0.011790821849989173,
    0.01189031195276635,
    0.011989802055543527,
    0.012089292158320702,
    0.012188782261097878,
    0.012288272363875056,
    0.012387762466652233,
    0.01248725256942941,
    0.012586742672206585,
    0.012686232774983763,
    0.012785722877760938,
    0.012885212980538113,
    0.01298470308331529,
    0.013084193186092469,
    0.013183683288869643,
    0.013283173391646821,
    0.013382663494423996,
    0.013482153597201174,
    0.013581643699978349,
    0.013681133802755523,
    0.013780623905532701,
    0.01388011400830988,
    0.013979604111087054,
    0.014079094213864232,
    0.014178584316641407,
    0.014278074419418585,
    0.01437756452219576,
    0.014477054624972934,
    0.014576544727750112,
    0.01467603483052729,
    0.014775524933304465,
    0.014875015036081643,
    0.014974505138858818,
    0.015073995241635996,
    0.01517348534441317,
    0.015272975447190345,
    0.015372465549967523,
    0.015471955652744701,
    0.015571445755521876,
    0.01567093585829905,
    0.01577042596107623,
    0.015869916063853406,
    0.015969406166630583,
    0.016068896269407763,
    0.01616838637218494,
    0.01626787647496212,
    0.016367366577739295,
    0.01646685668051647,
    0.01656634678329365,
    0.016665836886070828,
    0.016765326988848007,
    0.016864817091625184,
    0.01696430719440236,
    0.01706379729717954,
    0.017163287399956716,
    0.017262777502733896,
    0.017362267605511073,
    0.01746175770828825,
    0.01756124781106543,
    0.017660737913842605,
    0.017760228016619785,
    0.01785971811939696,
    0.017959208222174138,
    0.018058698324951317,
    0.018158188427728494,
    0.018257678530505674,
    0.01835716863328285,
    0.018456658736060026,
    0.018556148838837206,
    0.018655638941614382,
    0.018755129044391562,
    0.01885461914716874,
    0.018954109249945915,
    0.019053599352723095,
    0.01915308945550027,
    0.01925257955827745,
    0.019352069661054627,
    0.019451559763831804,
    0.019551049866608983,
    0.01965053996938616,
    0.01975003007216334,
    0.019849520174940516,
    0.019949010277717692,
    0.020048500380494872,
    0.02014799048327205,
    0.020247480586049228,
    0.020346970688826405,
    0.02044646079160358,
    0.02054595089438076,
    0.020645440997157937,
    0.020744931099935117,
    0.020844421202712293,
    0.02094391130548947,
    0.02104340140826665,
    0.021142891511043826,
    0.021242381613821006,
    0.021341871716598185,
    0.021441361819375362,
    0.02154085192215254,
    0.02164034202492972,
    0.0217398321277069,
    0.021839322230484078,
    0.021938812333261257,
    0.022038302436038437,
    0.022149221740018522,
    0.023146370762892016,
    0.02493499303242727,
    0.026940102911808782,
    0.029113390731895727,
    0.03140659739132993,
    0.0337715143050747,
    0.036513428945257595,
    0.0398374670891596,
    0.0435436070332974,
    0.047416658759498284,
    0.05150362047638576,
    0.0559511844984157,
    0.06071782154943971,
    0.06661317331145379,
    0.07283791380336631,
    0.07932930827902374,
    0.08611499253569128,
    0.09323760291873348,
    0.10083901845176464,
    0.11071227285987803,
    0.12166712644032156,
    0.13346527626173033,
    0.14660870882331065,
    0.16133317638246045,
    0.177293189982221,
    0.1937511496372274,
    0.21055652557009186,
    0.2275793873537136,
    0.24468792429914865,
    0.26333668892550816,
    0.2839042206617335,
    0.3073866201760283,
    0.33506323005226035,
    0.3645375816926256,
    0.3931639538166697,
    0.4194467909762382,
    0.44573106740104695,
    0.47265700884121015,
    0.5000535169814219,
    0.5276015382636678,
    0.5553503365827932,
    0.5838277974384262,
    0.6125840064341033,
    0.6409853213417531,
    0.6688891978079793,
    0.6974015549431106,
    0.7258513222621686,
    0.7530875818236342,
    0.7767747495107677,
    0.7974009718065329,
    0.8159568797353497,
    0.8333600929554394,
    0.849786662584636,
    0.8644572896517089,
    0.8775669137111202,
    0.8898252036266452,
    0.9012073737825339,
    0.9115731373116507,
    0.9202216112331355,
    0.928419288468579,
    0.9362435482985623,
    0.9440582619284656,
    0.9514193699792406,
    0.9576655773386804,
    0.9621660697787313,
    0.9657197453271372,
    0.9689002530147104,
    0.9717962392546919,
    0.9744515376853728,
    0.9769389032457776,
    0.9793334097033833,
    0.9816468486976053,
    0.9838600904646233,
    0.9859540250611266,
    0.9879095623443742,
    0.9891376795502271,
    0.9899434882802562,
    0.9905899999999999
  ],
  "submitted": true
}