{
  "percentiles": {
    "1": 0.010198984771312206,
    "5": 0.010994923856561029,
    "10": 0.011989847713122058,
    "25": 0.3163227603423861,
    "50": 0.9702944705540653,
    "75": 0.9900253807171927,
    "90": 0.993010152286875,
    "95": 0.9940050761434357,
    "99": 0.9948010152286842
  },
  "cdf": [
    0.01,
    0.010099492385656102,
    0.010198984771312206,
    0.01029847715696831,
    0.010397969542624412,
    0.010497461928280513,
    0.010596954313936617,
    0.01069644669959272,
    0.010795939085248823,
    0.010895431470904927,
    0.010994923856561029,
    0.011094416242217131,
    0.011193908627873235,
    0.011293401013529335,
    0.01139289339918544,
    0.011492385784841543,
    0.011591878170497647,
    0.01169137055615375,
    0.011790862941809852,
    0.011890355327465954,
    0.011989847713122058,
    0.01208934009877816,
    0.012188832484434264,
    0.012288324870090368,
    0.01238781725574647,
    0.012487309641402572,
    0.014896197336662764,
    0.01841169910769742,
    0.022750406490353536,
    0.027558190838127616,
    0.03275360508960545,
    0.03948588384514412,
    0.047030775862158224,
    0.054923814746844546,
    0.06300894939634456,
    0.07114081129208252,
    0.07947788060493571,
    0.0883485838563315,
    0.0978637290101158,
    0.10812614923838941,
    0.11923123211197109,
    0.13212948323924228,
    0.14728265295112947,
    0.16407720319173008,
    0.18193700289710918,
    0.20032106549319298,
    0.2203272213434083,
    0.24278410674491577,
    0.2668125922099399,
    0.29158512684944077,
    0.3163227603423861,
    0.34088248339414673,
    0.3655134970572004,
    0.3900666382106721,
    0.41440129421903127,
    0.438384928604422,
    0.46260516786955763,
    0.4872690781537964,
    0.511707738445857,
    0.5352888227998809,
    0.5574146616879482,
    0.5783465897054161,
    0.5987311693583115,
    0.61857347450425,
    0.6378785950874477,
    0.6566516314722433,
    0.6755730856846147,
    0.6950440600968383,
    0.7146660404797227,
    0.7340603484094655,
    0.7528671804064476,
    0.7709093094219791,
    0.788025922011203,
    0.8039074576943583,
    0.8182597710190647,
    0.830803404430932,
    0.8420102376462939,
    0.8525252449989505,
    0.8623397510285538,
    0.8714457727825453,
    0.8798359842493386,
    0.8875213965910079,
    0.8946819849729899,
    0.9013244575748145,
    0.9074554250647356,
    0.9130814017983161,
    0.9182304336554266,
    0.9229700937891547,
    0.9273640950892368,
    0.9314735445967104,
    0.9353570501104311,
    0.9390708219759762,
    0.9426687703006147,
    0.9462025978242796,
    0.9497218886635954,
    0.9532741931339326,
    0.9568220703148818,
    0.9602976297212736,
    0.9637012755197822,
    0.9670334174972162,
    0.9702944705540653,
    0.9734848542258959,
    0.9766049922310923,
    0.9796553120435167,
    0.9826362444887533,
    0.9855482233626693,
    0.9856477157483254,
    0.9857472081339816,
    0.9858467005196376,
    0.9859461929052937,
    0.9860456852909497,
    0.9861451776766058,
    0.986244670062262,
    0.9863441624479179,
    0.9864436548335741,
    0.9865431472192302,
    0.9866426396048862,
    0.9867421319905423,
    0.9868416243761983,
    0.9869411167618545,
    0.9870406091475106,
    0.9871401015331666,
    0.9872395939188227,
    0.9873390863044789,
    0.9874385786901347,
    0.987538071075791,
    0.9876375634614469,
    0.987737055847103,
    0.9878365482327591,
    0.9879360406184151,
    0.9880355330040713,
    0.9881350253897274,
    0.9882345177753834,
    0.9883340101610395,
    0.9884335025466955,
    0.9885329949323516,
    0.9886324873180078,
    0.9887319797036638,
    0.9888314720893199,
    0.988930964474976,
    0.989030456860632,
    0.9891299492462882,
    0.989229441631944,
    0.9893289340176002,
    0.9894284264032563,
    0.9895279187889123,
    0.9896274111745684,
    0.9897269035602246,
    0.9898263959458806,
    0.9899258883315367,
    0.9900253807171927,
    0.9901248731028488,
    0.990224365488505,
    0.9903238578741609,
    0.9904233502598171,
    0.9905228426454732,
    0.9906223350311292,
    0.9907218274167853,
    0.9908213198024413,
    0.9909208121880975,
    0.9910203045737536,
    0.9911197969594095,
    0.9912192893450656,
    0.9913187817307219,
    0.9914182741163777,
    0.9915177665020339,
    0.9916172588876899,
    0.991716751273346,
    0.9918162436590021,
    0.9919157360446581,
    0.9920152284303143,
    0.9921147208159704,
    0.9922142132016264,
    0.9923137055872825,
    0.9924131979729385,
    0.9925126903585946,
    0.9926121827442508,
    0.9927116751299068,
    0.9928111675155629,
    0.992910659901219,
    0.993010152286875,
    0.9931096446725312,
    0.993209137058187,
    0.9933086294438432,
    0.9934081218294993,
    0.9935076142151553,
    0.9936071066008114,
    0.9937065989864676,
    0.9938060913721236,
    0.9939055837577797,
    0.9940050761434357,
    0.9941045685290918,
    0.994204060914748,
    0.9943035533004039,
    0.9944030456860601,
    0.9945025380717162,
    0.9946020304573722,
    0.9947015228430283,
    0.9948010152286842,
    0.9949005076143405,
    0.9949999999999966
  ],
  "dry_run": true
}