{
  "percentiles": {
    "10": 3.9989,
    "25": 4.2541,
    "50": 4.4382,
    "75": 4.6459,
    "90": 5.4459
  },
  "cdf": [
    0.0,
    0.00125035428,
    0.00250070846,
    0.0037510627400000004,
    0.00500141692,
    0.006251771199999999,
    0.00750212546,
    0.008752479660000001,
    0.010002833919999999,
    0.011253188120000002,
    0.01250354238,
    0.01375389666,
    0.01500425084,
    0.016254605120000005,
    0.017504959379999997,
    0.01875531358,
    0.020005667839999998,
    0.02125602204,
    0.0225063763,
    0.023756730579999996,
    0.02500708476,
    0.026257439040000004,
    0.02750779324,
    0.028758147499999998,
    0.030008501780000002,
    0.03125885596,
    0.03250921024000001,
    0.033759564420000006,
    0.035009918699999996,
    0.03626027295999999,
    0.03751062716,
    0.03876098141999999,
    0.0400113357,
    0.041261689879999994,
    0.04251204416,
    0.043762398339999994,
    0.04501275262,
    0.046263106879999995,
    0.047513461080000007,
    0.048763815339999995,
    0.05001416954,
    0.051264523799999996,
    0.05251487808000001,
    0.05376523228,
    0.05501558654000001,
    0.05626594074,
    0.057516294999999995,
    0.058766649280000006,
    0.060017003459999996,
    0.06126735774000001,
    0.06251771192,
    0.0637680662,
    0.06501842046000002,
    0.06626877466,
    0.06751912892,
    0.06876948320000001,
    0.07001983737999999,
    0.07127019166000001,
    0.07252054584,
    0.07377090011999998,
    0.07502125437999999,
    0.07627160858,
    0.07752196283999999,
    0.07877231704,
    0.08002267131999999,
    0.08127302557999999,
    0.08252337977999999,
    0.08377373404,
    0.08502408823999999,
    0.0862744425,
    0.08752479678,
    0.08877515096000001,
    0.09002550524,
    0.09127585950000001,
    0.0925262137,
    0.09377656795999997,
    0.09502692216000001,
    0.09627727641999999,
    0.09752763069999999,
    0.09877798487999997,
    0.10002833916000001,
    0.10127869333999999,
    0.10252904762,
    0.14237452379999999,
    0.18222,
    0.24490666666000002,
    0.30759333334,
    0.37028000000000005,
    0.43956,
    0.51873,
    0.5847133333400001,
    0.65069666666,
    0.71668,
    0.75299333334,
    0.78930666666,
    0.8158233018800001,
    0.8379443815600001,
    0.8454206535400001,
    0.85289692548,
    0.8603731974800001,
    0.86784946944,
    0.87285324138,
    0.8778570133800001,
    0.8828607853600001,
    0.88786455734,
    0.89077357236,
    0.8936825873800001,
    0.89659160242,
    0.89950061744,
    0.90004463246,
    0.9005886475,
    0.90113266252,
    0.9016766775399999,
    0.90222069258,
    0.9027647076,
    0.90330872262,
    0.90385273766,
    0.90439675272,
    0.9049407677000001,
    0.90548478274,
    0.9060287978,
    0.90657281278,
    0.90711682784,
    0.90766084288,
    0.90820485786,
    0.9087488729200001,
    0.9092928879600001,
    0.9098369029400001,
    0.9103809179999999,
    0.9109249330399999,
    0.9114689480600001,
    0.9120129630800001,
    0.9125569781200001,
    0.9131009931399999,
    0.9136450081599999,
    0.9141890232,
    0.91473303822,
    0.91527705324,
    0.91582106828,
    0.9163650833,
    0.91690909832,
    0.9174531133599999,
    0.91799712838,
    0.91854114344,
    0.9190851584399999,
    0.9196291734600001,
    0.9201731885200001,
    0.92071720352,
    0.92126121854,
    0.9218052336,
    0.9223492486,
    0.9228932636200001,
    0.92343727868,
    0.92398129368,
    0.9245253087,
    0.9250693237600001,
    0.9256133388000001,
    0.9261573537800001,
    0.9267013688400001,
    0.9272453838800001,
    0.9277893988599999,
    0.9283334139199999,
    0.9288774289599999,
    0.9294214439400001,
    0.9299654589999999,
    0.93050947404,
    0.93105348902,
    0.93159750408,
    0.93214151912,
    0.93268553414,
    0.93322954916,
    0.9337735642,
    0.93431757922,
    0.9348615942399998,
    0.9354056092799998,
    0.9359496243200001,
    0.9364936393200001,
    0.9370376543599999,
    0.9375816693999999,
    0.9381256844000001,
    0.9386696994399999,
    0.9392137144799999,
    0.9397577295199999,
    0.9403017445199999,
    0.9408457595599999,
    0.9413897746,
    0.9419337896,
    0.94247780464,
    0.94302181968,
    0.94356583468,
    0.94410984972,
    0.9446538647599999,
    0.94519787976,
    0.9457418948,
    0.94628590984,
    0.94682992488,
    0.9473739398800001,
    0.9479179549200001,
    0.94846196996,
    0.94900598496,
    0.94955
  ],
  "submitted": true
}