{
  "percentiles": {
    "10": 18.3031,
    "25": 20.7712,
    "50": 22.8574,
    "75": 25.7733,
    "90": 31.9595
  },
  "cdf": [
    0.0504,
    0.052306589380000004,
    0.054213178800000004,
    0.05611976822,
    0.058026357640000005,
    0.059932947,
    0.061839536419999994,
    0.06374612584000001,
    0.06565271526000001,
    0.06755930464,
    0.06946589406,
    0.07137248348,
    0.07327907289999999,
    0.07518566228000001,
    0.07709225168,
    0.0789988411,
    0.08090543052,
    0.0828120199,
    0.08471860928,
    0.08662519874,
    0.08853178812,
    0.09112062534000001,
    0.09399830272000001,
    0.09687598016,
    0.09975365753999998,
    0.10263133494000001,
    0.10649651287999999,
    0.11166284773999999,
    0.11682918258,
    0.12199551746,
    0.12716185228,
    0.13232818718,
    0.137494522,
    0.14266085688,
    0.15138567258,
    0.16136987141999998,
    0.17135407028,
    0.1814574878,
    0.192316396,
    0.20317530420000002,
    0.21403421238,
    0.22615953896000002,
    0.24042981355999998,
    0.25470008816,
    0.2689703627400001,
    0.28430109066000003,
    0.30032078392,
    0.31634047717999997,
    0.33236017044,
    0.34837986370000007,
    0.36459660346,
    0.38120433657999997,
    0.39787859508,
    0.41536103756000003,
    0.43284348002,
    0.4503259225200001,
    0.46672024764,
    0.48070385279999994,
    0.49468745796,
    0.50867106308,
    0.5229411882399999,
    0.53744961898,
    0.55195804972,
    0.5657221246399999,
    0.57774347206,
    0.58945814426,
    0.6011728164599999,
    0.61288748868,
    0.6246021608800001,
    0.63631683308,
    0.6480315053,
    0.6594171735,
    0.6698197817,
    0.6802223899000001,
    0.6906249981199999,
    0.70048138346,
    0.70975936538,
    0.71903734732,
    0.72831532922,
    0.73759331114,
    0.7468712930800001,
    0.7561492749800001,
    0.7654272569,
    0.7734156447799999,
    0.78134407516,
    0.7892725055199998,
    0.7964392904600001,
    0.8003698348,
    0.8043003791000001,
    0.80823092344,
    0.8121614678,
    0.81609201216,
    0.82002255646,
    0.8239531008200001,
    0.82788364516,
    0.83181418946,
    0.8357447338,
    0.83967527816,
    0.8436058225,
    0.84753636682,
    0.85146691116,
    0.85527808002,
    0.85829226218,
    0.8613064443599999,
    0.86432062652,
    0.8669893012,
    0.8690574338799999,
    0.8711255666,
    0.87319369932,
    0.8748766008600001,
    0.87630284278,
    0.8777290847,
    0.8791553266400001,
    0.8805815685599999,
    0.88200781048,
    0.8834340524,
    0.8848602943399999,
    0.8862865362599999,
    0.88771277818,
    0.88913902012,
    0.89056526206,
    0.8919915039799999,
    0.8934177459000001,
    0.8948439878200001,
    0.89627022976,
    0.89769647166,
    0.89902100656,
    0.9000851386600001,
    0.9011492707600001,
    0.90221340286,
    0.90327753498,
    0.90434166706,
    0.9054057991600001,
    0.90646993126,
    0.9075340634,
    0.9084925436600001,
    0.9091249660399999,
    0.9097573884599999,
    0.9103898108799999,
    0.91102223328,
    0.9116546556800001,
    0.91228707806,
    0.9129195004599999,
    0.91355192288,
    0.91418434528,
    0.9148167677,
    0.9154491901,
    0.9160816125,
    0.91671403492,
    0.9173464573200001,
    0.91797887972,
    0.9186113021400001,
    0.91924372454,
    0.9198761469599999,
    0.9205085693400001,
    0.92114099174,
    0.9217734141800001,
    0.9224058365600001,
    0.9230382589399999,
    0.92367068136,
    0.92430310378,
    0.92493552618,
    0.92556794858,
    0.926200371,
    0.92683279344,
    0.9274652158000001,
    0.9280976382,
    0.9287300606200001,
    0.9293624830399999,
    0.9299949054199999,
    0.9306273278400001,
    0.93125975024,
    0.9318921726600001,
    0.9325245950400001,
    0.9331570174399999,
    0.93378943986,
    0.93442186226,
    0.93505428466,
    0.9356867071,
    0.9363191295,
    0.9369515519,
    0.9375839743000001,
    0.9382163967,
    0.9388488191199998,
    0.9394812415,
    0.9401136639000001,
    0.9407460863399999,
    0.94137850874,
    0.9420109311399999,
    0.94264335352,
    0.9432757759400001,
    0.94390819834,
    0.94454062074,
    0.94517304316,
    0.9458054656,
    0.94643788798,
    0.9470703104,
    0.9477027327800001,
    0.9483351552,
    0.9489675776000001,
    0.9496
  ],
  "submitted": true
}