{
  "num_valid_cdfs": 5,
  "method": "weighted_average",
  "final_cdf_length": 201,
  "final_cdf_sample": [
    0.0504,
    0.05114872617999999,
    0.051897452420000004,
    0.052646178620000005,
    0.05339490486,
    0.94692025298,
    0.94759018974,
    0.9482601264799999,
    0.9489300632200001,
    0.9496
  ]
}