{
  "percentiles": {
    "10": 15.0,
    "25": 17.884,
    "50": 22.6973,
    "75": 28.8266,
    "90": 37.2318
  },
  "cdf": [
    0.15183466666,
    0.15638006665999998,
    0.16092546666000002,
    0.16547086666,
    0.17001626665999997,
    0.17456166666,
    0.17910706665999998,
    0.18365246665999999,
    0.18819786666000002,
    0.19274326666000002,
    0.19728866666,
    0.20183406665999998,
    0.20637946666,
    0.21092486666000002,
    0.21668880000000001,
    0.223062,
    0.2294352,
    0.23580839999999997,
    0.24218160000000002,
    0.24855480000000002,
    0.25492800000000004,
    0.2632772,
    0.2716264,
    0.2799756,
    0.28832479999999994,
    0.296674,
    0.30502320000000005,
    0.31337240000000005,
    0.3217216,
    0.33007079999999994,
    0.33842,
    0.34676919999999994,
    0.35511839999999995,
    0.3634676,
    0.37115813334,
    0.37851933334000004,
    0.38588053334,
    0.39324173334,
    0.40060293333999997,
    0.40796413334000003,
    0.41532533334000005,
    0.42268653334,
    0.43004773334,
    0.4374089333400001,
    0.44477013333999993,
    0.45213133334,
    0.45949253334000006,
    0.4669525333399999,
    0.47461013333999996,
    0.48226773333999995,
    0.48992533334,
    0.49758293334000003,
    0.5052405333400001,
    0.51289813334,
    0.5202264,
    0.52739,
    0.5345536,
    0.5417172000000001,
    0.5488808000000001,
    0.5560444,
    0.563208,
    0.5703716000000001,
    0.5775352,
    0.5846988,
    0.5916365714199999,
    0.59846142858,
    0.6052862857199999,
    0.6119464762,
    0.6182773333399999,
    0.6246081904799999,
    0.63093904762,
    0.63726990476,
    0.6436007619199999,
    0.64993161906,
    0.6559331428599999,
    0.66177,
    0.66760685714,
    0.6734437142799999,
    0.67928057142,
    0.68511742858,
    0.69095428572,
    0.69580314286,
    0.700652,
    0.70550085714,
    0.71034971428,
    0.71519857142,
    0.72004742858,
    0.72489628572,
    0.7297451428599999,
    0.734594,
    0.73944285714,
    0.7442917142800001,
    0.74914057142,
    0.7539894285800001,
    0.75834428572,
    0.76245214286,
    0.76656,
    0.77066785714,
    0.7747757142799999,
    0.77888357142,
    0.7829914285799999,
    0.78709928572,
    0.79120714286,
    0.7953149999999999,
    0.79942285714,
    0.8035307142800001,
    0.8076385714200001,
    0.8115817619000001,
    0.81519561904,
    0.81880947618,
    0.82242333332,
    0.8256463333200001,
    0.8288693333199999,
    0.83209233332,
    0.834986,
    0.837715,
    0.8404440000000001,
    0.843173,
    0.845902,
    0.8486309999999999,
    0.85136,
    0.853101,
    0.854842,
    0.856583,
    0.858324,
    0.860065,
    0.861806,
    0.863547,
    0.865288,
    0.8670289999999999,
    0.8687699999999999,
    0.8705110000000001,
    0.8722519999999999,
    0.8739929999999999,
    0.8757339999999999,
    0.8774749999999999,
    0.8792160000000001,
    0.8809570000000001,
    0.8826980000000001,
    0.8844389999999999,
    0.8861800000000001,
    0.8879210000000001,
    0.8896619999999998,
    0.8914030000000001,
    0.893144,
    0.894885,
    0.896626,
    0.89826408334,
    0.89969633334,
    0.90112858334,
    0.9025608333399999,
    0.90399308334,
    0.90542533334,
    0.9068575833400001,
    0.9079387857200001,
    0.9088444642800001,
    0.9097501428399999,
    0.91065582144,
    0.9115614999999998,
    0.91246717856,
    0.91337285716,
    0.91427853572,
    0.91518421428,
    0.91608989284,
    0.91699557144,
    0.9179012500000001,
    0.9188069285600001,
    0.9197126071599999,
    0.92061828572,
    0.92152396428,
    0.9224296428400001,
    0.9233353214400001,
    0.9242410000000001,
    0.92514667856,
    0.92605235716,
    0.92695803572,
    0.9278637142799999,
    0.9287693928399999,
    0.92967507144,
    0.9305807500000001,
    0.9314864285600001,
    0.9323921071600001,
    0.93329778572,
    0.93420346428,
    0.93510914284,
    0.93601482144,
    0.9369204999999999,
    0.93782617856,
    0.93873185716,
    0.93963753572,
    0.9405432142800001,
    0.9414488928400001,
    0.9423545714399999,
    0.94326025,
    0.94416592856,
    0.94507160716,
    0.94597728572,
    0.94688296428,
    0.9477886428400002,
    0.94869432144,
    0.9496
  ],
  "submitted": true
}