{
  "num_valid_cdfs": 5,
  "method": "weighted_average",
  "final_cdf_length": 201,
  "final_cdf_sample": [
    0.0504,
    0.05123793338,
    0.05207586674,
    0.0529138001,
    0.05375173352,
    0.947241992,
    0.9478314939600001,
    0.94842099596,
    0.949010498,
    0.9496
  ]
}