{
  "num_valid_cdfs": 5,
  "method": "weighted_average",
  "final_cdf_length": 13,
  "final_cdf_sample": [
    0.0,
    0.013294380146855864,
    0.04057894286186774,
    0.0888235705089701,
    0.20754677097172403,
    0.8507237458027891,
    0.920726780732174,
    0.9642227746634567,
    0.985518629292011,
    0.99003
  ]
}