{
  "percentiles": {
    "10": 1.865,
    "25": 1.9174,
    "50": 1.9304,
    "75": 1.9427,
    "90": 2.1333
  },
  "cdf": [
    0.0504,
    0.05183786838,
    0.053275736680000005,
    0.05471360507999999,
    0.0561514734,
    0.05758934176,
    0.059027210100000005,
    0.060465078480000004,
    0.06190294681999999,
    0.06334081516,
    0.0647786835,
    0.0662165519,
    0.0676544202,
    0.06909228858000001,
    0.0705301569,
    0.07196802527999999,
    0.07340589362,
    0.07484376198,
    0.07628163029999999,
    0.07771949868000001,
    0.07915736704000001,
    0.08059523539999999,
    0.08203310372,
    0.08347097210000001,
    0.08490884044000001,
    0.08634670877999999,
    0.08778457714000001,
    0.0892224455,
    0.09066031384,
    0.09209818218,
    0.09353605056,
    0.0949739189,
    0.09641178725999999,
    0.10158528454,
    0.10675915729999999,
    0.11193303006000002,
    0.11710690284,
    0.12311482485999999,
    0.14645128132,
    0.1853207437,
    0.24857542312,
    0.3669861011,
    0.5289922458399999,
    0.6946248284400001,
    0.79709455136,
    0.84242916694,
    0.8717294068200001,
    0.88259879506,
    0.88893760876,
    0.89192439264,
    0.8923063502999999,
    0.89268830798,
    0.8930702656200001,
    0.8934522233200001,
    0.8938341809600001,
    0.8942161386399998,
    0.8945980963,
    0.89498005394,
    0.89536201164,
    0.8957439692600001,
    0.8961259269799999,
    0.8965078846000001,
    0.8968898423,
    0.8972717999400001,
    0.89765375764,
    0.89803571528,
    0.8984176729400002,
    0.8987996306199999,
    0.8991815882399999,
    0.8995635459399999,
    0.89994550358,
    0.9003274612800001,
    0.90070941892,
    0.9010913765999999,
    0.90147333424,
    0.9018552919400001,
    0.9022372495800001,
    0.9026192072400001,
    0.9030011649199998,
    0.90338312258,
    0.90376508024,
    0.9041470379,
    0.9045289956,
    0.9049109532399999,
    0.9052929109199999,
    0.90567486856,
    0.9060568262600001,
    0.90643878388,
    0.90682074154,
    0.9072026992400002,
    0.9075846568799999,
    0.9079666145599999,
    0.9083485721999999,
    0.9087305299,
    0.9091124875600001,
    0.90949444522,
    0.9098764028999999,
    0.91025836056,
    0.9106403182199999,
    0.9110222758400001,
    0.9114042335600001,
    0.9117861911999998,
    0.91216814888,
    0.91255010652,
    0.91293206422,
    0.91331402186,
    0.9136959795199999,
    0.9140779372000001,
    0.9144598948399999,
    0.91484185252,
    0.91522381016,
    0.9156057678600001,
    0.9159877255,
    0.9163696831999999,
    0.9167516408199999,
    0.9171335985399999,
    0.91751555616,
    0.9178975138600001,
    0.9182794715,
    0.9186614291599999,
    0.91904338684,
    0.9194253444799999,
    0.91980730218,
    0.9201892598200001,
    0.9205712175,
    0.92095317512,
    0.92133513284,
    0.92171709048,
    0.92209904816,
    0.9224810058199999,
    0.9228629634599999,
    0.92324492114,
    0.9236268788,
    0.92400883648,
    0.92439079414,
    0.9247727518,
    0.9251547094600001,
    0.92553666714,
    0.9259186247999999,
    0.92630058244,
    0.9266825401400001,
    0.92706449778,
    0.9274464554599999,
    0.9278284131,
    0.9282103707999999,
    0.9285923284400001,
    0.9289742861200001,
    0.9293562437599998,
    0.92973820146,
    0.9301201591,
    0.9305021167399999,
    0.93088407446,
    0.9312660320800001,
    0.9316479897800001,
    0.9320299474,
    0.93241190512,
    0.93279386274,
    0.93317582044,
    0.9335577780800002,
    0.9339397357400001,
    0.9343216934199999,
    0.9347036510600001,
    0.93508560876,
    0.9354675664000001,
    0.93584952408,
    0.9362314817200001,
    0.93661343942,
    0.9369953970599999,
    0.9373773547400001,
    0.9377593124000001,
    0.93814127006,
    0.93852322772,
    0.9389051853800001,
    0.9392871430599999,
    0.93966910072,
    0.9400510583799999,
    0.9404330160400001,
    0.94081497374,
    0.94119693138,
    0.94157888906,
    0.94196084672,
    0.94234280436,
    0.9427247620400001,
    0.94310671968,
    0.9434886773800001,
    0.94387063502,
    0.9442525927000001,
    0.94463455034,
    0.9450165080399999,
    0.9453984657,
    0.9457804233199999,
    0.94616238104,
    0.9465443386600001,
    0.94692629636,
    0.947308254,
    0.9476902117,
    0.9480721693399999,
    0.9484541270200001,
    0.9488360846599999,
    0.9492180423600001,
    0.9496
  ],
  "submitted": true
}