{
  "num_valid_cdfs": 5,
  "method": "weighted_average",
  "final_cdf_length": 201,
  "final_cdf_sample": [
    0.0,
    0.00210491706,
    0.00420983412,
    0.00631475116,
    0.00841966824,
    0.9471776998599999,
    0.94777077488,
    0.94836384992,
    0.9489569249400001,
    0.94955
  ]
}