{
  "num_valid_cdfs": 4,
  "method": "weighted_average",
  "final_cdf_length": 201,
  "final_cdf_sample": [
    0.22789070705,
    0.230776965675,
    0.233663224225,
    0.23654948282500002,
    0.23943574139999999,
    0.92024370835,
    0.922436947925,
    0.924630187475,
    0.9268234271,
    0.9290166666749999
  ]
}