{
  "individual_probabilities": [
    [
      0.22,
      0.43,
      0.25,
      0.1
    ],
    [
      0.18,
      0.45,
      0.27,
      0.1
    ],
    [
      0.12,
      0.43,
      0.31,
      0.14
    ],
    [
      0.15,
      0.45,
      0.3,
      0.10000000000000012
    ],
    [
      0.15,
      0.45,
      0.3,
      0.10000000000000012
    ]
  ],
  "weights": [
    1.0,
    1.0,
    1.0,
    1.0,
    1.0
  ],
  "method": "weighted_average",
  "final_probabilities": [
    0.164,
    0.442,
    0.28600000000000003,
    0.10800000000000005
  ]
}