{
  "percentiles": {
    "1": 10.75,
    "5": 10.75000001,
    "10": 10.750000020000002,
    "20": 10.750000030000002,
    "40": 10.750000040000003,
    "60": 10.750000050000004,
    "80": 10.750000060000005,
    "90": 10.750000070000006,
    "95": 10.750000080000007,
    "99": 10.750000090000007
  },
  "cdf_length": 201,
  "error": null
}