{
  "num_valid_cdfs": 5,
  "method": "weighted_average",
  "final_cdf_length": 201,
  "final_cdf_sample": [
    0.01,
    0.010099493296278132,
    0.010198986592556258,
    0.010298479888834386,
    0.010397973185112515,
    0.9942129963643227,
    0.9948522472732405,
    0.9954914981821581,
    0.996130749091076,
    0.9967699999999937
  ]
}