{
  "percentiles": {
    "10": 37.0,
    "25": 41.9263,
    "50": 46.4673,
    "75": 50.9866,
    "90": 54.994
  },
  "cdf": [
    0.0504,
    0.05102,
    0.05164,
    0.05226,
    0.05288,
    0.0535,
    0.05412,
    0.05474,
    0.05536,
    0.05598,
    0.0566,
    0.05722,
    0.05784,
    0.05846,
    0.05908,
    0.0597,
    0.06032,
    0.06094,
    0.06156,
    0.06218,
    0.0628,
    0.06342,
    0.06404,
    0.06466,
    0.06528,
    0.0659,
    0.06652,
    0.06714,
    0.06776,
    0.06838,
    0.069,
    0.06962,
    0.07024,
    0.07086,
    0.07148,
    0.0721,
    0.07272,
    0.07334,
    0.07396,
    0.07458,
    0.0752,
    0.07582,
    0.07644,
    0.07706,
    0.07768,
    0.0783,
    0.07892,
    0.07954,
    0.08016,
    0.08078,
    0.0814,
    0.08202,
    0.08264,
    0.08326,
    0.08388,
    0.0845,
    0.08512,
    0.08574,
    0.08636,
    0.08698,
    0.0876,
    0.08822,
    0.08884,
    0.08946,
    0.09008,
    0.0907,
    0.09132,
    0.09194,
    0.09256,
    0.09318,
    0.0938,
    0.09442,
    0.09504,
    0.09566,
    0.09628,
    0.0969,
    0.09752,
    0.09814,
    0.09876,
    0.09938,
    0.1,
    0.10062,
    0.10124,
    0.10186,
    0.10248,
    0.1031,
    0.10372,
    0.1057966667,
    0.1107866667,
    0.1157766667,
    0.1207666667,
    0.1257566667,
    0.1307466667,
    0.1357366667,
    0.1407266667,
    0.1457166667,
    0.1507066667,
    0.1556966667,
    0.1606866667,
    0.1656766667,
    0.1706666667,
    0.1756566667,
    0.1806466667,
    0.1856366667,
    0.1906266667,
    0.1956166667,
    0.2006066667,
    0.20642,
    0.21388,
    0.22134,
    0.2288,
    0.23626,
    0.24372,
    0.25118,
    0.25864,
    0.2661,
    0.27356,
    0.28102,
    0.28848,
    0.29594,
    0.3034,
    0.31086,
    0.31832,
    0.32578,
    0.33324,
    0.3407,
    0.34816,
    0.35562,
    0.36308,
    0.37054,
    0.378,
    0.38546,
    0.39292,
    0.40038,
    0.4094866667,
    0.4194166667,
    0.4293466667,
    0.4392766667,
    0.4492066667,
    0.4591366667,
    0.4690666667,
    0.4789966667,
    0.4889266667,
    0.4988566667,
    0.5087866667,
    0.5187166667,
    0.5286466667,
    0.5385766667,
    0.5485066667,
    0.5584366667,
    0.5683666667,
    0.5782966667,
    0.5882266667,
    0.5981566667,
    0.60644,
    0.6139,
    0.62136,
    0.62882,
    0.63628,
    0.64374,
    0.6512,
    0.65866,
    0.66612,
    0.67358,
    0.68104,
    0.6885,
    0.69596,
    0.70342,
    0.71088,
    0.71834,
    0.7258,
    0.73326,
    0.74072,
    0.74818,
    0.75564,
    0.7631,
    0.77056,
    0.77802,
    0.78548,
    0.79294,
    0.8004,
    0.80539,
    0.81038,
    0.81537,
    0.82036,
    0.82535,
    0.83034,
    0.83533,
    0.84032,
    0.84531,
    0.8503,
    0.85529,
    0.86028,
    0.86527,
    0.87026,
    0.87525,
    0.88024,
    0.88523,
    0.89022,
    0.89521,
    0.9002
  ],
  "submitted": true
}