{
  "percentiles": {
    "1": 0.03346694649900038,
    "5": 0.09176113499689194,
    "10": 0.16923404662201108,
    "25": 0.45950303425074246,
    "50": 0.8178389914181121,
    "75": 0.940685417523163,
    "90": 0.9682305416607322,
    "95": 0.9720918281620421,
    "99": 0.9777618680727905
  },
  "cdf": [
    0.0,
    0.0226018894716159,
    0.03346694649900038,
    0.04305185569337135,
    0.05176687666993153,
    0.059558407973013976,
    0.06647295179334496,
    0.07290786091200471,
    0.07914431523023109,
    0.08538169755248996,
    0.09176113499689194,
    0.09838224730900755,
    0.10536421065302073,
    0.11269984448035356,
    0.12033042525020894,
    0.12821137033505486,
    0.13627021518064225,
    0.14444679759865542,
    0.1526919377439639,
    0.16096535989269198,
    0.16923404662201108,
    0.17747092620338087,
    0.1857415868678429,
    0.19423415587488144,
    0.20291069483292373,
    0.21173274650733703,
    0.22073239099065647,
    0.22989132513241767,
    0.23916970259730988,
    0.24853293878880606,
    0.2579509875116421,
    0.26739772773734,
    0.2768504418545042,
    0.28638745486829337,
    0.29615499194515243,
    0.3060961569264235,
    0.3161560339575945,
    0.32628610615703746,
    0.33644350191758077,
    0.3465968668319965,
    0.3567552394911262,
    0.36690165923333545,
    0.3770154891126901,
    0.38719321553423114,
    0.3974908273845751,
    0.40786203252491404,
    0.4182651968948692,
    0.42866287750773296,
    0.43902140678788687,
    0.4493105219858165,
    0.45950303425074246,
    0.46957453266066584,
    0.4795031191246356,
    0.48931967934721293,
    0.49914298096580545,
    0.5089480635334146,
    0.5187035741799992,
    0.5283809793773961,
    0.5379543222982355,
    0.5474000028726348,
    0.5567141672600322,
    0.5659111157808973,
    0.5749859505393123,
    0.5840059663902847,
    0.5929655645873019,
    0.6018427359711123,
    0.6106161049389168,
    0.6192660491845784,
    0.62777456610228,
    0.6361251501888898,
    0.6443026804436375,
    0.6522933168644522,
    0.6600844052299658,
    0.6676643946191217,
    0.6750638111717666,
    0.6823158616788288,
    0.6894167777860394,
    0.696363179517415,
    0.7031520466199189,
    0.7097806920896029,
    0.7162467376984415,
    0.7225480913575072,
    0.7286829261669634,
    0.7346580918256445,
    0.7404891168615528,
    0.7461760075063654,
    0.751718476703104,
    0.757116357742205,
    0.7623696552337991,
    0.7674929301167229,
    0.7724982914174104,
    0.7773953125553872,
    0.7822035187665153,
    0.7869237681564745,
    0.7915573845599199,
    0.7961197108765284,
    0.8006129960254744,
    0.8050342531091143,
    0.8093807001518155,
    0.8136497484150794,
    0.8178389914181121,
    0.8219461946170027,
    0.825969285699097,
    0.8299063454523193,
    0.83375559917209,
    0.8375154085711725,
    0.8411856910787094,
    0.8447678579063405,
    0.8482609056845091,
    0.8516638659836024,
    0.8549758607752035,
    0.8581960973774354,
    0.8613238636859879,
    0.8643585236733369,
    0.8672995131398409,
    0.8701495664778559,
    0.8729209333435471,
    0.8756171710629673,
    0.8782430829171154,
    0.8808023559468062,
    0.8832982295985398,
    0.8857338208431214,
    0.8881121292108569,
    0.8904360415923492,
    0.8927083368172349,
    0.8949316900224799,
    0.8971086768211646,
    0.8992417772820581,
    0.9013333797296833,
    0.9033865497913298,
    0.9054047706268792,
    0.9073900100036026,
    0.909344136048652,
    0.911268949015225,
    0.9131661838946162,
    0.9150375129153936,
    0.9168845805080762,
    0.918708737250057,
    0.9205111049945227,
    0.9222927667173865,
    0.9240547682723099,
    0.9257981197481533,
    0.9275237967705678,
    0.9292327417503247,
    0.9309258650808372,
    0.9326040462872095,
    0.9342663674777675,
    0.9359060241416165,
    0.9375223437363254,
    0.9391154372441698,
    0.940685417523163,
    0.9422323991655973,
    0.9437564983636892,
    0.9452578327819785,
    0.9467365214361424,
    0.9481926845779058,
    0.9496264435857442,
    0.9510379208610956,
    0.95242723972981,
    0.9537761699054877,
    0.9550656734371312,
    0.9563000840661048,
    0.9574836405968777,
    0.9585314902543252,
    0.9593951190033163,
    0.960227335139579,
    0.961031839204453,
    0.9618122129502701,
    0.9625719231644769,
    0.9633143253575326,
    0.9640426673200201,
    0.9647600925541671,
    0.965469643584745,
    0.9661742651540949,
    0.9668768073058178,
    0.9671209674943949,
    0.9673194226084462,
    0.9675271889090901,
    0.9677467248566071,
    0.9679804088399953,
    0.9682305416607322,
    0.9684993489323981,
    0.9687889833993341,
    0.9691015271773837,
    0.9694389939196348,
    0.9698033309099566,
    0.9701964210870134,
    0.970620085001323,
    0.9710760827078253,
    0.971566115596319,
    0.9720918281620421,
    0.9726548097185602,
    0.9732565960550568,
    0.9738986710400257,
    0.9745824681732892,
    0.9753093720881859,
    0.9760807200057057,
    0.9768978031422691,
    0.9777618680727905,
    0.9786741180505975,
    0.9796357142857125
  ],
  "dry_run": true
}