{
  "percentiles": {
    "10": 3.4873,
    "25": 3.5848,
    "50": 3.6444,
    "75": 3.7066,
    "90": 3.9118
  },
  "cdf": [
    0.0504,
    0.05141465912,
    0.05242931816,
    0.05344397728000001,
    0.05445863638,
    0.055473295439999994,
    0.056487954539999996,
    0.05750261366,
    0.0585172727,
    0.059531931819999995,
    0.06054659092,
    0.061561249979999996,
    0.06257590908,
    0.0635905682,
    0.06460522725999998,
    0.06561988636,
    0.06663454548,
    0.06764920451999999,
    0.06866386364,
    0.06967852274,
    0.0706931818,
    0.07170784092,
    0.07272249998,
    0.07373715908,
    0.07475181820000001,
    0.07576647724,
    0.07678113636,
    0.07779579546,
    0.07881045452,
    0.07982511364,
    0.08083977274,
    0.0818544318,
    0.08286909090000001,
    0.08388375002000001,
    0.08489840906,
    0.08591306818,
    0.08692772728,
    0.08794238634,
    0.08895704544,
    0.08997170455999999,
    0.09098636360000001,
    0.09200102272,
    0.09301568184,
    0.09403034088,
    0.095045,
    0.0960596591,
    0.09707431815999999,
    0.09808897725999999,
    0.09910363638,
    0.10011829541999999,
    0.10113295454000001,
    0.10912223561999998,
    0.11888394286000001,
    0.13077794064,
    0.14595816964,
    0.1623091512,
    0.17962873404,
    0.19936285012000002,
    0.22050690806,
    0.248921644,
    0.28541711174,
    0.32191257946,
    0.3584080472,
    0.39656686328,
    0.44028702313999996,
    0.48908170580000004,
    0.5378763884600001,
    0.5851531342599999,
    0.6233342862,
    0.65756886882,
    0.69180345146,
    0.7260380341199999,
    0.76027261674,
    0.78568120766,
    0.80701215724,
    0.8214118927199999,
    0.8348011148000001,
    0.8481903369000001,
    0.8615795589200002,
    0.8727954307800001,
    0.8813528694599999,
    0.88902685048,
    0.8938307999799999,
    0.89534141454,
    0.89580516314,
    0.89626891172,
    0.89673266032,
    0.8971964089,
    0.8976601575200001,
    0.89812390614,
    0.89858765472,
    0.89905140332,
    0.8995151519,
    0.8999789005000001,
    0.90044264906,
    0.90090639766,
    0.90137014626,
    0.90183389484,
    0.9022976434400001,
    0.90276139202,
    0.90322514062,
    0.9036888892,
    0.9041526378,
    0.9046163864200001,
    0.9050801350400001,
    0.90554388362,
    0.9060076322,
    0.9064713808,
    0.9069351293800001,
    0.9073988779800001,
    0.9078626265599998,
    0.90832637518,
    0.90879012376,
    0.9092538723600001,
    0.9097176209400001,
    0.9101813695200001,
    0.91064511812,
    0.9111088666999999,
    0.9115726153599999,
    0.9120363639400001,
    0.9125001125400001,
    0.9129638611199999,
    0.91342760972,
    0.9138913582999999,
    0.9143551068799999,
    0.9148188554800001,
    0.91528260406,
    0.91574635266,
    0.9162101012400001,
    0.9166738498400001,
    0.9171375984200001,
    0.9176013470000001,
    0.91806509562,
    0.9185288442399999,
    0.9189925928400001,
    0.9194563414200001,
    0.91992009002,
    0.9203838386,
    0.9208475872000002,
    0.9213113357999999,
    0.9217750843799999,
    0.9222388329800001,
    0.92270258156,
    0.9231663301599999,
    0.9236300787400001,
    0.9240938273399999,
    0.9245575759200001,
    0.92502132454,
    0.92548507316,
    0.9259488217400001,
    0.9264125703399999,
    0.92687631892,
    0.9273400675200001,
    0.9278038161,
    0.9282675647199999,
    0.9287313132800001,
    0.92919506188,
    0.92965881046,
    0.93012255904,
    0.9305863076400002,
    0.9310500562199999,
    0.93151380484,
    0.9319775534200001,
    0.93244130206,
    0.93290505064,
    0.9333687992399999,
    0.93383254782,
    0.9342962964,
    0.93476004502,
    0.9352237936,
    0.9356875421999999,
    0.93615129078,
    0.93661503938,
    0.93707878796,
    0.93754253656,
    0.93800628516,
    0.93847003374,
    0.93893378234,
    0.93939753096,
    0.93986127956,
    0.94032502814,
    0.94078877674,
    0.94125252532,
    0.9417162739199998,
    0.94218002252,
    0.94264377108,
    0.9431075196799998,
    0.94357126826,
    0.94403501686,
    0.9444987654400002,
    0.94496251406,
    0.9454262626400001,
    0.9458900112199998,
    0.94635375986,
    0.9468175084399999,
    0.94728125704,
    0.9477450056200001,
    0.9482087542400001,
    0.94867250282,
    0.94913625142,
    0.9496
  ],
  "submitted": true
}