{
  "percentiles": {
    "1": 0.0504,
    "5": 0.0504,
    "10": 0.059062575775,
    "25": 0.085050303025,
    "50": 0.24065,
    "75": 0.7865500000000001,
    "90": 0.8934807143,
    "95": 0.91845285715,
    "99": 0.91845285715
  },
  "cdf": [
    0.0504,
    0.059062575775,
    0.067725151525,
    0.07638772725,
    0.085050303025,
    0.09371287877499998,
    0.11248,
    0.152751666675,
    0.24065,
    0.36889166667499995,
    0.50125,
    0.650075,
    0.7865500000000001,
    0.856570238125,
    0.8934807143,
    0.91845285715,
    0.9496
  ],
  "submitted": true
}