{
  "num_valid_cdfs": 5,
  "method": "weighted_average",
  "final_cdf_length": 201,
  "final_cdf_sample": [
    0.0,
    0.00226330486,
    0.0045266097,
    0.00678991454,
    0.009053219380000001,
    0.81094952642,
    0.8132540193000001,
    0.81555851214,
    0.8178630050200001,
    0.82016749786
  ]
}