{
  "num_valid_cdfs": 3,
  "method": "weighted_average",
  "final_cdf_length": 201,
  "final_cdf_sample": [
    0.0504,
    0.05113632806666666,
    0.051872656133333334,
    0.05260898419999999,
    0.05334531226666667,
    0.9472520957333334,
    0.9478390717999999,
    0.9484260478333333,
    0.9490130239333333,
    0.9495999999999999
  ]
}