{
  "base_distribution": {
    "0": 0.7000000000000001,
    "1": 0.20000000000000004,
    "2": 0.08000000000000002,
    "3+": 0.020000000000000004
  }
}