{
  "individual_probabilities": [
    [
      0.29,
      0.42,
      0.09,
      0.08,
      0.1200000000000001
    ],
    [
      0.35,
      0.45,
      0.08,
      0.05,
      0.07
    ],
    [
      0.33,
      0.39,
      0.07,
      0.03,
      0.18
    ],
    [
      0.32,
      0.38,
      0.07,
      0.06,
      0.17
    ],
    [
      0.34,
      0.38,
      0.08,
      0.06,
      0.14000000000000012
    ]
  ],
  "weights": [
    1.0,
    1.0,
    1.0,
    1.0,
    1.0
  ],
  "method": "weighted_average",
  "final_probabilities": [
    0.326,
    0.404,
    0.078,
    0.05600000000000001,
    0.13600000000000007
  ]
}