{
  "num_valid_cdfs": 5,
  "method": "weighted_average",
  "final_cdf_length": 201,
  "final_cdf_sample": [
    0.0504,
    0.051888362859999995,
    0.05337672572,
    0.054865088539999995,
    0.0563534514,
    0.9461851275200001,
    0.9470388456200001,
    0.94789256376,
    0.9487462818800001,
    0.9496
  ]
}