{
  "percentiles": {
    "10": 14430134.564,
    "25": 15589499.3105,
    "50": 16082072.9025,
    "75": 16714530.2798
  },
  "cdf": [
    0.0504,
    0.050871920839999994,
    0.051343841720000005,
    0.05181576258,
    0.05228768345999999,
    0.052759604280000004,
    0.05323152518,
    0.053703446040000005,
    0.05417536688,
    0.054647287759999996,
    0.055119208600000004,
    0.05559112948,
    0.05606305032000001,
    0.056534971219999994,
    0.05700689206,
    0.057478812879999994,
    0.05795073378,
    0.05842265464,
    0.058894575500000004,
    0.05936649634,
    0.05983841724000001,
    0.060310338080000005,
    0.06078225892,
    0.06125417982,
    0.06172610065999999,
    0.062198021519999994,
    0.06266994238,
    0.06314186327999999,
    0.0636137841,
    0.06408570494,
    0.06455762586,
    0.06502954668000001,
    0.06550146756,
    0.0659733884,
    0.06644530928,
    0.06691723013999999,
    0.06738915098,
    0.06786107187999998,
    0.0683329927,
    0.06880491358,
    0.06927683443999999,
    0.06974875532,
    0.07022067616000001,
    0.07069259700000001,
    0.0711645179,
    0.07163643874,
    0.07210835961999999,
    0.07258028044,
    0.07305220134,
    0.0735241222,
    0.07399604302,
    0.07446796392,
    0.07493988476,
    0.07541180566000001,
    0.07588372648,
    0.07635564737999999,
    0.07682756822,
    0.07729948904,
    0.07777140996000001,
    0.0782433308,
    0.07871525166,
    0.0791871725,
    0.0796590934,
    0.08013101424,
    0.08060293508000001,
    0.08107485598,
    0.08154677682,
    0.0820186977,
    0.08249061854,
    0.08296253944000001,
    0.08343446026,
    0.0839063811,
    0.08437830201999999,
    0.08485022284000002,
    0.08532214372,
    0.08579406456000001,
    0.08626598546,
    0.0867379063,
    0.08720982714,
    0.08768174801999999,
    0.08815366886,
    0.08862558976,
    0.08909751060000001,
    0.08956943147999999,
    0.09004135231999999,
    0.09051327315999999,
    0.09098519406000001,
    0.0914571149,
    0.09192903578,
    0.0924009566,
    0.09287287752,
    0.09334479836000001,
    0.09381671918,
    0.09500458212,
    0.09619244498,
    0.09738030789999999,
    0.09856817076,
    0.09975603368,
    0.10094389656,
    0.10213175942000001,
    0.10331962234,
    0.10450748522,
    0.10569534811999999,
    0.10688321098,
    0.10807107392000001,
    0.10925893678000001,
    0.11044679964,
    0.11163466257999999,
    0.11282252544,
    0.11401038833999999,
    0.11519825122,
    0.11638611416,
    0.11757397700000001,
    0.1196616256,
    0.12174927424,
    0.1238369228,
    0.12592457144,
    0.12950314286,
    0.1330817143,
    0.13666028572,
    0.14023885712,
    0.14381742858000002,
    0.14739599998,
    0.15097457144,
    0.15455314286000002,
    0.1581317143,
    0.16171028571999999,
    0.16528885712000002,
    0.16886742857999998,
    0.17244599998,
    0.17602457144,
    0.17960314285999998,
    0.1831817143,
    0.18741895238,
    0.19165619046000001,
    0.19589342857999997,
    0.20013066664,
    0.20502657144,
    0.20992247619999999,
    0.21481838096,
    0.21971428571999999,
    0.22817404762,
    0.23663380951999996,
    0.24509357142,
    0.25355333334,
    0.26224833331999997,
    0.27094333334,
    0.27963833334,
    0.28833333332,
    0.301145,
    0.31395666668000005,
    0.32676833332,
    0.33958000000000005,
    0.35239166667999994,
    0.36520333332000005,
    0.38130833333999997,
    0.39741333334,
    0.41508266665999993,
    0.43275199999999997,
    0.44548133333999995,
    0.45821066666,
    0.47093999999999997,
    0.48366933334000006,
    0.49639866666000004,
    0.5091279999999999,
    0.5218573333400001,
    0.53458666666,
    0.5448459999999999,
    0.55510533334,
    0.5653646666600001,
    0.5756239999999999,
    0.58588333334,
    0.5961426666599999,
    0.606402,
    0.61666133334,
    0.62483066666,
    0.633,
    0.6424866666800001,
    0.6519733333200001,
    0.6614599999999999,
    0.67094666668,
    0.68043333332,
    0.68992,
    0.6994066666800001,
    0.70889333332,
    0.7181447619199999,
    0.72739619048,
    0.73664761904,
    0.74589904762,
    0.75295492064,
    0.76001079364,
    0.76706666668,
    0.7741225397,
    0.7803550793599999,
    0.78658761904,
    0.79282015872,
    0.7990526984199999,
    0.80528523808,
    0.81151777778,
    0.8177503174800002,
    0.8239828571400001
  ],
  "submitted": true
}