{
  "percentiles": {
    "10": 13419847.328,
    "25": 14732464.9299,
    "50": 15984969.9399
  },
  "cdf": [
    0.0504,
    0.0512733333,
    0.0521466667,
    0.05302,
    0.0538933333,
    0.0547666667,
    0.05564,
    0.0565133333,
    0.0573866667,
    0.05826,
    0.0591333333,
    0.0600066667,
    0.06088,
    0.0617533333,
    0.0626266667,
    0.0635,
    0.0643733333,
    0.0652466667,
    0.06612,
    0.0669933333,
    0.0678666667,
    0.06874,
    0.0696133333,
    0.0704866667,
    0.07136,
    0.0722333333,
    0.0731066667,
    0.07398,
    0.0748533333,
    0.0757266667,
    0.0766,
    0.0774733333,
    0.0783466667,
    0.07922,
    0.0800933333,
    0.0809666667,
    0.08184,
    0.0827133333,
    0.0835866667,
    0.08446,
    0.0853333333,
    0.0862066667,
    0.08708,
    0.0879533333,
    0.0888266667,
    0.0897,
    0.0905733333,
    0.0914466667,
    0.09232,
    0.0931933333,
    0.0940666667,
    0.09494,
    0.0958133333,
    0.0966866667,
    0.09756,
    0.0984333333,
    0.0993066667,
    0.10018,
    0.1010533333,
    0.1019266667,
    0.1028,
    0.10532,
    0.10784,
    0.11036,
    0.11288,
    0.1154,
    0.11792,
    0.12044,
    0.12296,
    0.12548,
    0.128,
    0.13052,
    0.13304,
    0.13556,
    0.13808,
    0.1406,
    0.14312,
    0.14564,
    0.14816,
    0.15068,
    0.1532,
    0.15572,
    0.15824,
    0.16076,
    0.16328,
    0.1658,
    0.16832,
    0.17084,
    0.17336,
    0.17588,
    0.1784,
    0.18092,
    0.18344,
    0.18596,
    0.18848,
    0.191,
    0.19352,
    0.19604,
    0.19856,
    0.20108,
    0.2036,
    0.20859,
    0.21358,
    0.21857,
    0.22356,
    0.22855,
    0.23354,
    0.23853,
    0.24352,
    0.24851,
    0.2535,
    0.25849,
    0.26348,
    0.26847,
    0.27346,
    0.27845,
    0.28344,
    0.28843,
    0.29342,
    0.29841,
    0.3034,
    0.30839,
    0.31338,
    0.31837,
    0.32336,
    0.32835,
    0.33334,
    0.33833,
    0.34332,
    0.34831,
    0.3533,
    0.35829,
    0.36328,
    0.36827,
    0.37326,
    0.37825,
    0.38324,
    0.38823,
    0.39322,
    0.39821,
    0.4032,
    0.40819,
    0.41318,
    0.41817,
    0.42316,
    0.42815,
    0.43314,
    0.43813,
    0.44312,
    0.44811,
    0.4531,
    0.45809,
    0.46308,
    0.46807,
    0.47306,
    0.47805,
    0.48304,
    0.48803,
    0.49302,
    0.49801,
    0.503,
    0.50799,
    0.51298,
    0.51797,
    0.52296,
    0.52795,
    0.53294,
    0.53793,
    0.54292,
    0.54791,
    0.5529,
    0.55789,
    0.56288,
    0.56787,
    0.57286,
    0.57785,
    0.58284,
    0.58783,
    0.59282,
    0.59781,
    0.6028,
    0.60779,
    0.61278,
    0.61777,
    0.62276,
    0.62775,
    0.63274,
    0.63773,
    0.64272,
    0.64771,
    0.6527,
    0.65769,
    0.66268,
    0.66767,
    0.67266,
    0.67765,
    0.68264,
    0.68763,
    0.69262,
    0.69761,
    0.7026
  ],
  "submitted": false
}