{
  "percentiles": {
    "10": 26.5222,
    "25": 34.7239,
    "50": 43.5403,
    "75": 53.8804,
    "90": 67.2888
  },
  "cdf": [
    0.0,
    0.0036953735,
    0.0073907471,
    0.0110861206,
    0.0147814941,
    0.0184768677,
    0.0221722412,
    0.0258676148,
    0.0295629883,
    0.0332583618,
    0.0369537354,
    0.0406491089,
    0.0443444824,
    0.048039856,
    0.0517352295,
    0.0554306031,
    0.0591259766,
    0.0628213501,
    0.0665167237,
    0.0702120972,
    0.0739074707,
    0.0776028443,
    0.0812982178,
    0.0849935914,
    0.0886889649,
    0.0923843384,
    0.096079712,
    0.0997750855,
    0.1099139439,
    0.1264962871,
    0.1430786304,
    0.1596609736,
    0.1762433168,
    0.1928256601,
    0.2152949081,
    0.2436510608,
    0.2720072136,
    0.3003633663,
    0.3287195191,
    0.3570756719,
    0.3854318246,
    0.4137879774,
    0.4421441301,
    0.4705002829,
    0.4988564356,
    0.5272125884,
    0.5555687412,
    0.5839248939,
    0.6091413641,
    0.6312181518,
    0.6532949395,
    0.6753717272,
    0.6974485149,
    0.7195253025,
    0.7416020902,
    0.7636788779,
    0.7857556656,
    0.8023380088,
    0.8134259076,
    0.8245138064,
    0.8356017052,
    0.846689604,
    0.8577775028,
    0.8688654015,
    0.8799533003,
    0.8910411991,
    0.8973311323,
    0.8988231,
    0.9003150676,
    0.9018070353,
    0.9032990029,
    0.9047909706,
    0.9062829382,
    0.9077749059,
    0.9092668735,
    0.9107588412,
    0.9122508088,
    0.9137427765,
    0.9152347441,
    0.9167267118,
    0.9182186794,
    0.9197106471,
    0.9212026147,
    0.9226945823,
    0.92418655,
    0.9256785176,
    0.9271704853,
    0.9286624529,
    0.9301544206,
    0.9316463882,
    0.9331383559,
    0.9346303235,
    0.9361222912,
    0.9376142588,
    0.9391062265,
    0.9405981941,
    0.9420901618,
    0.9435821294,
    0.9450740971,
    0.9465660647,
    0.9480580324,
    0.94955
  ],
  "submitted": true
}