{
  "percentiles": {
    "10": 2.5127,
    "25": 2.8114,
    "50": 2.9644,
    "75": 3.1597,
    "90": 3.9261
  },
  "cdf": [
    0.0504,
    0.05177477913999999,
    0.05314955825999999,
    0.0545243374,
    0.05589911652,
    0.057273895660000004,
    0.05864867478,
    0.060023453920000004,
    0.06139823303999999,
    0.06277301218,
    0.0641477913,
    0.06552257044000001,
    0.06689734956,
    0.0682721287,
    0.06964690782,
    0.07102168696,
    0.07239646608000001,
    0.07377124522,
    0.07514602433999999,
    0.07652080347999998,
    0.0778955826,
    0.07927036173999999,
    0.08064514085999999,
    0.08201992,
    0.08339469914,
    0.08476947826,
    0.08614425740000001,
    0.08751903652,
    0.08889381566,
    0.09026859478,
    0.09164337391999999,
    0.09301815303999998,
    0.09439293218,
    0.0957677113,
    0.10135795709999999,
    0.10905593622000001,
    0.11675391535999999,
    0.12445189447999998,
    0.13214987362000002,
    0.14362802666000002,
    0.15699626666000002,
    0.17332850666000002,
    0.19452107936000002,
    0.22543431745999998,
    0.25979288887999996,
    0.30442111112000003,
    0.35541644444000003,
    0.40641177778,
    0.45773885714,
    0.50972942858,
    0.559744,
    0.60410002596,
    0.6471087792200001,
    0.6856030065800001,
    0.717591571,
    0.74211175362,
    0.7666319362199999,
    0.7883428289200001,
    0.80443514176,
    0.8205274546,
    0.83419659208,
    0.8434753593,
    0.8517378979,
    0.8579679794,
    0.8641980609,
    0.87042814236,
    0.87436020904,
    0.87829227572,
    0.88222434238,
    0.88615640904,
    0.89008847572,
    0.8921205424,
    0.89415260906,
    0.89618467574,
    0.89713959954,
    0.89755595194,
    0.89797230432,
    0.8983886567000001,
    0.8988050090599999,
    0.8992213614800001,
    0.89963771386,
    0.9000540662199998,
    0.90047041862,
    0.90088677102,
    0.90130312338,
    0.90171947578,
    0.9021358281400002,
    0.9025521805399999,
    0.9029685329399999,
    0.9033848853,
    0.90380123768,
    0.9042175901,
    0.90463394246,
    0.9050502948399999,
    0.9054666472400001,
    0.9058829996199999,
    0.9062993520199999,
    0.90671570438,
    0.9071320567800001,
    0.90754840918,
    0.9079647615399999,
    0.90838111392,
    0.90879746632,
    0.9092138187,
    0.9096301710799999,
    0.9100465234599999,
    0.9104628758600001,
    0.91087922824,
    0.9112955806199998,
    0.911711933,
    0.91212828538,
    0.91254463778,
    0.91296099016,
    0.9133773425199999,
    0.9137936949400001,
    0.9142100473199999,
    0.9146263996799998,
    0.91504275208,
    0.91545910448,
    0.91587545684,
    0.91629180924,
    0.9167081616200001,
    0.917124514,
    0.9175408663999999,
    0.91795721876,
    0.9183735711599998,
    0.91878992356,
    0.9192062759199999,
    0.9196226283,
    0.9200389807,
    0.9204553330799999,
    0.9208716854600001,
    0.9212880378399999,
    0.9217043902400001,
    0.92212074262,
    0.922537095,
    0.92295344738,
    0.92336979978,
    0.9237861521599999,
    0.9242025045399999,
    0.9246188569199999,
    0.92503520932,
    0.9254515617000001,
    0.92586791408,
    0.9262842664600001,
    0.92670061884,
    0.9271169712399999,
    0.92753332362,
    0.9279496760000001,
    0.9283660283999999,
    0.9287823807800001,
    0.92919873314,
    0.92961508556,
    0.93003143792,
    0.9304477902999999,
    0.9308641427,
    0.93128049508,
    0.9316968474599999,
    0.9321131998600001,
    0.9325295522199999,
    0.93294590462,
    0.93336225702,
    0.93377860938,
    0.9341949617599999,
    0.93461131416,
    0.9350276665400001,
    0.93544401892,
    0.9358603713000001,
    0.9362767237,
    0.9366930760799999,
    0.93710942846,
    0.9375257808399999,
    0.93794213322,
    0.93835848562,
    0.9387748380000002,
    0.9391911903800001,
    0.9396075427799999,
    0.9400238951600001,
    0.94044024752,
    0.94085659994,
    0.9412729523,
    0.9416893047,
    0.9421056570800002,
    0.9425220094599999,
    0.9429383618599999,
    0.9433547142400001,
    0.9437710665999999,
    0.94418741902,
    0.9446037713800001,
    0.94502012376,
    0.9454364761599999,
    0.94585282854,
    0.9462691809200001,
    0.9466855333199999,
    0.9471018856800001,
    0.94751823808,
    0.9479345904599998,
    0.9483509428400001,
    0.94876729522,
    0.94918364762,
    0.9496
  ],
  "submitted": true
}