{
  "percentiles": {
    "1": 0.010198981036894776,
    "5": 0.010994905184473878,
    "10": 0.018897463338873446,
    "25": 0.11609630307799805,
    "50": 0.6101199204839464,
    "75": 0.9291852238099336,
    "90": 0.9876392086915095,
    "95": 0.9903950948155253,
    "99": 0.9911910189631046
  },
  "cdf": [
    0.01,
    0.010099490518447388,
    0.010198981036894776,
    0.010298471555342165,
    0.010397962073789551,
    0.010497452592236941,
    0.010596943110684327,
    0.010696433629131715,
    0.010795924147579104,
    0.010895414666026492,
    0.010994905184473878,
    0.011094395702921266,
    0.011193886221368654,
    0.012069036060148197,
    0.013074939480455438,
    0.014080617480200999,
    0.015077872283868952,
    0.016061211849879506,
    0.01702700155526999,
    0.01797289789306037,
    0.018897463338873446,
    0.019799900214680845,
    0.020862631501198922,
    0.022155653494657857,
    0.02347553564643919,
    0.024825286915107662,
    0.026206847161696446,
    0.02762135097744157,
    0.0290693264670883,
    0.03055084595993781,
    0.03206564088213296,
    0.03361318969936899,
    0.03519278547992733,
    0.0376050421288668,
    0.041101744590700304,
    0.04476576916494453,
    0.048627947578059244,
    0.05266542741701835,
    0.056857917063741194,
    0.061187358119229526,
    0.06563764583173945,
    0.07019438958203547,
    0.07481813403567165,
    0.07948474310935458,
    0.0842028208377529,
    0.08897961354590941,
    0.09382857751858256,
    0.09877335977592354,
    0.10405297538716776,
    0.10984813368147577,
    0.11609630307799805,
    0.12274087012839993,
    0.12973053105710636,
    0.1370187536999757,
    0.14461243980975552,
    0.1525043962552074,
    0.16063480469584532,
    0.16894946278428308,
    0.17744327459027326,
    0.18614012335330293,
    0.19516337314145357,
    0.2045671332041056,
    0.21424472146580625,
    0.2241531246684123,
    0.23427048033016154,
    0.24453341066495157,
    0.2549561296075681,
    0.2655486903449928,
    0.27624966396040473,
    0.2870026892214698,
    0.2978913016986607,
    0.3089703815277122,
    0.3201498453406436,
    0.33140697975283395,
    0.34278072486593636,
    0.35426584722007565,
    0.3658047931795717,
    0.3773443443345694,
    0.38883529699121355,
    0.40023216761114727,
    0.41149292186433273,
    0.42257872519224354,
    0.43345371298594404,
    0.4441144767584982,
    0.45463401976022066,
    0.4650706772196285,
    0.47542426986786507,
    0.4856918627622965,
    0.49586363363205066,
    0.5059304855815505,
    0.5158839987716071,
    0.5257163855614714,
    0.5354424182228621,
    0.5450867586678505,
    0.5546514085692105,
    0.5641315594874973,
    0.5735227541577823,
    0.582820864413829,
    0.5920220705918131,
    0.6011228423042774,
    0.6101199204839464,
    0.6190103006051352,
    0.627803615351874,
    0.6365089586347199,
    0.645122892398003,
    0.6536422241007649,
    0.6620639923335235,
    0.6703854533256892,
    0.678604068283,
    0.6867174914989069,
    0.6947235591880068,
    0.7026202789934753,
    0.7104058201239685,
    0.7180785040786936,
    0.7256594331300583,
    0.7331667084815126,
    0.7405945183973834,
    0.7479476558116727,
    0.7552306874303842,
    0.7624379582683515,
    0.769564126582969,
    0.7766041482860404,
    0.7835532621903986,
    0.790406976041804,
    0.7971842565092694,
    0.8038982981484809,
    0.8105366230034996,
    0.8171058406564269,
    0.8236067807775823,
    0.830019497970496,
    0.8363249941036053,
    0.8425051756991498,
    0.8485428134094744,
    0.8544215034669891,
    0.8601256310009042,
    0.8656404216843903,
    0.8709538893193022,
    0.8760617240473525,
    0.8809851500283796,
    0.8857469695748161,
    0.8903469846868598,
    0.8947850614207351,
    0.8990611264748806,
    0.9031936189452466,
    0.9072065392190067,
    0.9111079717233721,
    0.9149057065222816,
    0.9186072504962566,
    0.9222198380474872,
    0.9257467062092326,
    0.9291852238099336,
    0.9325338078293852,
    0.9357944611348745,
    0.9389829693818651,
    0.9421158383447636,
    0.9451960350718531,
    0.9482264276578904,
    0.9512104059481221,
    0.9541501247170825,
    0.9570403646114098,
    0.95987448713069,
    0.9626513391775117,
    0.965369824806988,
    0.9670418379644167,
    0.9686763222201534,
    0.9702722369703963,
    0.9718285885088495,
    0.9733444282770266,
    0.9748188511837433,
    0.9762509939907856,
    0.9776456203022859,
    0.9790078226467751,
    0.9803372760599378,
    0.9816336742357746,
    0.9828967288162624,
    0.9841261687087322,
    0.9849350812377546,
    0.9857172405623645,
    0.9864723709340563,
    0.9870629686234447,
    0.9876392086915095,
    0.9882009637845058,
    0.9887481137211356,
    0.9892805452313447,
    0.9897981517048411,
    0.9898976422232885,
    0.9899971327417358,
    0.9900966232601833,
    0.9901961137786307,
    0.9902956042970781,
    0.9903950948155253,
    0.9904945853339727,
    0.9905940758524203,
    0.9906935663708676,
    0.990793056889315,
    0.9908925474077626,
    0.9909920379262098,
    0.9910915284446572,
    0.9911910189631046,
    0.991290509481552,
    0.9913899999999994
  ],
  "dry_run": true
}