{
  "distribution": {
    "0": 0.6396804103460073,
    "1": 0.29446221190973076,
    "2": 0.05585741519778884,
    "3": 0.009999962546473045
  },
  "dry_run": true
}