{
  "distribution": {
    "Nepali Congress": 0.25714285714285723,
    "Communist Party of Nepal (Unified Marxist-Leninist)": 0.22857142857142862,
    "Nepali Communist Party": 0.15000000000000002,
    "Rastriya Swatantra Party": 0.15000000000000002,
    "Rastriya Prajatantra Party": 0.07714285714285717,
    "Ujyaalo Nepal Party": 0.05142857142857144,
    "Pragatisheel Loktantrik Party": 0.034285714285714294,
    "Other": 0.05142857142857121
  },
  "dry_run": true
}