{
  "num_valid_cdfs": 5,
  "method": "weighted_average",
  "final_cdf_length": 201,
  "final_cdf_sample": [
    0.00594,
    0.00618868838,
    0.00643737684,
    0.00668606522,
    0.0069347536,
    0.9936910034800001,
    0.9937832526399999,
    0.9938755017400001,
    0.9939677508800001,
    0.9940599999999999
  ]
}