{
  "percentiles": {
    "1": 3.8,
    "5": 3.9,
    "10": 3.90000001,
    "20": 4.0,
    "40": 4.1,
    "60": 4.10000001,
    "80": 4.2,
    "90": 4.3,
    "95": 4.30000001,
    "99": 4.5
  },
  "cdf_length": 201,
  "error": null
}