{
  "percentiles": {
    "1": 80.0,
    "5": 235.71428571428572,
    "10": 400.0,
    "15": 617.8571428571429,
    "20": 0.8714285714285717,
    "25": 1.2357142857142858,
    "30": 1.6000000000000003,
    "35": 1.9642857142857144,
    "40": 2.3285714285714287,
    "45": 2.6928571428571426,
    "50": 3.0571428571428574,
    "55": 3.4214285714285717,
    "60": 3.7857142857142865,
    "65": 4.15,
    "70": 4.514285714285715,
    "75": 4.878571428571429,
    "80": 5.242857142857143,
    "85": 5.607142857142858,
    "90": 5.971428571428572,
    "95": 6.700000000000001,
    "99": 7.464285714285714
  },
  "cdf": [
    0.0,
    0.0,
    0.0,
    0.0,
    0.0,
    0.0,
    0.0,
    0.0,
    0.0,
    0.0,
    0.0,
    0.0,
    0.0,
    0.0,
    0.0,
    0.0,
    0.0,
    0.0,
    0.0,
    0.0,
    0.0,
    0.0,
    0.0,
    0.0,
    0.0,
    0.0,
    0.0,
    0.0,
    0.0,
    0.0,
    0.0,
    0.0,
    0.0,
    0.0,
    0.0,
    0.0,
    0.0,
    0.0,
    0.0,
    0.0,
    0.0,
    0.0,
    0.0,
    0.0,
    0.0,
    0.0,
    0.0,
    0.0,
    0.0,
    0.0,
    0.0,
    0.0,
    0.0,
    0.0,
    0.0,
    0.0,
    0.0,
    0.0,
    0.0,
    0.0,
    0.0,
    0.0,
    0.0,
    0.0,
    0.0,
    0.0,
    0.0,
    0.0,
    0.0,
    0.0,
    0.0,
    0.0,
    2.5952111345229543e-05,
    0.00013572218138969635,
    0.0002455757548197586,
    0.0003555127827067609,
    0.00046553321612204074,
    0.0005756370061369426,
    0.0006858241038228056,
    0.0007960944602509691,
    0.0009064480264927776,
    0.0010168847536195687,
    0.0011274045927026864,
    0.0012380074948134707,
    0.0013486934110232605,
    0.0014594622924034,
    0.0015703140900252272,
    0.0016812487549600862,
    0.0017922662382793162,
    0.0019033664910542572,
    0.0020145494643562527,
    0.0021258151092566407,
    0.0022371633768267654,
    0.0023485942181379667,
    0.0024601075842615844,
    0.00257170342626896,
    0.0026833816952314344,
    0.0027951423422203493,
    0.002906985318307045,
    0.0030189105745628644,
    0.0031309180620591455,
    0.0032430077318672313,
    0.0033551795350584613,
    0.0034674334227041783,
    0.003579769345875723,
    0.003692187255644435,
    0.003804687103081656,
    0.003917268839258727,
    0.004029932415246989,
    0.004142677782117785,
    0.004255504890942452,
    0.004368413692792333,
    0.00448140413873877,
    0.004594476179853102,
    0.004707629767206673,
    0.004820864851870821,
    0.004934181384916887,
    0.005047579317416214,
    0.0051610586004401425,
    0.005274619185060013,
    0.005388261022347166,
    0.005501984063372942,
    0.005615788259208685,
    0.005729673560925732,
    0.005843639919595428,
    0.005957687286289111,
    0.006071815612078124,
    0.0061860248480338055,
    0.0063003149452275,
    0.006414685854730544,
    0.006529137527614282,
    0.006643669914950055,
    0.006758282967809201,
    0.006872976637263065,
    0.0069877508743829845,
    0.007102605630240303,
    0.007217540855906359,
    0.007332556502452496,
    0.007447652520950055,
    0.0075628288624703735,
    0.007678085478084798,
    0.007793422318864663,
    0.007908839335881315,
    0.008024336480206094,
    0.008139913702910336,
    0.00825557095506539,
    0.008371308187742591,
    0.008487125352013283,
    0.008603022398948805,
    0.008718999279620497,
    0.008835055945099705,
    0.008951192346457767,
    0.009067408434766019,
    0.009183704161095813,
    0.00930007947651848,
    0.009416534332105368,
    0.009533068678927812,
    0.009649682468057157,
    0.009766375650564743,
    0.00988314817752191,
    0.01,
    0.010116931069070354,
    0.010233941335804313,
    0.01035103075127322,
    0.01046819926654841,
    0.01058544683270123,
    0.010702773400803018,
    0.010820178921925114,
    0.010937663347138865,
    0.011055226627515605,
    0.011172868714126677,
    0.011290589558043426,
    0.011408389110337187,
    0.011526267322079306,
    0.011644224144341119,
    0.011762259528193974,
    0.011880373424709205,
    0.011998565784958153,
    0.012116836560012166,
    0.01223518570094258,
    0.012353613158820735,
    0.012472118884717975,
    0.012590702829705638,
    0.01270936494485507,
    0.012828105181237606,
    0.01294692348992459,
    0.013065819821987365,
    0.013184794128497266,
    0.013303846360525642,
    0.013422976469143826,
    0.013542184405423163,
    0.013661470120434997,
    0.013780833565250662,
    0.013900274690941504,
    0.014019793448578864,
    0.014139389789234078,
    0.014259063663978493,
    0.014378815023883449,
    0.014498643820020285,
    0.014618550003460342,
    0.01473853352527496
  ],
  "dry_run": true
}