{
  "percentiles": {
    "10": 15337998.6003,
    "25": 16632170.0292
  },
  "cdf": [
    0.0504,
    0.05076295958,
    0.05112591918,
    0.051488878780000004,
    0.051851838399999996,
    0.05221479796,
    0.052577757579999995,
    0.05294071718,
    0.053303676779999996,
    0.05366663636,
    0.054029595939999994,
    0.05439255556,
    0.05475551514,
    0.05511847476,
    0.05548143432000001,
    0.05584439396,
    0.056207353540000005,
    0.05657031314000001,
    0.05693327272,
    0.057296232319999994,
    0.05765919192,
    0.05802215150000001,
    0.05838511112,
    0.0587480707,
    0.05911103032,
    0.0594739899,
    0.0598369495,
    0.060199909100000004,
    0.06056286868000001,
    0.060925828280000004,
    0.06128878785999999,
    0.0616517475,
    0.06201470706000001,
    0.06237766668,
    0.06274062626,
    0.06310358586,
    0.06346654546000001,
    0.06382950504,
    0.06419246464,
    0.06455542422,
    0.06491838386,
    0.06528134342,
    0.06564430303999999,
    0.06600726262,
    0.06637022224,
    0.06673318182,
    0.0670961414,
    0.067459101,
    0.0678220606,
    0.06818502022,
    0.06854797978,
    0.0689109394,
    0.069273899,
    0.06963685859999999,
    0.06999981817999999,
    0.07036277776,
    0.07072573738,
    0.07108869696,
    0.07145165658,
    0.07181461614000001,
    0.07217757577999999,
    0.07254053536,
    0.07290349496,
    0.07326645454,
    0.07362941413999999,
    0.07399237373999999,
    0.07435533332000001,
    0.07471829293999999,
    0.0750812525,
    0.07544421214,
    0.07580717172000001,
    0.07617013132,
    0.0765330909,
    0.07689605050000001,
    0.0772590101,
    0.07762196967999999,
    0.0779849293,
    0.07834788888000001,
    0.0787108485,
    0.07907380808,
    0.07943676767999999,
    0.07979972728,
    0.08016268685999998,
    0.08052564646,
    0.08088860604,
    0.08125156568,
    0.08161452524,
    0.08197748486,
    0.08234044444,
    0.08270340406,
    0.08306636364,
    0.08342932322,
    0.08379228282,
    0.08415524242,
    0.08451820204,
    0.08488116159999999,
    0.08524412122,
    0.08560708082,
    0.08597004042,
    0.086333,
    0.08669595958,
    0.08705891918,
    0.08742187878,
    0.0877848384,
    0.08814779796000001,
    0.08851075758,
    0.08887371718,
    0.08923667678000001,
    0.08959963636,
    0.08996259594,
    0.09032555555999999,
    0.09068851514000001,
    0.09105147476,
    0.09141443431999999,
    0.09177739396000001,
    0.09214035354,
    0.09250331314,
    0.09286627272,
    0.09322923232000001,
    0.09359219192000001,
    0.0939551515,
    0.09431811112,
    0.09468107070000001,
    0.09504403032,
    0.09540698989999999,
    0.0957699495,
    0.09613290910000001,
    0.09649586868,
    0.09685882828,
    0.09722178786,
    0.0975847475,
    0.09794770706,
    0.09831066668,
    0.09942211111999999,
    0.10053355555999999,
    0.10164500000000001,
    0.10275644444000001,
    0.10386788888000001,
    0.10497933332,
    0.10609077780000001,
    0.10720222220000002,
    0.10831366668000002,
    0.10942511112000002,
    0.11053655556,
    0.111648,
    0.11275944444,
    0.11387088887999999,
    0.11498233332,
    0.1160937778,
    0.11720522219999999,
    0.11831666668,
    0.11942811112,
    0.12053955556,
    0.12229171428,
    0.12404387302000001,
    0.12579603173999998,
    0.12754819046,
    0.13106011112,
    0.13457203174,
    0.1380839524,
    0.141595873,
    0.14510779367999999,
    0.14861971428,
    0.15213163489999998,
    0.15564355556,
    0.15915547618,
    0.16266739684,
    0.16617931744,
    0.16969123812,
    0.17320315871999997,
    0.17671507938000003,
    0.18022699999999997,
    0.18373892062,
    0.18799184128,
    0.19224476188,
    0.19649768256,
    0.20075060316,
    0.20500352382,
    0.20925644444000002,
    0.21350936510000001,
    0.21776228571999998,
    0.22372264286000001,
    0.229683,
    0.23564335714,
    0.24160371428,
    0.24812864286000003,
    0.25465357142,
    0.26117850000000004,
    0.26770342857999996,
    0.27422835714,
    0.28075328572,
    0.28727821428,
    0.29380314286,
    0.30082207142,
    0.30784100000000003,
    0.31485992858000006,
    0.32187885714000003,
    0.32889778572,
    0.33591671428000003,
    0.34293564286,
    0.34995457142
  ],
  "submitted": true
}