{
  "distribution": {
    "Dollar a Day (by Charley Crockett)": 0.18181818181818182,
    "American Romance (by Lukas Nelson)": 0.1636363636363636,
    "Oh What a Beautiful World (by Willie Nelson)": 0.40909090909090906,
    "Hard Headed Woman (by Margo Price)": 0.19999999999999998,
    "Ain't in it for My Health (by Zach Top)": 0.045454545454545456
  },
  "weight": 1.0
}