{
  "percentiles": {
    "1": 0.010198983829956312,
    "5": 0.01099491914978156,
    "10": 0.011989838299563118,
    "25": 0.06185774873870235,
    "50": 0.9320098634150523,
    "75": 0.9891129042510901,
    "90": 0.9920976617004341,
    "95": 0.9930925808502152,
    "99": 0.9938885161700403
  },
  "cdf": [
    0.01,
    0.010099491914978156,
    0.010198983829956312,
    0.010298475744934468,
    0.010397967659912624,
    0.01049745957489078,
    0.010596951489868936,
    0.01069644340484709,
    0.010795935319825247,
    0.010895427234803403,
    0.01099491914978156,
    0.011094411064759717,
    0.011193902979737871,
    0.011293394894716027,
    0.011392886809694183,
    0.011492378724672337,
    0.011591870639650495,
    0.01169136255462865,
    0.011790854469606806,
    0.011890346384584964,
    0.011989838299563118,
    0.012089330214541274,
    0.01218882212951943,
    0.012288314044497584,
    0.012387805959475742,
    0.012487297874453898,
    0.012586789789432054,
    0.012686281704410211,
    0.012785773619388366,
    0.01340343404980866,
    0.014361868316187753,
    0.015440452046712638,
    0.016629846121622216,
    0.017920871771449916,
    0.019304507827675104,
    0.02077188802558145,
    0.022314298358206898,
    0.02392317448029982,
    0.02559009916121888,
    0.02767062426176796,
    0.03001896121726573,
    0.03248756517441958,
    0.035060112437655534,
    0.03775272935402518,
    0.0406181903600074,
    0.04366420185098104,
    0.04689744318584516,
    0.05032446789126525,
    0.05395170582865755,
    0.05778546532073625,
    0.06185774873870235,
    0.06622736618695402,
    0.07092399905079029,
    0.07616978973335861,
    0.08220111707718714,
    0.08942714931518086,
    0.09765144629491729,
    0.10662271811863923,
    0.11634848296471406,
    0.12684074040364948,
    0.13796070109762662,
    0.14966542302397653,
    0.16198885509379607,
    0.1752446510698262,
    0.18978227212949667,
    0.20596658143168645,
    0.2240554984888033,
    0.2437842703364239,
    0.2652242598581168,
    0.28853624786636156,
    0.31359284490979233,
    0.34027109993987786,
    0.3724068338166491,
    0.41045272423629925,
    0.44942709329236286,
    0.48832202285925236,
    0.5270549423955895,
    0.5624736177708342,
    0.5944768317013701,
    0.6246055317581651,
    0.6529418959386568,
    0.68039006237152,
    0.7076512075809342,
    0.7351487103849698,
    0.7611416763827036,
    0.7829004591171167,
    0.8012776883787102,
    0.8178380066236779,
    0.8324464246823904,
    0.8455031337490556,
    0.8573298624853128,
    0.8680938168487912,
    0.8779855001144793,
    0.8870483693245401,
    0.8953755879119778,
    0.9030079620425215,
    0.909914387108491,
    0.9162208692380518,
    0.9220053421392094,
    0.9272682024071792,
    0.9320098634150523,
    0.9362307549559392,
    0.9399389551379072,
    0.9433861652654609,
    0.9466788581601453,
    0.9498240509422149,
    0.9528294373359639,
    0.955718177345952,
    0.9584935399576937,
    0.961148920283867,
    0.9636778146190303,
    0.9660738189828311,
    0.9683326075151428,
    0.9704860509466827,
    0.9725402596541921,
    0.9744861101806334,
    0.9763146144362598,
    0.9780169177885749,
    0.9795842971817759,
    0.9810081592851763,
    0.9822800386701074,
    0.9833915960148059,
    0.984256145684932,
    0.9848938577100694,
    0.985483707666704,
    0.986023061152234,
    0.9865093226499809,
    0.9868245902065933,
    0.9869240821215713,
    0.9870235740365495,
    0.9871230659515277,
    0.9872225578665057,
    0.987322049781484,
    0.987421541696462,
    0.9875210336114401,
    0.9876205255264183,
    0.9877200174413964,
    0.9878195093563745,
    0.9879190012713527,
    0.9880184931863307,
    0.988117985101309,
    0.988217477016287,
    0.9883169689312651,
    0.9884164608462433,
    0.9885159527612214,
    0.9886154446761996,
    0.9887149365911777,
    0.9888144285061558,
    0.988913920421134,
    0.9890134123361121,
    0.9891129042510901,
    0.9892123961660684,
    0.9893118880810464,
    0.9894113799960246,
    0.9895108719110027,
    0.9896103638259808,
    0.989709855740959,
    0.9898093476559371,
    0.9899088395709151,
    0.9900083314858934,
    0.9901078234008714,
    0.9902073153158496,
    0.9903068072308278,
    0.9904062991458058,
    0.9905057910607841,
    0.9906052829757621,
    0.9907047748907402,
    0.9908042668057184,
    0.9909037587206965,
    0.9910032506356746,
    0.9911027425506528,
    0.9912022344656308,
    0.9913017263806091,
    0.9914012182955871,
    0.9915007102105652,
    0.9916002021255435,
    0.9916996940405215,
    0.9917991859554997,
    0.9918986778704778,
    0.9919981697854559,
    0.9920976617004341,
    0.9921971536154122,
    0.9922966455303902,
    0.9923961374453685,
    0.9924956293603465,
    0.9925951212753247,
    0.9926946131903028,
    0.9927941051052809,
    0.9928935970202591,
    0.9929930889352372,
    0.9930925808502152,
    0.9931920727651935,
    0.9932915646801715,
    0.9933910565951497,
    0.9934905485101279,
    0.9935900404251059,
    0.9936895323400842,
    0.9937890242550622,
    0.9938885161700403,
    0.9939880080850185,
    0.9940874999999966
  ],
  "submitted": true
}