{
  "percentiles": {
    "1": 0.010198986636221034,
    "5": 0.010994933181105171,
    "10": 0.011989866362210342,
    "25": 0.38155222415581636,
    "50": 0.9868631681889453,
    "75": 0.9918378340944684,
    "90": 0.9948226336377821,
    "95": 0.9958175668188868,
    "99": 0.9966135133637705
  },
  "cdf": [
    0.01,
    0.010099493318110518,
    0.010198986636221034,
    0.010298479954331552,
    0.010397973272442068,
    0.010497466590552586,
    0.010596959908663103,
    0.01069645322677362,
    0.010795946544884137,
    0.010895439862994655,
    0.010994933181105171,
    0.011094426499215689,
    0.011193919817326205,
    0.011293413135436723,
    0.01139290645354724,
    0.011492399771657757,
    0.011591893089768273,
    0.011691386407878791,
    0.011790879725989308,
    0.011890373044099825,
    0.011989866362210342,
    0.01208935968032086,
    0.012188852998431376,
    0.012288346316541894,
    0.01238783963465241,
    0.012487332952762928,
    0.012586826270873444,
    0.012686319588983962,
    0.012785812907094478,
    0.012885306225204996,
    0.012984799543315512,
    0.01308429286142603,
    0.013183786179536547,
    0.013402160076148143,
    0.014933009892055354,
    0.017183775859558454,
    0.021292963475863992,
    0.026321785852659353,
    0.03383715042786818,
    0.042925180850130175,
    0.05078030081584749,
    0.057587714016724106,
    0.06455370779996294,
    0.07513956183109514,
    0.09535896127305314,
    0.1234060294464964,
    0.1954259828996482,
    0.23212757887680338,
    0.2692902642933597,
    0.3120462738079669,
    0.38155222415581636,
    0.5530227214142523,
    0.5973437081134556,
    0.6340135033714691,
    0.6795978230699008,
    0.7516272003344617,
    0.8968526071037244,
    0.9244020887852946,
    0.9403592831903202,
    0.9525124228429117,
    0.9615979255193425,
    0.9655050967855793,
    0.9692275044246053,
    0.9727936020540825,
    0.9761778613706539,
    0.9793561691030743,
    0.9806121653962931,
    0.9817113917292581,
    0.982634313211471,
    0.983362458890245,
    0.9838783686456315,
    0.9839778619637419,
    0.9840773552818525,
    0.9841768485999629,
    0.9842763419180733,
    0.9843758352361839,
    0.9844753285542942,
    0.9845748218724049,
    0.9846743151905152,
    0.9847738085086256,
    0.9848733018267362,
    0.9849727951448466,
    0.985072288462957,
    0.9851717817810676,
    0.9852712750991779,
    0.9853707684172885,
    0.9854702617353989,
    0.9855697550535093,
    0.9856692483716198,
    0.9857687416897303,
    0.9858682350078407,
    0.9859677283259513,
    0.9860672216440616,
    0.9861667149621722,
    0.9862662082802826,
    0.986365701598393,
    0.9864651949165035,
    0.986564688234614,
    0.9866641815527244,
    0.9867636748708349,
    0.9868631681889453,
    0.9869626615070559,
    0.9870621548251662,
    0.9871616481432767,
    0.9872611414613872,
    0.9873606347794976,
    0.9874601280976081,
    0.9875596214157186,
    0.987659114733829,
    0.9877586080519396,
    0.9878581013700499,
    0.9879575946881604,
    0.9880570880062709,
    0.9881565813243813,
    0.9882560746424918,
    0.9883555679606023,
    0.9884550612787126,
    0.9885545545968233,
    0.9886540479149336,
    0.988753541233044,
    0.9888530345511546,
    0.988952527869265,
    0.9890520211873755,
    0.989151514505486,
    0.9892510078235963,
    0.989350501141707,
    0.9894499944598173,
    0.9895494877779277,
    0.9896489810960383,
    0.9897484744141487,
    0.9898479677322591,
    0.9899474610503697,
    0.99004695436848,
    0.9901464476865907,
    0.990245941004701,
    0.9903454343228114,
    0.990444927640922,
    0.9905444209590324,
    0.9906439142771428,
    0.9907434075952534,
    0.9908429009133637,
    0.9909423942314743,
    0.9910418875495847,
    0.9911413808676951,
    0.9912408741858056,
    0.9913403675039161,
    0.9914398608220265,
    0.991539354140137,
    0.9916388474582474,
    0.991738340776358,
    0.9918378340944684,
    0.9919373274125788,
    0.9920368207306893,
    0.9921363140487998,
    0.9922358073669102,
    0.9923353006850207,
    0.9924347940031311,
    0.9925342873212417,
    0.992633780639352,
    0.9927332739574625,
    0.992832767275573,
    0.9929322605936834,
    0.9930317539117939,
    0.9931312472299044,
    0.9932307405480147,
    0.9933302338661254,
    0.9934297271842357,
    0.9935292205023462,
    0.9936287138204567,
    0.9937282071385671,
    0.9938277004566776,
    0.9939271937747881,
    0.9940266870928984,
    0.9941261804110091,
    0.9942256737291194,
    0.9943251670472298,
    0.9944246603653404,
    0.9945241536834508,
    0.9946236470015613,
    0.9947231403196718,
    0.9948226336377821,
    0.9949221269558928,
    0.9950216202740031,
    0.9951211135921135,
    0.9952206069102241,
    0.9953201002283345,
    0.9954195935464449,
    0.9955190868645555,
    0.9956185801826658,
    0.9957180735007765,
    0.9958175668188868,
    0.9959170601369972,
    0.9960165534551078,
    0.9961160467732182,
    0.9962155400913286,
    0.9963150334094392,
    0.9964145267275495,
    0.9965140200456601,
    0.9966135133637705,
    0.9967130066818809,
    0.9968124999999914
  ],
  "submitted": true
}