{
  "distribution": {
    "Option 1": 0.15000000000000002,
    "Option 2": 0.15000000000000002,
    "Option 3": 0.35000000000000003,
    "Option 4": 0.35000000000000003
  },
  "weight": 0.8
}