{
  "num_valid_cdfs": 4,
  "method": "weighted_average",
  "final_cdf_length": 102,
  "final_cdf_sample": [
    0.0,
    0.004080075125000001,
    0.008160150275,
    0.012240225425000001,
    0.016320300575,
    0.944108333525,
    0.94546875015,
    0.9468291668000001,
    0.9481895833999999,
    0.94955
  ]
}