{
  "num_valid_cdfs": 5,
  "method": "weighted_average",
  "final_cdf_length": 201,
  "final_cdf_sample": [
    0.0504,
    0.051058000000000006,
    0.051716000000000005,
    0.052374,
    0.053032,
    0.92338266666,
    0.9266436666600001,
    0.92990466666,
    0.9331656666600001,
    0.9364266666599999
  ]
}