{
  "percentiles": {
    "10": 5381.0863,
    "25": 7440.6848,
    "50": 9505.881,
    "75": 11953.7516,
    "90": 16156.6939
  },
  "cdf": [
    0.0504,
    0.0517202857,
    0.0530405714,
    0.0543608571,
    0.0556811429,
    0.0570014286,
    0.0583217143,
    0.059642,
    0.0609622857,
    0.0622825714,
    0.0636028571,
    0.0649231429,
    0.0662434286,
    0.0675637143,
    0.068884,
    0.0702042857,
    0.0715245714,
    0.0728448571,
    0.0741651429,
    0.0754854286,
    0.0768057143,
    0.078126,
    0.0794462857,
    0.0807665714,
    0.0820868571,
    0.0834071429,
    0.0847274286,
    0.0860477143,
    0.087368,
    0.0886882857,
    0.0900085714,
    0.0913288571,
    0.0926491429,
    0.0939694286,
    0.0952897143,
    0.09661,
    0.0979302857,
    0.0992505714,
    0.1005708571,
    0.1024086667,
    0.1083866667,
    0.1143646667,
    0.1203426667,
    0.1263206667,
    0.1322986667,
    0.1382766667,
    0.1442546667,
    0.1502326667,
    0.1562106667,
    0.1621886667,
    0.1681666667,
    0.1741446667,
    0.1801226667,
    0.1861006667,
    0.1920786667,
    0.1980566667,
    0.2057911111,
    0.2157211111,
    0.2256511111,
    0.2355811111,
    0.2455111111,
    0.2554411111,
    0.2653711111,
    0.2753011111,
    0.2852311111,
    0.2951611111,
    0.3050911111,
    0.3150211111,
    0.3249511111,
    0.3348811111,
    0.3448111111,
    0.3547411111,
    0.3646711111,
    0.3746011111,
    0.3845311111,
    0.3944611111,
    0.4056457143,
    0.4183985714,
    0.4311514286,
    0.4439042857,
    0.4566571429,
    0.46941,
    0.4821628571,
    0.4949157143,
    0.5076685714,
    0.5204214286,
    0.5331742857,
    0.5459271429,
    0.55868,
    0.5714328571,
    0.5841857143,
    0.5969385714,
    0.6052730435,
    0.6130552174,
    0.6208373913,
    0.6286195652,
    0.6364017391,
    0.644183913,
    0.651966087,
    0.6597482609,
    0.6675304348,
    0.6753126087,
    0.6830947826,
    0.6908769565,
    0.6986591304,
    0.7064413043,
    0.7142234783,
    0.7220056522,
    0.7297878261,
    0.73757,
    0.7453521739,
    0.7531343478,
    0.7609165217,
    0.7686986957,
    0.7764808696,
    0.7842630435,
    0.7920452174,
    0.7980968571,
    0.8006874286,
    0.803278,
    0.8058685714,
    0.8084591429,
    0.8110497143,
    0.8136402857,
    0.8162308571,
    0.8188214286,
    0.821412,
    0.8240025714,
    0.8265931429,
    0.8291837143,
    0.8317742857,
    0.8343648571,
    0.8369554286,
    0.839546,
    0.8421365714,
    0.8447271429,
    0.8473177143,
    0.8499082857,
    0.8524988571,
    0.8550894286,
    0.85768,
    0.8602705714,
    0.8628611429,
    0.8654517143,
    0.8680422857,
    0.8706328571,
    0.8732234286,
    0.875814,
    0.8784045714,
    0.8809951429,
    0.8835857143,
    0.8861762857,
    0.8887668571,
    0.8913574286,
    0.893948,
    0.8965385714,
    0.898494,
    0.8996555,
    0.900817,
    0.9019785,
    0.90314,
    0.9043015,
    0.905463,
    0.9066245,
    0.907786,
    0.9089475,
    0.910109,
    0.9112705,
    0.912432,
    0.9135935,
    0.914755,
    0.9159165,
    0.917078,
    0.9182395,
    0.919401,
    0.9205625,
    0.921724,
    0.9228855,
    0.924047,
    0.9252085,
    0.92637,
    0.9275315,
    0.928693,
    0.9298545,
    0.931016,
    0.9321775,
    0.933339,
    0.9345005,
    0.935662,
    0.9368235,
    0.937985,
    0.9391465,
    0.940308,
    0.9414695,
    0.942631,
    0.9437925,
    0.944954,
    0.9461155,
    0.947277,
    0.9484385,
    0.9496
  ],
  "submitted": true
}