{
  "num_valid_cdfs": 5,
  "method": "weighted_average",
  "final_cdf_length": 201,
  "final_cdf_sample": [
    0.0504,
    0.05192273932,
    0.053445478660000004,
    0.054968218,
    0.05649095734,
    0.9477834272799999,
    0.9482375704800001,
    0.94869171364,
    0.9491458568399999,
    0.9496
  ]
}