{
  "num_valid_cdfs": 5,
  "method": "weighted_average",
  "final_cdf_length": 201,
  "final_cdf_sample": [
    0.01,
    0.010099490518447388,
    0.010198981036894776,
    0.010298471555342165,
    0.010397962073789551,
    0.9909920379262098,
    0.9910915284446572,
    0.9911910189631046,
    0.991290509481552,
    0.9913899999999994
  ]
}