{
  "percentiles": {
    "1": 0.01334214983159227,
    "5": 0.017022234988547533,
    "10": 0.025422258916128114,
    "25": 0.09411989696439074,
    "50": 0.3830348362720054,
    "75": 0.754223567996525,
    "90": 0.9179648676713995,
    "95": 0.9480922232735267,
    "99": 0.9869518594541031
  },
  "cdf": [
    0.012524222770943222,
    0.012926543469061918,
    0.01334214983159227,
    0.013770003245405987,
    0.01420907270511606,
    0.01465833475830331,
    0.015116773451177148,
    0.015583380274657038,
    0.016057154110901296,
    0.016537101180241598,
    0.017022234988547533,
    0.017511576275004423,
    0.01800415296030402,
    0.018499000095247974,
    0.018995159809748613,
    0.019535313754768382,
    0.020450000212713128,
    0.021512355434548953,
    0.02267717551978108,
    0.024004822794168358,
    0.025422258916128114,
    0.02691877312772417,
    0.028483731933737367,
    0.030106578556208335,
    0.03177683239321815,
    0.033484088481907634,
    0.035218016965638164,
    0.03696836256529846,
    0.038758815552212375,
    0.04070856741173941,
    0.04270494102502369,
    0.04474845020235424,
    0.046836518141005576,
    0.04896658612276468,
    0.051136113388610314,
    0.05334257701429261,
    0.05558347178692147,
    0.057856310082455654,
    0.060171787469088044,
    0.06254937596571843,
    0.06498634336971118,
    0.06747961098476654,
    0.07002612146635516,
    0.0726234963517369,
    0.07530778152163946,
    0.07809540986756183,
    0.08098285609005945,
    0.08403244815052191,
    0.08725177225055143,
    0.09062086366305702,
    0.09411989696439074,
    0.09772918508318382,
    0.10142861202105444,
    0.10519854445360713,
    0.10902493151192201,
    0.1128943117984413,
    0.11679331774352848,
    0.12070867496800257,
    0.1246615701290041,
    0.1287070147598222,
    0.13284998775212042,
    0.13709454255518888,
    0.141444703472196,
    0.14590446585946806,
    0.15047779632424413,
    0.15516863292088331,
    0.15998088534568627,
    0.1649184351302683,
    0.16998513583341826,
    0.17521391775209602,
    0.1808253817317093,
    0.18682166708249032,
    0.19315009225534835,
    0.19975714936159045,
    0.20659112473690328,
    0.21360085280270863,
    0.22073551641381567,
    0.2279446445451188,
    0.23517810999519587,
    0.2423861271068711,
    0.24951924950409082,
    0.25652852247254876,
    0.26336333143888335,
    0.2699746128294994,
    0.2764669274417576,
    0.2829224366560384,
    0.2893477136216335,
    0.29578872169367676,
    0.3022625893670427,
    0.30877078046884016,
    0.31531474865595377,
    0.32189593748231127,
    0.328515780465663,
    0.33517570115396345,
    0.34187711319114794,
    0.3486214203825404,
    0.35541001675972755,
    0.3622442866449648,
    0.36912560471516265,
    0.37605533606543695,
    0.3830348362720054,
    0.3901158808534381,
    0.3973438995688202,
    0.404710761984039,
    0.412208390367804,
    0.41982875935478825,
    0.4275657696312657,
    0.4354382651994097,
    0.4434316776043638,
    0.4515221107236288,
    0.4597148901867591,
    0.4679926910120158,
    0.4763334829850585,
    0.48472269817756164,
    0.4931387906338781,
    0.501565461242562,
    0.5099963589644136,
    0.5184082516505513,
    0.5267770526908148,
    0.5350788329081432,
    0.5432898195596146,
    0.5513863953448929,
    0.5593450974211678,
    0.567143250709871,
    0.57479808189778,
    0.582316222063573,
    0.5896872938427429,
    0.5969825768222312,
    0.6042302774106897,
    0.6114300334920447,
    0.6185814856633909,
    0.6256842772173039,
    0.632738054124019,
    0.6397424650139021,
    0.6466971611600921,
    0.6536017964611022,
    0.6604560274236633,
    0.6672595131456409,
    0.67401560207765,
    0.6807302410710879,
    0.6874032606705789,
    0.6940589584611765,
    0.7007201564678452,
    0.7073843830407007,
    0.7140491821911215,
    0.7207121134952177,
    0.7273725039744352,
    0.7340565451131686,
    0.7407674267668053,
    0.7474957909158505,
    0.754223567996525,
    0.7609389532684131,
    0.767632149512808,
    0.7742934212921383,
    0.780913094571865,
    0.7874815563450162,
    0.793989254259229,
    0.8004266962464064,
    0.8067943758738683,
    0.8130971238336869,
    0.8193213874376257,
    0.8254534096926394,
    0.8314795200104855,
    0.837386133682808,
    0.8431597513600192,
    0.8487869585335732,
    0.8542582370281055,
    0.8596234398390145,
    0.8648844283186922,
    0.8700195226745372,
    0.8750182483712976,
    0.879871601672121,
    0.8845795511755054,
    0.8891790313723245,
    0.8936691969954614,
    0.8980437539610555,
    0.9022964476843459,
    0.9064210628421909,
    0.9104114231371063,
    0.9142613910628062,
    0.9179648676713995,
    0.9215067940083659,
    0.9248961318605671,
    0.9281618526792987,
    0.9312867393689981,
    0.9342903963299621,
    0.9371399638739522,
    0.9397764709798928,
    0.9424609552334955,
    0.9452364306972024,
    0.9480922232735267,
    0.9510968528327931,
    0.9543365873673215,
    0.9578971724642737,
    0.9618638343741532,
    0.966759411311721,
    0.9734068721440859,
    0.9812936985282372,
    0.9869518594541031,
    0.990075032615802,
    0.9901799999999991
  ],
  "submitted": true
}