{
  "distribution": {
    "Increases": 0.244,
    "Doesn't change": 0.42399999999999993,
    "Decreases": 0.33199999999999996
  },
  "submitted": true
}