{
  "individual_probabilities": [
    [
      0.1,
      0.6,
      0.02,
      0.02,
      0.25,
      0.01
    ],
    [
      0.1,
      0.65,
      0.05,
      0.01,
      0.18,
      0.01
    ],
    [
      0.059940059940059943,
      0.7192807192807193,
      0.029970029970029972,
      0.00999000999000999,
      0.17982017982017984,
      0.0009990009990009992
    ],
    [
      0.12,
      0.65,
      0.03,
      0.02,
      0.17,
      0.01
    ],
    [
      0.14,
      0.7,
      0.02,
      0.02,
      0.1,
      0.02
    ]
  ],
  "weights": [
    1.0,
    1.0,
    1.0,
    1.0,
    1.0
  ],
  "method": "weighted_average",
  "final_probabilities": [
    0.10398801198801197,
    0.6638561438561438,
    0.02999400599400599,
    0.015998001998001995,
    0.17596403596403595,
    0.010199800199800197
  ]
}