{
  "percentiles": {
    "1": 0.0001330830520893499,
    "5": 0.0025523756622464868,
    "10": 0.012461907207777439,
    "25": 0.18610838433203925,
    "50": 0.5206945876806385,
    "75": 0.7658920778483187,
    "90": 0.8614163676779418,
    "95": 0.8907578870245082,
    "99": 0.9191467002245759
  },
  "cdf": [
    0.0,
    5.98963315205882e-05,
    0.0001330830520893499,
    0.0002547427792525472,
    0.0004245973359587446,
    0.0006506510144758156,
    0.0009285223685671845,
    0.0012570339833702787,
    0.0016367824984838664,
    0.002068364328312414,
    0.0025523756622464868,
    0.003089412464743701,
    0.0036800704752540893,
    0.004324945208542352,
    0.005024631954546771,
    0.005779725778678452,
    0.0065908215217155754,
    0.007458513799904436,
    0.008384061414084355,
    0.009935840780749262,
    0.012461907207777439,
    0.01574596869989129,
    0.019578720524627464,
    0.024208905260683727,
    0.029546025212384384,
    0.03515461955032156,
    0.04063398612496284,
    0.04648255488139501,
    0.052787712447570266,
    0.05956398527838562,
    0.0665671502847649,
    0.07352613704559512,
    0.08016997664296827,
    0.08636488979775013,
    0.09231621710184736,
    0.09813443984364201,
    0.1038417518974472,
    0.10947004108821781,
    0.11505101761120787,
    0.12060973404914048,
    0.12617123360869972,
    0.13176055012457283,
    0.13740270806254654,
    0.1431227225225933,
    0.14894543889309908,
    0.154884163823155,
    0.16093380736547586,
    0.16708770848708115,
    0.17333920864459867,
    0.17968165178232637,
    0.18610838433203925,
    0.19261275521173657,
    0.19918654218279216,
    0.20580912912818494,
    0.2124656052229156,
    0.21914317968064276,
    0.22582906649646337,
    0.23251048444669956,
    0.23917465708525745,
    0.24580881274227462,
    0.25240018452352075,
    0.25897762657501616,
    0.26560537972802395,
    0.27228164617483086,
    0.2790034388048871,
    0.2857670489493441,
    0.292567476988192,
    0.2993999497182499,
    0.30625969078815796,
    0.3131376785173293,
    0.3200238223219686,
    0.3269108846562683,
    0.3337916306793465,
    0.34065882825269506,
    0.347505247938414,
    0.3543236629990192,
    0.36110856044046863,
    0.36789508885934497,
    0.3746911936006946,
    0.3814854661405208,
    0.38826650221408243,
    0.39503177873874046,
    0.4018161794504329,
    0.4086180783518123,
    0.4154297595213019,
    0.4222435099175712,
    0.42905161937693775,
    0.435846380613099,
    0.442622888975529,
    0.44938851998348844,
    0.45613606309593135,
    0.4628557308578557,
    0.4695377394666761,
    0.47617230877013184,
    0.48274966226534965,
    0.48926002709752286,
    0.4956983658064855,
    0.5020682034857383,
    0.5083600493532037,
    0.5145635634675652,
    0.5206945876806385,
    0.5268005297712499,
    0.5328787754539895,
    0.5389250635679463,
    0.5449351345411991,
    0.5509047303905895,
    0.556829594721146,
    0.5627054727258424,
    0.568528602676236,
    0.5743101078498309,
    0.5800526592203371,
    0.5857514869623904,
    0.5914018230296699,
    0.5969989011532695,
    0.6025379568410674,
    0.6080142273780329,
    0.6134236726564952,
    0.6187686587499088,
    0.6240468850252591,
    0.629254393324699,
    0.6343896831037832,
    0.6394652216578924,
    0.6444822611090824,
    0.6494394692418161,
    0.6543404526304527,
    0.6592053741260467,
    0.6640351310177498,
    0.6688280769788817,
    0.673582566296285,
    0.6782969538706516,
    0.6829695952157558,
    0.687598846458771,
    0.6921830643392529,
    0.6967206062102328,
    0.70120983003668,
    0.7056490943955587,
    0.7100367584766184,
    0.7143711820804037,
    0.718650725620282,
    0.7228737501197433,
    0.7270386172141527,
    0.731143689149779,
    0.7351873287828847,
    0.7391679406240834,
    0.7430992256164668,
    0.7469923678002652,
    0.7508462893568575,
    0.7546600090852879,
    0.7584379259116875,
    0.7621822523595754,
    0.7658920778483187,
    0.7695664921368889,
    0.7732045853235207,
    0.7768050539098942,
    0.7803652514009215,
    0.78388309959825,
    0.7873575893199014,
    0.790792956504472,
    0.7941912293643498,
    0.7975539156378899,
    0.8008825225046878,
    0.8041785565848238,
    0.8074435239402072,
    0.8106789300736459,
    0.8138862799303512,
    0.8170670778964778,
    0.8202228278009798,
    0.8233550329148909,
    0.8264651959513559,
    0.8295548190665484,
    0.8326254038595092,
    0.8356784513719996,
    0.8386961128167204,
    0.8416579017167904,
    0.8445699003000948,
    0.8474382882211546,
    0.8502692428419435,
    0.853070236810181,
    0.8558565295970428,
    0.8586363811576556,
    0.8614163676779418,
    0.864203062904196,
    0.8670030381439661,
    0.8698228622666138,
    0.872672140211743,
    0.8755765146687302,
    0.8785345342175447,
    0.8815389380246156,
    0.8845824679477617,
    0.8876578685350452,
    0.8907578870245082,
    0.893875273341967,
    0.8970067006019751,
    0.9001605441090442,
    0.903490616921595,
    0.9070785435114015,
    0.9108846256679393,
    0.9149069338839884,
    0.9191467002245759,
    0.9239562613856922,
    0.929036420740166
  ],
  "submitted": true
}