{
  "percentiles": {
    "10": 2.6649,
    "25": 2.8973,
    "50": 2.9835,
    "75": 3.098,
    "90": 3.8032
  },
  "cdf": [
    0.0504,
    0.051615992,
    0.05283198398,
    0.054047975959999994,
    0.055263967940000006,
    0.056479959940000005,
    0.05769595192,
    0.0589119439,
    0.06012793588,
    0.06134392788,
    0.06255991986,
    0.06377591186,
    0.06499190382,
    0.0662078958,
    0.0674238878,
    0.0686398798,
    0.06985587176,
    0.07107186373999999,
    0.07228785573999999,
    0.07350384773999999,
    0.07471983971999999,
    0.07593583168,
    0.07715182368,
    0.07836781568,
    0.07958380765999999,
    0.08079979962,
    0.08201579164,
    0.08323178362000001,
    0.0844477756,
    0.08566376758000001,
    0.08687975958,
    0.08809575156000002,
    0.08931174354,
    0.09052773554,
    0.09174372752,
    0.09295971948000001,
    0.09417571148000001,
    0.09539170347999999,
    0.09660769547999999,
    0.10069186134000001,
    0.10621011420000001,
    0.11172836708,
    0.11724661993999999,
    0.12387953942,
    0.13823550656,
    0.16252378541999998,
    0.2083558186,
    0.28049302200000004,
    0.36626999274,
    0.4591202507,
    0.5498215389200001,
    0.62627988066,
    0.6936067425800001,
    0.7394949305399999,
    0.77903168996,
    0.81597370186,
    0.8369037488,
    0.8553865607000001,
    0.8722599608399999,
    0.8808769160599998,
    0.88576800178,
    0.8906590874799999,
    0.8940539803800001,
    0.8944564878000001,
    0.8948589951600001,
    0.89526150256,
    0.8956640099600002,
    0.8960665173200001,
    0.8964690247,
    0.8968715321200001,
    0.8972740395000001,
    0.8976765469,
    0.8980790542999999,
    0.89848156166,
    0.89888406902,
    0.8992865764400001,
    0.89968908384,
    0.90009159124,
    0.90049409864,
    0.9008966059800001,
    0.9012991134,
    0.9017016207800002,
    0.9021041281800001,
    0.90250663556,
    0.9029091429199999,
    0.9033116502999998,
    0.90371415772,
    0.9041166651199999,
    0.9045191725,
    0.9049216799199999,
    0.90532418726,
    0.90572669466,
    0.90612920204,
    0.9065317094399999,
    0.9069342168199999,
    0.90733672424,
    0.9077392315800001,
    0.9081417389800001,
    0.9085442464,
    0.9089467537800001,
    0.90934926118,
    0.90975176854,
    0.9101542759199999,
    0.9105567832999999,
    0.9109592907199999,
    0.9113617981000001,
    0.9117643055,
    0.91216681286,
    0.91256932026,
    0.9129718276600001,
    0.91337433506,
    0.9137768424399999,
    0.91417934982,
    0.9145818572,
    0.9149843645800001,
    0.91538687198,
    0.9157893793799999,
    0.9161918867799999,
    0.91659439412,
    0.9169969015399999,
    0.9173994089199999,
    0.9178019163,
    0.91820442372,
    0.9186069311,
    0.91900943846,
    0.91941194586,
    0.9198144532599999,
    0.92021696064,
    0.92061946806,
    0.9210219754399999,
    0.92142448278,
    0.9218269901799999,
    0.9222294975800001,
    0.92263200498,
    0.9230345123800001,
    0.9234370197399999,
    0.92383952712,
    0.92424203454,
    0.9246445419199999,
    0.9250470493,
    0.9254495567,
    0.9258520640600001,
    0.92625457144,
    0.9266570788600001,
    0.9270595862600001,
    0.92746209364,
    0.9278646010599999,
    0.9282671084,
    0.9286696158,
    0.9290721231799999,
    0.92947463058,
    0.9298771379599999,
    0.93027964534,
    0.93068215272,
    0.93108466012,
    0.9314871675399999,
    0.9318896749200001,
    0.93229218232,
    0.9326946896599999,
    0.93309719706,
    0.9334997044600002,
    0.9339022118599999,
    0.93430471924,
    0.93470722666,
    0.9351097340000001,
    0.9355122414,
    0.9359147488199999,
    0.9363172562000001,
    0.93671976358,
    0.9371222709400001,
    0.93752477834,
    0.9379272857200001,
    0.93832979314,
    0.9387323005200001,
    0.93913480792,
    0.93953731528,
    0.9399398226800001,
    0.94034233004,
    0.9407448374599999,
    0.9411473448599998,
    0.94154985224,
    0.9419523596199999,
    0.942354867,
    0.9427573744,
    0.9431598818,
    0.9435623892,
    0.94396489652,
    0.9443674039400001,
    0.9447699113199999,
    0.94517241872,
    0.9455749261399999,
    0.9459774335199999,
    0.94637994088,
    0.9467824482800001,
    0.94718495568,
    0.94758746306,
    0.9479899704600001,
    0.94839247784,
    0.9487949851999999,
    0.9491974926000001,
    0.9496
  ],
  "submitted": true
}