{
  "percentiles": {
    "1": 0.044332423342571106,
    "5": 0.05735780169690171,
    "10": 0.07528961244837398,
    "25": 0.1747250121145126,
    "50": 0.5135019222726718,
    "75": 0.8444613067636316,
    "90": 0.936745418071782,
    "95": 0.9567519544244515,
    "99": 0.9686148256230087
  },
  "cdf": [
    0.0412066689408377,
    0.042765057982010406,
    0.044332423342571106,
    0.04591164195738062,
    0.04750357782107449,
    0.04910887154603717,
    0.05072815903510458,
    0.05236207151458361,
    0.05401123556701888,
    0.05567627316369659,
    0.05735780169690171,
    0.05905643401193853,
    0.06077277843889941,
    0.06250743882417331,
    0.06426106962268596,
    0.06603519511911946,
    0.06783200364541234,
    0.06965368412850467,
    0.07150240984301,
    0.07338033851890143,
    0.07528961244837398,
    0.07723235859191495,
    0.07932241564556938,
    0.08153810094682008,
    0.08382151913928973,
    0.08617331147933147,
    0.08859411409862838,
    0.09108530420724366,
    0.09365687340164369,
    0.09631138532208924,
    0.09904833773489656,
    0.1018672311112051,
    0.10476756861057834,
    0.1077488560646928,
    0.11081616364171117,
    0.11398636816545767,
    0.11725887523832226,
    0.12063831428429746,
    0.12412756307968457,
    0.12772201365439825,
    0.13141708868793714,
    0.13520824130718623,
    0.13910575152080504,
    0.14314998346279123,
    0.14733334224950687,
    0.1516444805453651,
    0.15607212718913968,
    0.1606050866920183,
    0.16523223873930037,
    0.16994253769575224,
    0.1747250121145126,
    0.17956876424957532,
    0.184462969571821,
    0.18939687628853302,
    0.19436440824345244,
    0.19937021404276667,
    0.20441310464053847,
    0.20949398610855444,
    0.21462529088506446,
    0.2198456965829652,
    0.22515524962727884,
    0.23055186697048696,
    0.23603359986394223,
    0.24159758392163272,
    0.24724097316530663,
    0.25296093990665164,
    0.25875467463025864,
    0.2646223148633228,
    0.2705983122787333,
    0.27668897426335176,
    0.282888714968674,
    0.2891919846227229,
    0.2955932692997779,
    0.3020870906917113,
    0.30866800588096777,
    0.31533060711509425,
    0.3220695215829522,
    0.32887941119235764,
    0.3357549723494443,
    0.34269093573944936,
    0.34968206610911395,
    0.35672316205057725,
    0.3638425804602261,
    0.37113862403449815,
    0.37860291980432315,
    0.38621860157665955,
    0.3939689118503299,
    0.4018398198848403,
    0.4098478402047605,
    0.4179839372260571,
    0.4262284799657408,
    0.4345619638309798,
    0.44296500982441894,
    0.4514183637550849,
    0.4599390092167025,
    0.4686198659000553,
    0.47743958260092684,
    0.4863677572455852,
    0.4953741825241017,
    0.504428844674105,
    0.5135019222726718,
    0.5225637850367779,
    0.5316461077489524,
    0.5409029701647958,
    0.5503170552051374,
    0.5598359347021676,
    0.5693978973275893,
    0.578941624743486,
    0.588406189168297,
    0.5977310509594908,
    0.6068560562125714,
    0.6157214343766102,
    0.6242677958858592,
    0.6324361298075167,
    0.640202198217442,
    0.6476412310352367,
    0.6549120448938348,
    0.6620680908263672,
    0.6691109256960595,
    0.6760420974342216,
    0.6828631450930065,
    0.6895755988979129,
    0.696180980299862,
    0.7026808020270224,
    0.7090765681361695,
    0.7153697740638202,
    0.7215619066769644,
    0.727654444323497,
    0.7336488568823069,
    0.7395466058130087,
    0.7453491442053986,
    0.751057916828548,
    0.7566743601796049,
    0.7622092279108494,
    0.7676714384957812,
    0.7730602323241643,
    0.7783743388241186,
    0.7836124446809539,
    0.7887751767277652,
    0.793866859095139,
    0.7988852991511124,
    0.803827812181912,
    0.808691730526407,
    0.8134744034730925,
    0.8181731971577364,
    0.8227854944618128,
    0.8273086949114248,
    0.8317402462809251,
    0.8360779419185018,
    0.8403191976121264,
    0.8444613067636316,
    0.848501579968767,
    0.8524373449139702,
    0.8562839433544747,
    0.8600603156592047,
    0.8637716896267792,
    0.8674169317133165,
    0.8710027207861215,
    0.8745357849453204,
    0.8780145883040257,
    0.881437604624894,
    0.8848033172628025,
    0.8881102191078151,
    0.8913568125285846,
    0.8945416093160692,
    0.8976631306276456,
    0.9007188442303322,
    0.9037038847190532,
    0.9066166381281093,
    0.9094557666710829,
    0.9122199410632357,
    0.9149078404711336,
    0.9175181524625632,
    0.9200674718856879,
    0.9225746690501836,
    0.9250456060352485,
    0.9274774805712183,
    0.929866830278961,
    0.9322102135895103,
    0.9345042096235575,
    0.936745418071782,
    0.9389414546186616,
    0.9411006009544476,
    0.9432204818778984,
    0.9452987364461869,
    0.9473330178927346,
    0.9493209935455201,
    0.9512602446515498,
    0.9531470738042216,
    0.9549785047878799,
    0.9567519544244515,
    0.9584648550374808,
    0.9601146543632041,
    0.9616988154621604,
    0.9632213739644945,
    0.9647016390425758,
    0.9661398239734449,
    0.9673903092586922,
    0.9686148256230087,
    0.9698125275375737,
    0.9709825745532044
  ],
  "submitted": true
}