{
  "percentiles": {
    "1": 0.00643737684,
    "5": 0.00842688406,
    "10": 0.010913768200000002,
    "25": 0.62361876316,
    "50": 0.9848350872799999,
    "75": 0.9894475436800001,
    "90": 0.9922150174399998,
    "95": 0.99313750874,
    "99": 0.9938755017400001
  },
  "cdf": [
    0.00594,
    0.00618868838,
    0.00643737684,
    0.00668606522,
    0.0069347536,
    0.007183442060000001,
    0.00743213046,
    0.007680818840000001,
    0.0079295073,
    0.00817819568,
    0.00842688406,
    0.008675572519999999,
    0.0089242609,
    0.009172949279999999,
    0.009421637739999999,
    0.00967032612,
    0.009919014500000002,
    0.010167702959999999,
    0.010416391359999999,
    0.01066507974,
    0.010913768200000002,
    0.011162456580000002,
    0.01141114496,
    0.01165983342,
    0.0119085218,
    0.01693254354,
    0.02195656528,
    0.026980587020000002,
    0.03200460876,
    0.0375226305,
    0.04304065226,
    0.048558674,
    0.05407669574,
    0.06737058696,
    0.0806644782,
    0.09395836941999999,
    0.10725226066,
    0.1393189393,
    0.16074501314,
    0.18217108698,
    0.20359716082,
    0.24063520424,
    0.2776732477,
    0.31471129111999996,
    0.35174933456,
    0.42107581638,
    0.46305386086,
    0.5083252387,
    0.5535966165399999,
    0.58860768984,
    0.62361876316,
    0.65533650312,
    0.6870542431200001,
    0.72021634686,
    0.74273784412,
    0.76525934138,
    0.78778083864,
    0.8061856692199999,
    0.82459049982,
    0.8429953304,
    0.8614001609999999,
    0.8738085312799999,
    0.8862169015600001,
    0.8986252718400001,
    0.9110336421199999,
    0.9170200123999999,
    0.92300638266,
    0.9289927529399999,
    0.93497912322,
    0.9397304935000002,
    0.9444818637800001,
    0.9492332340599999,
    0.9539846043400001,
    0.9564383600399999,
    0.95889211574,
    0.96134587142,
    0.9637996271199999,
    0.9656770495,
    0.9675544718600001,
    0.9694318942000001,
    0.97130931656,
    0.97318673894,
    0.97506416128,
    0.97694158364,
    0.9788190060199999,
    0.9800462789400001,
    0.98127355188,
    0.98250082482,
    0.9837280977599999,
    0.98382034688,
    0.98391259602,
    0.98400484512,
    0.9840970943,
    0.98418934342,
    0.98428159254,
    0.9843738416399999,
    0.98446609076,
    0.9845583399200001,
    0.9846505890199999,
    0.9847428381600001,
    0.9848350872799999,
    0.98492733644,
    0.9850195855400001,
    0.98511183464,
    0.9852040837999999,
    0.98529633292,
    0.98538858208,
    0.9854808311800001,
    0.98557308034,
    0.98566532944,
    0.98575757854,
    0.9858498276800001,
    0.9859420768,
    0.9860343259600001,
    0.9861265750599999,
    0.9862188242000001,
    0.9863110733200001,
    0.98640332244,
    0.9864955715800001,
    0.98658782068,
    0.98668006984,
    0.98677231898,
    0.98686456812,
    0.9869568172000001,
    0.98704906632,
    0.98714131548,
    0.98723356458,
    0.9873258137200001,
    0.98741806284,
    0.98751031198,
    0.9876025610999999,
    0.9876948102,
    0.9877870593600001,
    0.9878793084800002,
    0.9879715576200001,
    0.9880638067399999,
    0.9881560559,
    0.9882483049999999,
    0.9883405541,
    0.9884328032399999,
    0.98852505236,
    0.98861730152,
    0.98870955062,
    0.98880179976,
    0.98889404888,
    0.988986298,
    0.9890785471399999,
    0.98917079624,
    0.9892630454000001,
    0.9893552945199999,
    0.9894475436800001,
    0.9895397927599999,
    0.98963204188,
    0.9897242910399999,
    0.98981654014,
    0.9899087892799999,
    0.9900010384,
    0.99009328756,
    0.99018553666,
    0.99027778576,
    0.9903700349200001,
    0.99046228404,
    0.9905545331799999,
    0.99064678228,
    0.9907390314600001,
    0.9908312805599999,
    0.9909235296599999,
    0.9910157788000001,
    0.99110802792,
    0.9912002770800001,
    0.99129252618,
    0.9913847753199999,
    0.99147702444,
    0.99156927356,
    0.9916615227000001,
    0.9917537718,
    0.99184602096,
    0.99193827008,
    0.9920305192200001,
    0.99212276832,
    0.9922150174399998,
    0.9923072665999999,
    0.9923995157000001,
    0.9924917648399999,
    0.99258401396,
    0.9926762630999999,
    0.99276851222,
    0.99286076132,
    0.99295301048,
    0.9930452596,
    0.99313750874,
    0.99322975784,
    0.9933220070000001,
    0.99341425612,
    0.9935065052200001,
    0.99359875436,
    0.9936910034800001,
    0.9937832526399999,
    0.9938755017400001,
    0.9939677508800001,
    0.9940599999999999
  ],
  "submitted": true
}