{
  "percentiles": {
    "1": 0.05152223626666666,
    "5": 0.056011181266666675,
    "10": 0.0616223625,
    "25": 0.0784559063,
    "50": 0.17932691356666666,
    "75": 0.8871648745333335,
    "90": 0.9303144346333333,
    "95": 0.9399572173666666,
    "99": 0.9476714434666667
  },
  "cdf": [
    0.0504,
    0.0509611181,
    0.05152223626666666,
    0.05208335436666667,
    0.05264447246666667,
    0.053205590633333334,
    0.053766708733333335,
    0.054327826899999994,
    0.05488894503333333,
    0.05545006313333334,
    0.056011181266666675,
    0.0565722994,
    0.0571334175,
    0.05769453563333333,
    0.058255653766666665,
    0.058816771866666666,
    0.059377889999999996,
    0.05993900813333333,
    0.06050012626666667,
    0.06106124436666666,
    0.0616223625,
    0.06218348066666666,
    0.06274459876666666,
    0.0633057169,
    0.06386683503333333,
    0.06442795313333333,
    0.06498907126666667,
    0.0655501894,
    0.06611130750000001,
    0.06667242566666666,
    0.06723354376666667,
    0.06779466186666668,
    0.06835578003333333,
    0.06891689813333333,
    0.06947801626666666,
    0.07003913443333333,
    0.07060025253333334,
    0.07116137063333333,
    0.0717224888,
    0.0722836069,
    0.07284472503333334,
    0.07340584316666666,
    0.07396696126666667,
    0.0745280794,
    0.07508919753333333,
    0.07565031563333334,
    0.07621143376666667,
    0.07677255189999999,
    0.07733367003333334,
    0.07789478816666667,
    0.0784559063,
    0.07901702443333335,
    0.07957814253333333,
    0.08013926066666667,
    0.0807003788,
    0.0812614969,
    0.08182261503333334,
    0.08238373316666667,
    0.08294485126666666,
    0.0835059694,
    0.08406708753333332,
    0.08462820566666666,
    0.08518932383333333,
    0.08575044193333332,
    0.08631156003333333,
    0.0868726782,
    0.08743379629999999,
    0.0879949144,
    0.08855603256666666,
    0.08911715066666666,
    0.08967826876666667,
    0.09023938693333333,
    0.09080050503333333,
    0.09136162316666667,
    0.0919227413,
    0.09248385943333333,
    0.09304497756666667,
    0.0936060957,
    0.0941672138,
    0.09472833193333334,
    0.09528945006666667,
    0.09585056816666666,
    0.09641168630000001,
    0.09697280443333334,
    0.09753392256666667,
    0.09809504066666667,
    0.0986561588,
    0.09921727693333333,
    0.09977839506666668,
    0.10426905866666668,
    0.10875972223333334,
    0.1132503858,
    0.1177410494,
    0.12223171296666664,
    0.12672237653333335,
    0.13121304013333332,
    0.13570370369999998,
    0.14660950616666665,
    0.15751530863333332,
    0.16842111110000002,
    0.17932691356666666,
    0.19023271603333333,
    0.20113851853333334,
    0.212044321,
    0.22295012346666665,
    0.23632592593333332,
    0.24970172840000002,
    0.26472419753333337,
    0.27974666666666664,
    0.29873333333333335,
    0.31772,
    0.33670666666666665,
    0.35569333333333336,
    0.37467999999999996,
    0.39366666666666666,
    0.4115555555666666,
    0.42944444443333335,
    0.45144999999999996,
    0.4734555555666667,
    0.4954611111,
    0.5174666666666666,
    0.5394722222333334,
    0.5614777777666666,
    0.5818366666666667,
    0.6021955555666666,
    0.6225544444333333,
    0.6429133333333333,
    0.6605277777666667,
    0.6781422222333333,
    0.6957566666666667,
    0.7133711111,
    0.7309855555666666,
    0.7486,
    0.761,
    0.7734,
    0.7858,
    0.7982,
    0.8106,
    0.823,
    0.8329211469666667,
    0.8428422939000001,
    0.8489212186333334,
    0.8550001434,
    0.8610790681,
    0.8671579928333334,
    0.8704924731333333,
    0.8738269534,
    0.8771614336666667,
    0.8804959139666666,
    0.8838303942666667,
    0.8871648745333335,
    0.8904993548333334,
    0.8938338351333334,
    0.8971683154,
    0.9005027957,
    0.903837276,
    0.9071717562666667,
    0.9081360345666667,
    0.9091003128,
    0.9100645910666666,
    0.9110288693666667,
    0.9119931476333334,
    0.9129574258333334,
    0.9139217041333333,
    0.9148859824,
    0.9158502606666667,
    0.9168145389333334,
    0.9177788172,
    0.9187430954666667,
    0.9197073737333333,
    0.9206716519999999,
    0.9216359302666667,
    0.9226002085666667,
    0.9235644868,
    0.9245287650666668,
    0.9254930433666667,
    0.9264573216333334,
    0.9274215998333334,
    0.9283858781333333,
    0.9293501564,
    0.9303144346333333,
    0.9312787129333334,
    0.9322429912,
    0.9332072694666668,
    0.9341715477333334,
    0.9351358259999999,
    0.9361001042666667,
    0.9370643825666667,
    0.9380286608,
    0.9389929390666666,
    0.9399572173666666,
    0.9409214955999999,
    0.9418857738666667,
    0.9428500521333333,
    0.9438143304,
    0.9447786086333334,
    0.9457428869333334,
    0.9467071652,
    0.9476714434666667,
    0.9486357217333333,
    0.9495999999999999
  ],
  "submitted": true
}