{
  "percentiles": {
    "10": 3.4588,
    "25": 3.5583,
    "50": 3.6231,
    "75": 3.7019,
    "90": 3.9517
  },
  "cdf": [
    0.0504,
    0.0515823484,
    0.0527646968,
    0.05394704516,
    0.055129393559999997,
    0.05631174196000001,
    0.05749409035999999,
    0.05867643872,
    0.05985878712,
    0.061041135499999996,
    0.0622234839,
    0.06340583229999999,
    0.06458818066000001,
    0.06577052906,
    0.06695287745999999,
    0.06813522586000001,
    0.06931757426,
    0.07049992262,
    0.07168227102,
    0.07286461942,
    0.07404696782,
    0.07522931617999999,
    0.07641166458,
    0.07759401297999999,
    0.07877636138,
    0.07995870978,
    0.08114105814,
    0.08232340652,
    0.08350575492000001,
    0.08468810332,
    0.08587045165999999,
    0.08705280008,
    0.08823514848,
    0.08941749687999999,
    0.09059984528,
    0.09178219364,
    0.09296454204,
    0.09414689044,
    0.09532923884,
    0.09651158724,
    0.0976939356,
    0.09887628400000001,
    0.10092699949999999,
    0.1046974791,
    0.11113696399999999,
    0.12282211468000001,
    0.13577450732000002,
    0.1511986502,
    0.16662279312,
    0.18333330264,
    0.20410419338,
    0.23204686014,
    0.26932456847999997,
    0.30930496109999994,
    0.34814574512,
    0.38551544654,
    0.42417738280000006,
    0.4628393190600001,
    0.50159989864,
    0.53939071482,
    0.57503903654,
    0.6101077274800001,
    0.64410797874,
    0.67647740264,
    0.70492890922,
    0.7305071586999999,
    0.75395975908,
    0.7774123594800001,
    0.79945026242,
    0.8165655641599999,
    0.82941895304,
    0.8411125168,
    0.8507461406399999,
    0.8589762975999999,
    0.86371924756,
    0.8666830512999999,
    0.86964685504,
    0.87261065876,
    0.87557446248,
    0.87853826622,
    0.88150206996,
    0.88446587368,
    0.88689827052,
    0.8884242458199999,
    0.88995022114,
    0.89147619648,
    0.8930021717800001,
    0.8945281470800002,
    0.8960541224,
    0.89758009772,
    0.8991060730599999,
    0.9002272473999999,
    0.9006802084200001,
    0.9011331694599999,
    0.9015861304799999,
    0.9020390915400001,
    0.9024920525599999,
    0.9029450136000001,
    0.9033979746,
    0.9038509356399999,
    0.9043038966999999,
    0.90475685774,
    0.9052098187400001,
    0.9056627797800001,
    0.90611574082,
    0.9065687018599998,
    0.9070216628799999,
    0.90747462392,
    0.90792758496,
    0.9083805459800001,
    0.908833507,
    0.9092864680799998,
    0.9097394291,
    0.91019239012,
    0.91064535112,
    0.9110983122,
    0.91155127324,
    0.91200423426,
    0.91245719526,
    0.9129101563199999,
    0.9133631173600001,
    0.91381607838,
    0.91426903942,
    0.91472200046,
    0.91517496148,
    0.9156279225,
    0.9160808835600001,
    0.9165338446,
    0.91698680562,
    0.9174397666199999,
    0.91789272766,
    0.91834568874,
    0.91879864976,
    0.9192516107800002,
    0.9197045718,
    0.92015753284,
    0.9206104938999999,
    0.92106345492,
    0.92151641594,
    0.9219693769799999,
    0.92242233802,
    0.92287529904,
    0.9233282600799999,
    0.9237812211200002,
    0.92423418216,
    0.9246871431599999,
    0.9251401041999999,
    0.92559306526,
    0.9260460262800001,
    0.9264989873000001,
    0.9269519483199999,
    0.9274049094000001,
    0.9278578704199999,
    0.9283108314399999,
    0.9287637924600001,
    0.9292167535200001,
    0.9296697145399999,
    0.9301226755799998,
    0.9305756366000001,
    0.9310285976599999,
    0.93148155866,
    0.9319345196800001,
    0.9323874807599999,
    0.9328404418,
    0.9332934028000001,
    0.9337463638199999,
    0.9341993248600001,
    0.93465228594,
    0.9351052469400001,
    0.93555820796,
    0.936011169,
    0.9364641300400001,
    0.9369170910800001,
    0.93737005212,
    0.93782301314,
    0.93827597416,
    0.93872893518,
    0.93918189626,
    0.93963485728,
    0.9400878183000001,
    0.94054077934,
    0.94099374036,
    0.9414467014,
    0.94189966244,
    0.94235262348,
    0.9428055845,
    0.94325854552,
    0.9437115065399999,
    0.94416446762,
    0.9446174286400002,
    0.9450703896599999,
    0.9455233506999999,
    0.94597631172,
    0.94642927278,
    0.9468822338,
    0.9473351948400002,
    0.94778815586,
    0.94824111688,
    0.9486940779399999,
    0.94914703898,
    0.9496
  ],
  "submitted": true
}