{
  "num_valid_cdfs": 4,
  "method": "weighted_average",
  "final_cdf_length": 201,
  "final_cdf_sample": [
    0.0504,
    0.055028388175,
    0.059656776325,
    0.06428516447499999,
    0.06891355260000001,
    0.9478136912499999,
    0.94826026845,
    0.9487068456250001,
    0.949153422825,
    0.9496
  ]
}