{
  "num_valid_cdfs": 5,
  "method": "weighted_average",
  "final_cdf_length": 201,
  "final_cdf_sample": [
    0.0,
    0.011143044891478973,
    0.016194724169832034,
    0.02083238545911694,
    0.025110781468658937,
    0.9773670738334347,
    0.9784084446135825,
    0.9794956890830048,
    0.9806381174357984,
    0.9818297661341168
  ]
}