{
  "num_valid_cdfs": 5,
  "method": "weighted_average",
  "final_cdf_length": 201,
  "final_cdf_sample": [
    0.0504,
    0.051481743940000005,
    0.05256348784,
    0.053645231780000004,
    0.05472697572,
    0.9478930895200002,
    0.94831981712,
    0.94874654478,
    0.94917327238,
    0.9496
  ]
}