{
  "num_valid_cdfs": 5,
  "method": "weighted_average",
  "final_cdf_length": 201,
  "final_cdf_sample": [
    0.0504,
    0.05279619750000001,
    0.055192395000000005,
    0.0575885925,
    0.059984789979999995,
    0.9473270368,
    0.9478952776,
    0.9484635184,
    0.9490317592,
    0.9496
  ]
}