{
  "num_valid_cdfs": 5,
  "method": "weighted_average",
  "final_cdf_length": 201,
  "final_cdf_sample": [
    0.0504,
    0.052306589380000004,
    0.054213178800000004,
    0.05611976822,
    0.058026357640000005,
    0.9470703104,
    0.9477027327800001,
    0.9483351552,
    0.9489675776000001,
    0.9496
  ]
}