{
  "percentiles": {
    "1": 26.42857142857143,
    "5": 78.57142857142857,
    "10": 139.2857142857143,
    "15": 225.00000000000003,
    "20": 325.0,
    "25": 425.0,
    "30": 525.0,
    "35": 625.0,
    "40": 725.0,
    "45": 825.0,
    "50": 925.0000000000001,
    "55": 1025.0,
    "60": 1125.0,
    "65": 1225.0,
    "70": 1325.0,
    "75": 1425.0,
    "80": 1525.0,
    "85": 1625.0,
    "90": 1725.0,
    "95": 1825.0000000000002,
    "99": 1925.0000000000002
  },
  "cdf": [
    0.0,
    0.0,
    0.0,
    0.0,
    0.0,
    0.0,
    0.0,
    0.0,
    0.0,
    0.0,
    0.0,
    0.0,
    0.0,
    0.0,
    0.0,
    0.0,
    0.0,
    0.0,
    0.0,
    0.0,
    0.0,
    0.0,
    0.0,
    0.0,
    0.0,
    0.0,
    0.00013685272592423454,
    0.00050094686254854,
    0.0008652837188844135,
    0.0012298634133903013,
    0.00159468606452465,
    0.001959751790745908,
    0.0023250607105125176,
    0.00269061294228293,
    0.0030564086045155882,
    0.0034224478156689403,
    0.0037887306942014335,
    0.0041552573585715135,
    0.004522027927237627,
    0.00488904251865822,
    0.005256301251291741,
    0.005623804243596634,
    0.005991551614031347,
    0.006359543481054326,
    0.006727779963124019,
    0.00709626117869887,
    0.007464987246237329,
    0.00783395828419784,
    0.00820317441103885,
    0.008572635745218805,
    0.008942342405196153,
    0.00931229450942934,
    0.009682492176376813,
    0.010052935524497016,
    0.0104236246722484,
    0.010794559738089408,
    0.01116574084047849,
    0.011537168097874088,
    0.01190884162873465,
    0.012280761551518624,
    0.012652927984684455,
    0.013025341046690593,
    0.013398000855995481,
    0.013770907531057568,
    0.014144061190335297,
    0.01451746195228712,
    0.01489110993537148,
    0.01526500525804682,
    0.015639148038771592,
    0.016013538396004244,
    0.016388176448203222,
    0.016763062313826963,
    0.017138196111333926,
    0.01751357795918255,
    0.01788920797583128,
    0.018265086279738576,
    0.01864121298936287,
    0.01901758822316261,
    0.01939421209959625,
    0.019771084737122236,
    0.020148206254199004,
    0.020525576769285014,
    0.020903196400838705,
    0.021281065267318527,
    0.021659183487182918,
    0.022037551178890336,
    0.022416168460899225,
    0.022795035451668024,
    0.023174152269655187,
    0.023553519033319162,
    0.023933135861118386,
    0.02431300287151131,
    0.024693120182956392,
    0.025073487913912063,
    0.025454106182836774,
    0.025834975108188978,
    0.026216094808427116,
    0.026597465402009628,
    0.02697908700739497,
    0.027360959743041594,
    0.02774308372740793,
    0.028125459078952437,
    0.02850808591613355,
    0.02889096435740974,
    0.02927409452123942,
    0.029657476526081063,
    0.0300411104903931,
    0.030424996532633992,
    0.03080913477126217,
    0.03119352532473609,
    0.0315781683115142,
    0.03196306385005494,
    0.03234821205881675,
    0.0327336130562581,
    0.033119266960837425,
    0.03350517389101316,
    0.033891333965243756,
    0.03427774730198768,
    0.034664414019703355,
    0.03505133423684923,
    0.03543850807188376,
    0.035825935643265396,
    0.03621361706945257,
    0.03660155246890374,
    0.03698974196007735,
    0.037378185661431834,
    0.037766883691425654,
    0.038155836168517254,
    0.038545043211165086,
    0.03893450493782758,
    0.03932422146696319,
    0.03971419291703038,
    0.04010441940648756,
    0.040494901053793206,
    0.040885637977405756,
    0.04127663029578366,
    0.04166787812738536,
    0.0420593815906693,
    0.042451140804093936,
    0.0428431558861177,
    0.04323542695519905,
    0.04362795412979644,
    0.0440207375283683,
    0.04441377726937308,
    0.04480707347126923,
    0.045200626252515204,
    0.045594435731569426,
    0.045988502026890365,
    0.04638282525693647,
    0.04677740554016616,
    0.04717224299503791,
    0.04756733774001015,
    0.04796268989354135,
    0.04835829957408992,
    0.048754166900114325,
    0.04915029199007302,
    0.049546674962424445,
    0.049943315935627036,
    0.05034070277533636,
    0.05073964283316808,
    0.05114011644108564,
    0.0515420902687478,
    0.05194553098581335,
    0.052350405261941055,
    0.052756679766789695,
    0.053164321170018035,
    0.05357329614128486,
    0.05398357135024893,
    0.05439511346656902,
    0.05480788915990391,
    0.055221865099912365,
    0.055637007956253155,
    0.056053284398585076,
    0.05647066109656687,
    0.056889104719857336,
    0.05730858193811523,
    0.05772905942099934,
    0.05815050383816842,
    0.05857288185928126,
    0.05899616015399662,
    0.05942030539197328,
    0.05984528424287002,
    0.0602710633763456,
    0.0606976094620588,
    0.061124889169668385,
    0.061552869168833145,
    0.06198151612921184,
    0.06241079672046324,
    0.06284067761224614,
    0.06327112547421929,
    0.06370210697604146,
    0.06413358878737144,
    0.06456553757786798,
    0.06499792001718989,
    0.06543070277499591,
    0.06586385252094484,
    0.06629733592469543,
    0.06673111965590646,
    0.06716517038423671,
    0.06759945477934493,
    0.06803393951088993
  ],
  "dry_run": true
}