{
  "num_valid_cdfs": 5,
  "method": "weighted_average",
  "final_cdf_length": 201,
  "final_cdf_sample": [
    0.15183466666,
    0.15638006665999998,
    0.16092546666000002,
    0.16547086666,
    0.17001626665999997,
    0.94597728572,
    0.94688296428,
    0.9477886428400002,
    0.94869432144,
    0.9496
  ]
}