{
  "percentiles": {
    "10": 14001392.3752,
    "25": 15869340.0716
  },
  "cdf": [
    0.0504,
    0.05093706348,
    0.051474126999999995,
    0.052011190480000004,
    0.05254825396,
    0.05308531746,
    0.05362238095999999,
    0.05415944444,
    0.054696507920000005,
    0.05523357144,
    0.05577063491999999,
    0.05630769842000001,
    0.056844761900000006,
    0.057381825399999996,
    0.0579188889,
    0.05845595236000001,
    0.05899301588,
    0.05953007936,
    0.06006714286,
    0.06060420634,
    0.06114126986,
    0.06167833334,
    0.0622153968,
    0.06275246034000001,
    0.0632895238,
    0.0638265873,
    0.06436365078,
    0.06490071430000001,
    0.06543777778,
    0.06597484126,
    0.06651190477999999,
    0.06704896823999999,
    0.06758603175999998,
    0.06812309522,
    0.06866015874,
    0.06919722222,
    0.0697342857,
    0.07027134922,
    0.0708084127,
    0.07134547620000001,
    0.07188253966,
    0.0724196032,
    0.07295666666,
    0.07349373014,
    0.07403079366000001,
    0.07456785714,
    0.07510492064,
    0.07564198412,
    0.07617904764000001,
    0.0767161111,
    0.0772531746,
    0.07779023809999999,
    0.07832730158,
    0.07886436508,
    0.07940142856,
    0.07993849207999999,
    0.08047555556,
    0.08101261904,
    0.08154968253999999,
    0.08208674603999999,
    0.08262380952,
    0.08349020634,
    0.08435660318,
    0.08522300000000001,
    0.08608939682,
    0.08695579366,
    0.08782219048,
    0.08868858730000001,
    0.08955498412,
    0.09042138095999999,
    0.09128777778,
    0.09215417458,
    0.09302057143999999,
    0.09388696826000001,
    0.09475336508,
    0.0956197619,
    0.09648615874,
    0.09735255555999998,
    0.09821895236,
    0.09908534922,
    0.09995174602,
    0.10081814285999999,
    0.10168453967999999,
    0.10255093652,
    0.10341733334,
    0.10428373014,
    0.105150127,
    0.10601652380000001,
    0.10688292064,
    0.10774931744,
    0.10861571429999999,
    0.10948211111999999,
    0.11034850792000002,
    0.11121490478,
    0.11208130158,
    0.11294769842,
    0.11381409522000001,
    0.11468049207999997,
    0.11554688888,
    0.11641328570000001,
    0.11727968256000001,
    0.11864007936000001,
    0.12000047620000001,
    0.12136087299999998,
    0.12272126986000001,
    0.12429541666000002,
    0.12586956348,
    0.12744371032,
    0.12901785714,
    0.13059200398,
    0.13216615078,
    0.13374029764,
    0.13531444444000001,
    0.13741787698,
    0.13952130952,
    0.14162474206,
    0.1437281746,
    0.14583160714,
    0.14793503970000002,
    0.15003847222,
    0.15214190476000003,
    0.1542453373,
    0.15634876983999998,
    0.15845220238,
    0.16055563492,
    0.16265906746,
    0.1647625,
    0.16686593254,
    0.16896936508,
    0.17107279762,
    0.17317623016,
    0.1752796627,
    0.17738309524,
    0.17948652778000002,
    0.18158996030000002,
    0.18369339286,
    0.1857968254,
    0.18790025794,
    0.19000369048000001,
    0.19210712302,
    0.19421055556,
    0.19673741666,
    0.19926427778,
    0.20179113888,
    0.204318,
    0.20855817858,
    0.21279835714,
    0.21703853571999998,
    0.22127871427999998,
    0.22551889286,
    0.22975907142000002,
    0.23399924999999996,
    0.23823942857999997,
    0.24247960714,
    0.24671978572000003,
    0.25095996427999995,
    0.25520014286000003,
    0.25944032141999995,
    0.2636805,
    0.26792067858,
    0.27216085714,
    0.27640103572,
    0.28064121428,
    0.28488139286,
    0.28912157142,
    0.29402041666,
    0.29891926192,
    0.30381810714,
    0.30871695238,
    0.31396571428,
    0.3192144762,
    0.32446323808,
    0.329712,
    0.33496076192,
    0.34020952379999997,
    0.34545828572000004,
    0.35070704762,
    0.35595580952,
    0.36120457141999995,
    0.36645333334,
    0.37170209524,
    0.37786828572000003,
    0.3840344762,
    0.39020066666,
    0.39636685714,
    0.40253304762,
    0.40869923807999997,
    0.41486542858000003,
    0.42103161906,
    0.42752714286,
    0.43402266665999994,
    0.44051819048,
    0.44701371428000003,
    0.45350923808,
    0.46000476191999995,
    0.46650028572,
    0.47299580952,
    0.47949133333999994,
    0.48598685714000006,
    0.49248238093999996,
    0.49897790476
  ],
  "submitted": true
}