{
  "percentiles": {
    "1": 0.010198984740865422,
    "5": 0.010994923704327109,
    "10": 0.015223635263868038,
    "25": 0.30066433540403964,
    "50": 0.9816608794601993,
    "75": 0.9899957469802658,
    "90": 0.9929805180932473,
    "95": 0.9939754417975746,
    "99": 0.9947713807610363
  },
  "cdf": [
    0.01,
    0.01009949237043271,
    0.010198984740865422,
    0.010298477111298132,
    0.010397969481730844,
    0.010497461852163555,
    0.010596954222596265,
    0.010696446593028977,
    0.010795938963461687,
    0.010895431333894399,
    0.010994923704327109,
    0.01109441607475982,
    0.011193908445192531,
    0.011411503442364707,
    0.011817577973996433,
    0.01227634923010316,
    0.012783831644633526,
    0.013336111092468284,
    0.013929343607874895,
    0.014559754128433803,
    0.015223635263868038,
    0.01636311573155754,
    0.017684323047817745,
    0.01904504309340658,
    0.020441046995107827,
    0.02186818097156317,
    0.02332236501178494,
    0.024799816098637097,
    0.026945202972958892,
    0.030218983536014987,
    0.034366793279822325,
    0.03911357099088684,
    0.04435165049631158,
    0.049943112502169276,
    0.05589306434276846,
    0.06304124317355676,
    0.07125486379760244,
    0.08015726044280726,
    0.08965492724516218,
    0.09981181752784689,
    0.11075424963537417,
    0.12275340184534363,
    0.13588265947829056,
    0.15017693532059653,
    0.16602852828903636,
    0.18471929382966992,
    0.20573744908141212,
    0.22852442850892327,
    0.25237535421108637,
    0.2765793319090447,
    0.30066433540403964,
    0.32484997386357767,
    0.34981502098937894,
    0.37723343898990025,
    0.40659486197986594,
    0.43729138016901237,
    0.46872518125084667,
    0.5004612825771007,
    0.5335696649236624,
    0.5687776437980074,
    0.6037316799974566,
    0.6361965877793744,
    0.6651846141104167,
    0.6918053664768518,
    0.7166645484474272,
    0.7400580950180435,
    0.7618538962396916,
    0.781921812729766,
    0.8001347866089148,
    0.8165524383077912,
    0.8318063435832006,
    0.8462052452153594,
    0.8596365157685385,
    0.8719504419944094,
    0.8829841035163858,
    0.8925976974026032,
    0.9012629378113797,
    0.9092282339394945,
    0.9165667973137348,
    0.9233742210192162,
    0.9296764778534875,
    0.9354092779776566,
    0.9404999510718899,
    0.9450281033783774,
    0.9492424561580561,
    0.9531924787506568,
    0.9568964130719394,
    0.9603319021840122,
    0.9634658586688454,
    0.9662781289894641,
    0.9688145444420455,
    0.9710148025828277,
    0.9729556849804103,
    0.9746722283382339,
    0.9761440980527449,
    0.977351277274358,
    0.9783069869418769,
    0.979213510161685,
    0.9800766326724313,
    0.9808933939156563,
    0.9816608794601993,
    0.9823762203241223,
    0.983036592307522,
    0.9836392153360277,
    0.9841813528147982,
    0.9846603109928287,
    0.9850734383373825,
    0.9854181249183718,
    0.9856918018025074,
    0.9858919404570443,
    0.9860160521629571,
    0.9861155445333898,
    0.9862150369038224,
    0.9863145292742551,
    0.9864140216446879,
    0.9865135140151207,
    0.9866130063855533,
    0.986712498755986,
    0.9868119911264188,
    0.9869114834968515,
    0.9870109758672841,
    0.9871104682377169,
    0.9872099606081497,
    0.9873094529785824,
    0.987408945349015,
    0.9875084377194477,
    0.9876079300898806,
    0.9877074224603133,
    0.9878069148307459,
    0.9879064072011786,
    0.9880058995716114,
    0.9881053919420442,
    0.9882048843124768,
    0.9883043766829095,
    0.9884038690533423,
    0.988503361423775,
    0.9886028537942076,
    0.9887023461646404,
    0.9888018385350732,
    0.9889013309055059,
    0.9890008232759385,
    0.9891003156463712,
    0.9891998080168041,
    0.9892993003872368,
    0.9893987927576694,
    0.9894982851281021,
    0.989597777498535,
    0.9896972698689677,
    0.9897967622394003,
    0.989896254609833,
    0.9899957469802658,
    0.9900952393506985,
    0.9901947317211311,
    0.9902942240915639,
    0.9903937164619967,
    0.9904932088324294,
    0.990592701202862,
    0.9906921935732947,
    0.9907916859437276,
    0.9908911783141603,
    0.9909906706845929,
    0.9910901630550256,
    0.9911896554254584,
    0.9912891477958912,
    0.9913886401663238,
    0.9914881325367565,
    0.9915876249071893,
    0.991687117277622,
    0.9917866096480547,
    0.9918861020184874,
    0.9919855943889202,
    0.9920850867593529,
    0.9921845791297855,
    0.9922840715002182,
    0.9923835638706511,
    0.9924830562410838,
    0.9925825486115164,
    0.9926820409819491,
    0.992781533352382,
    0.9928810257228147,
    0.9929805180932473,
    0.99308001046368,
    0.9931795028341128,
    0.9932789952045455,
    0.9933784875749782,
    0.9934779799454109,
    0.9935774723158437,
    0.9936769646862764,
    0.993776457056709,
    0.9938759494271417,
    0.9939754417975746,
    0.9940749341680073,
    0.9941744265384399,
    0.9942739189088726,
    0.9943734112793055,
    0.9944729036497382,
    0.9945723960201708,
    0.9946718883906035,
    0.9947713807610363,
    0.994870873131469,
    0.9949703655019017
  ],
  "submitted": true
}