{
  "individual_probabilities": [
    [
      0.25,
      0.13,
      0.08,
      0.07,
      0.47
    ],
    [
      0.23,
      0.15,
      0.09,
      0.05,
      0.48
    ],
    [
      0.26,
      0.14,
      0.09,
      0.08,
      0.43
    ],
    [
      0.1836734693877551,
      0.1326530612244898,
      0.061224489795918366,
      0.04081632653061224,
      0.5816326530612245
    ],
    [
      0.22,
      0.14,
      0.08,
      0.05,
      0.51
    ]
  ],
  "weights": [
    1.0,
    1.0,
    1.0,
    1.0,
    1.0
  ],
  "method": "weighted_average",
  "final_probabilities": [
    0.22873469387755102,
    0.138530612244898,
    0.08024489795918369,
    0.058163265306122446,
    0.49432653061224485
  ]
}