{
  "percentiles": {
    "10": 2.1152,
    "25": 2.2222,
    "50": 2.2679,
    "75": 2.3149,
    "90": 2.4375
  },
  "cdf": [
    0.0504,
    0.05123793338,
    0.05207586674,
    0.0529138001,
    0.05375173352,
    0.0545896669,
    0.055427600240000006,
    0.056265533619999995,
    0.057103467,
    0.057941400379999994,
    0.058779333739999995,
    0.05961726712,
    0.060455200519999995,
    0.0612931339,
    0.062131067240000004,
    0.06296900062,
    0.063806934,
    0.06464486738,
    0.06548280076,
    0.06632073414,
    0.06715866751999999,
    0.06799660086,
    0.06883453424,
    0.06967246764,
    0.070510401,
    0.07134833435999999,
    0.07218626775999999,
    0.07302420114000001,
    0.07386213452,
    0.07470006786000001,
    0.07553800124000001,
    0.07637593464,
    0.07721386801999999,
    0.07805180136,
    0.07888973476,
    0.07972766813999999,
    0.08056560154,
    0.08140353486,
    0.08224146826,
    0.08307940166,
    0.08391733500000001,
    0.08475526836,
    0.08559320176,
    0.08643113514,
    0.08726906849999999,
    0.08810700188000001,
    0.08894493526,
    0.08978286866,
    0.0908123378,
    0.0926242511,
    0.09443616437999999,
    0.09624807768000002,
    0.09805999096000001,
    0.09987190426,
    0.10168381754,
    0.10349573084000001,
    0.1053076441,
    0.10711955740000001,
    0.10893147068000002,
    0.11074338396000001,
    0.11255529725999999,
    0.11436721055999999,
    0.11617912384,
    0.11920781620000001,
    0.12322283710000001,
    0.12793651514,
    0.1334695275,
    0.13900253978,
    0.1445355521,
    0.15194540352,
    0.16427484828,
    0.17686512506000002,
    0.19061136182,
    0.20477984458000004,
    0.223113208,
    0.24144657142000003,
    0.25977993485999995,
    0.27811329828,
    0.29859062172,
    0.31928530514000003,
    0.34805336000000003,
    0.37864309866,
    0.40991653334,
    0.4414508,
    0.47099589332,
    0.49938173334,
    0.52861725334,
    0.55857730666,
    0.58853736,
    0.6184974133400001,
    0.6475616800000001,
    0.6750029919999999,
    0.700250944,
    0.71937141408,
    0.7376976879400001,
    0.75218857496,
    0.76667946202,
    0.7811703490599999,
    0.7956612361,
    0.80713887514,
    0.8185782101800001,
    0.8259298598800001,
    0.8328039762599999,
    0.83967809266,
    0.846552209,
    0.8534263253799999,
    0.8603004417800001,
    0.8662345467,
    0.8715906716399999,
    0.8757588254199999,
    0.8788615764,
    0.8819643274000001,
    0.88506707842,
    0.8876685328,
    0.8893101875799999,
    0.8909518424,
    0.8925934972,
    0.8942351519799999,
    0.8958768067800001,
    0.89751846158,
    0.89916011636,
    0.9008017711599999,
    0.9024434259599999,
    0.90408508076,
    0.9047978475399999,
    0.9053873495200001,
    0.90597685154,
    0.90656635354,
    0.9071558555399999,
    0.90774535754,
    0.9083348595799998,
    0.9089243615600001,
    0.90951386356,
    0.91010336562,
    0.9106928675800001,
    0.91128236958,
    0.9118718716,
    0.91246137362,
    0.9130508756,
    0.9136403776199999,
    0.9142298796399999,
    0.9148193816200001,
    0.91540888362,
    0.91599838564,
    0.9165878876600001,
    0.91717738966,
    0.91776689166,
    0.9183563936800001,
    0.91894589568,
    0.91953539766,
    0.92012489968,
    0.9207144017,
    0.9213039036999999,
    0.92189340568,
    0.9224829077400001,
    0.9230724097199999,
    0.9236619117,
    0.9242514137600001,
    0.9248409157399999,
    0.92543041774,
    0.9260199197600001,
    0.9266094217799999,
    0.92719892374,
    0.92778842576,
    0.92837792778,
    0.9289674297799999,
    0.92955693178,
    0.9301464338000001,
    0.9307359358200001,
    0.9313254378,
    0.9319149398000001,
    0.9325044418199999,
    0.93309394384,
    0.9336834458200001,
    0.9342729478399999,
    0.93486244986,
    0.93545195184,
    0.93604145382,
    0.9366309558799999,
    0.93722045788,
    0.93780995986,
    0.9383994619000001,
    0.9389889639000002,
    0.93957846588,
    0.9401679678800001,
    0.94075746992,
    0.9413469719,
    0.94193647392,
    0.9425259759400001,
    0.94311547794,
    0.94370497994,
    0.9442944819200001,
    0.94488398396,
    0.94547348596,
    0.9460629879599999,
    0.9466524899800002,
    0.947241992,
    0.9478314939600001,
    0.94842099596,
    0.949010498,
    0.9496
  ],
  "submitted": true
}