{
  "distribution": {
    "Before 11 May 2026": 0.164,
    "Between 11 May 2026 and 9 September 2026": 0.442,
    "Between 10 September 2026 and 9 January 2027": 0.28600000000000003,
    "Not before 9 January 2027": 0.10800000000000005
  },
  "submitted": false
}