{
  "percentiles": {
    "10": 5751.2317,
    "25": 6386.6542,
    "50": 6750.544,
    "75": 7097.7551,
    "90": 7543.1195
  },
  "cdf": [
    0.0504,
    0.05107619412000001,
    0.05175238823999999,
    0.052428582359999996,
    0.05310477649999999,
    0.05378097058,
    0.05445716469999999,
    0.05513335884,
    0.05580955293999999,
    0.05648574706,
    0.0571619412,
    0.05783813534,
    0.058514329479999995,
    0.05919052358,
    0.05986671768,
    0.06054291182,
    0.06121910594,
    0.061895300040000004,
    0.06257149417999999,
    0.06324768830000001,
    0.06392388244000001,
    0.06460007654,
    0.06527627064,
    0.06595246478,
    0.06662865888,
    0.06730485302000001,
    0.06798104714,
    0.06865724124,
    0.06933343538,
    0.0700096295,
    0.07068582358,
    0.07136201771999999,
    0.07203821184,
    0.072714406,
    0.07339060012000001,
    0.07406679424,
    0.07474298836,
    0.07541918247999999,
    0.0760953766,
    0.0767715707,
    0.07744776482,
    0.07812395895999999,
    0.07880015306,
    0.07947634717999999,
    0.08015254131999999,
    0.08082873542,
    0.08150492956,
    0.08218112366,
    0.08285731776000001,
    0.0835335119,
    0.08420970602,
    0.08488590012,
    0.08556209426000001,
    0.08623828838,
    0.08691448254,
    0.08759067666,
    0.08826687075999999,
    0.08894306490000001,
    0.089619259,
    0.09029545312000001,
    0.09097164726,
    0.09164784136000001,
    0.0923240355,
    0.09300022962000001,
    0.09367642369999998,
    0.09435261784,
    0.09502881195999999,
    0.09570500608,
    0.0963812002,
    0.0981471002,
    0.0999130002,
    0.10167890019999999,
    0.10344480019999999,
    0.1052107002,
    0.1069766002,
    0.1098439867,
    0.11271137322,
    0.1155787597,
    0.11844614619999998,
    0.12131353267999997,
    0.12418091916,
    0.12704830566,
    0.12991569214,
    0.13278307864,
    0.13565046512,
    0.14111723256,
    0.146584,
    0.156267,
    0.16595,
    0.175633,
    0.18531599999999998,
    0.19639866666,
    0.20748133334,
    0.21856399999999998,
    0.22964666666000003,
    0.24352866667999998,
    0.25741066666,
    0.27260999999999996,
    0.28780933334,
    0.30300866666,
    0.318208,
    0.33340733334,
    0.34860666666,
    0.363806,
    0.37900533334,
    0.39618066665999996,
    0.41606187388000004,
    0.43660174774,
    0.45714162162000005,
    0.47834016216,
    0.49953870269999995,
    0.52073724324,
    0.5419357837800001,
    0.5619741379400001,
    0.58123903448,
    0.5991865977199999,
    0.6171341609000001,
    0.63442305748,
    0.6517119540200002,
    0.6683421839,
    0.6849724138,
    0.70160264368,
    0.7182328735600001,
    0.7348631034399999,
    0.75149333334,
    0.76669266666,
    0.7818919999999999,
    0.7941273333200001,
    0.8063626666800001,
    0.81720466666,
    0.82804666666,
    0.837242,
    0.8464373333399999,
    0.85563266666,
    0.8648279999999999,
    0.8721970303,
    0.8795660606,
    0.8851134659,
    0.89066087122,
    0.8936771984400002,
    0.8959976815399999,
    0.89831816462,
    0.9006386477199999,
    0.9014828089400002,
    0.9023269702200001,
    0.9031711314399999,
    0.9040152927000001,
    0.90485945392,
    0.90570361518,
    0.9065477764399998,
    0.9073919376800001,
    0.90823609892,
    0.90908026018,
    0.9099244214199999,
    0.9107685826799999,
    0.9116127439199999,
    0.91245690516,
    0.9133010664200001,
    0.91414522766,
    0.9149893888999999,
    0.91583355016,
    0.9166777114,
    0.9175218726400001,
    0.9183660338799999,
    0.91921019512,
    0.92005435638,
    0.9208985176200001,
    0.92174267886,
    0.9225868400999999,
    0.92343100136,
    0.9242751626000001,
    0.9251193238600001,
    0.9259634850799999,
    0.92680764636,
    0.92765180758,
    0.9284959688600001,
    0.9293401300999999,
    0.93018429132,
    0.93102845258,
    0.9318726138200001,
    0.9327167750600001,
    0.9335609363199999,
    0.93440509756,
    0.9352492588200001,
    0.9360934200600001,
    0.9369375812999999,
    0.93778174256,
    0.9386259038,
    0.9394700650399999,
    0.9403142263,
    0.94115838754,
    0.9420025488,
    0.9428467100399999,
    0.94369087126,
    0.9445350325199999,
    0.94537919376,
    0.9462233550000001,
    0.94706751626,
    0.9479116774999999,
    0.94875583876,
    0.9496
  ],
  "submitted": true
}