{
  "num_valid_cdfs": 5,
  "method": "weighted_average",
  "final_cdf_length": 201,
  "final_cdf_sample": [
    0.0504,
    0.051266415239999995,
    0.05213283049999999,
    0.052999245800000004,
    0.05386566106,
    0.9194129905,
    0.92448974288,
    0.9295664952400001,
    0.9346432476200001,
    0.93972
  ]
}