{
  "num_valid_cdfs": 5,
  "method": "weighted_average",
  "final_cdf_length": 201,
  "final_cdf_sample": [
    0.0504,
    0.050834046460000004,
    0.05126809296,
    0.05170213942,
    0.05213618588,
    0.94182818952,
    0.9437711421199999,
    0.9457140947199999,
    0.9476570473800001,
    0.9496
  ]
}