{
  "percentiles": {
    "10": 2.3666,
    "25": 3.5111,
    "50": 3.7047,
    "75": 3.7988,
    "90": 4.8008
  },
  "cdf": [
    0.0504,
    0.05113353334,
    0.05186706666,
    0.052600599979999996,
    0.05333413334,
    0.054067666679999994,
    0.05480120000000001,
    0.055534733339999996,
    0.056268266659999996,
    0.057001799980000004,
    0.057735333320000005,
    0.05846886665999999,
    0.0592024,
    0.059935933340000004,
    0.06066946663999999,
    0.061402999980000005,
    0.06213653332,
    0.0628700667,
    0.06360360002,
    0.06433713334,
    0.06507066668000001,
    0.06580420000000001,
    0.06653773333999999,
    0.0672712667,
    0.06800480002,
    0.06873833332,
    0.06947186666,
    0.0702054,
    0.07093893334,
    0.07167246664,
    0.072406,
    0.07313953334000001,
    0.07387306668,
    0.0746066,
    0.07534013332,
    0.07607366666000001,
    0.07680719998,
    0.07754073334000001,
    0.07827426668,
    0.07900780001999999,
    0.07974133332,
    0.08047486666,
    0.08120839998,
    0.08194193334000001,
    0.08267546665999999,
    0.08340899998000001,
    0.08414253332,
    0.08487606666,
    0.08560959998,
    0.08634313332000002,
    0.08707666666,
    0.08781020001999999,
    0.08854373333999999,
    0.08927726668,
    0.09001080001999999,
    0.09074433332000001,
    0.09147786667999999,
    0.09221140002000001,
    0.09294493334000001,
    0.09367846666,
    0.09441200000000001,
    0.09514553332,
    0.09587906666000001,
    0.0966126,
    0.09734613334,
    0.09807966667999998,
    0.0988132,
    0.09954673332,
    0.10028026666,
    0.10101380002,
    0.10174733336000001,
    0.10248086666,
    0.1032144,
    0.10394793334,
    0.10468146666,
    0.10541499998,
    0.10614853331999999,
    0.10688206666,
    0.10761559998,
    0.10834913332,
    0.10908266666,
    0.10981619998,
    0.1105497333,
    0.11128326666000002,
    0.11201680002,
    0.11275033336,
    0.11348386667999999,
    0.1142174,
    0.11495093333999999,
    0.11568446668000001,
    0.11641800002,
    0.11715153333999999,
    0.11788506666000001,
    0.11974439696000001,
    0.12835850916,
    0.14019110622000003,
    0.15459893800000002,
    0.17222637177999997,
    0.18985380555999998,
    0.20846923932,
    0.22840200642,
    0.29631656316000005,
    0.3350502184,
    0.3737838737,
    0.41251752893999993,
    0.45619118418,
    0.50776883944,
    0.59675610206,
    0.73372780942,
    0.7640882623599999,
    0.7944487152599999,
    0.8238703446600001,
    0.8412277104400001,
    0.8537615844399999,
    0.86629545844,
    0.87647215598,
    0.8832932797799999,
    0.8840826455,
    0.88487201122,
    0.8856613769199999,
    0.8864507426399999,
    0.88724010836,
    0.88802947408,
    0.8888188397999999,
    0.8896082055199999,
    0.89039757124,
    0.89118693696,
    0.89197630268,
    0.89276566842,
    0.8935550341,
    0.8943443998399999,
    0.8951337655400001,
    0.89592313122,
    0.89671249696,
    0.8975018626600001,
    0.8982912284000001,
    0.89908059412,
    0.89986995984,
    0.90065932554,
    0.90144869126,
    0.9022380569799999,
    0.9030274226999999,
    0.90381678842,
    0.90460615414,
    0.9053955198600001,
    0.9061848855800001,
    0.9069742513,
    0.90776361704,
    0.9085529827200001,
    0.9093423484599998,
    0.9101317141599999,
    0.9109210798399999,
    0.91171044558,
    0.91249981128,
    0.91328917702,
    0.9140785427399999,
    0.91486790846,
    0.91565727418,
    0.91644663988,
    0.9172360056000001,
    0.9180253713200001,
    0.9188147370400002,
    0.9196041027599999,
    0.92039346848,
    0.9211828342,
    0.9219721999200001,
    0.9227615656600001,
    0.92355093134,
    0.92434029708,
    0.9251296627799999,
    0.9259190285000001,
    0.9267083942,
    0.9274977598999999,
    0.92828712564,
    0.92907649136,
    0.92986585706,
    0.9306552227999999,
    0.93144458848,
    0.93223395422,
    0.93302331994,
    0.9338126856599999,
    0.93460205138,
    0.9353914171,
    0.93618078282,
    0.93697014854,
    0.9377595142799999,
    0.9385488799599999,
    0.9393382456999999,
    0.9401276114,
    0.94091697712,
    0.9417063428599999,
    0.9424957085200001,
    0.94328507426,
    0.9440744399800002,
    0.9448638056800001,
    0.94565317142,
    0.9464425371,
    0.9472319028400001,
    0.94802126856,
    0.94881063428,
    0.9496
  ],
  "submitted": true
}