{
  "percentiles": {
    "10": 50351.4019,
    "25": 55789.4034,
    "50": 57709.7143,
    "75": 59541.6938,
    "90": 62273.2735
  },
  "cdf": [
    0.0504,
    0.050834046460000004,
    0.05126809296,
    0.05170213942,
    0.05213618588,
    0.05257023240000001,
    0.053004278839999995,
    0.05343832532,
    0.05387237182,
    0.05430641827999999,
    0.05474046478,
    0.05517451126,
    0.05560855771999999,
    0.05604260422,
    0.05647665068,
    0.05691069714,
    0.05734474366000001,
    0.0577787901,
    0.05821283656,
    0.058646883080000003,
    0.05908092953999999,
    0.05951497600000001,
    0.059949022500000004,
    0.060383068959999994,
    0.06081711542,
    0.06125116192,
    0.06168520838,
    0.06211925486000001,
    0.06255330134,
    0.06298734780000001,
    0.06342139432,
    0.06385544078,
    0.06428948724,
    0.06472353376000001,
    0.06515758021999998,
    0.06559162668,
    0.06602567318,
    0.06645971964000001,
    0.06689376612,
    0.06732781260000001,
    0.06776185905999998,
    0.06819590554,
    0.06862995204,
    0.06906399848,
    0.06949804496,
    0.06993209146,
    0.07036613794,
    0.07080018437999999,
    0.07123423088,
    0.07166827736,
    0.07210232384,
    0.0725363703,
    0.07297041678,
    0.0734044633,
    0.07383850974,
    0.07427255622,
    0.07470660271999999,
    0.07514064918,
    0.07557469564,
    0.07600874214000002,
    0.07644278862000001,
    0.07687683506,
    0.07731088155999999,
    0.07774492804000001,
    0.0781789745,
    0.07861302098,
    0.07904706746,
    0.07948111396,
    0.07991516042,
    0.08034920688,
    0.08078325338,
    0.08121729986000001,
    0.0816513463,
    0.0820853928,
    0.08251943930000001,
    0.08295348575999999,
    0.08338753224000002,
    0.08382157872,
    0.08425562517999999,
    0.08468967168000001,
    0.08512371814,
    0.0855577646,
    0.08599181110000001,
    0.08642585755999999,
    0.08685990402000002,
    0.08729395054,
    0.08772799699999999,
    0.08816204348000001,
    0.08859608996,
    0.08903013641999999,
    0.08946418292,
    0.08989822938,
    0.09033227584,
    0.09076632234000001,
    0.0912003688,
    0.09163441525999998,
    0.09206846178000001,
    0.09250250825999999,
    0.09293655470000001,
    0.09337060122,
    0.09380464767999999,
    0.09423869414,
    0.09467274064,
    0.0951067871,
    0.09554083356000001,
    0.09597488005999999,
    0.09640892652,
    0.09684297302,
    0.09727701949999999,
    0.09771106594000001,
    0.09814511245999999,
    0.09857915891999999,
    0.09901320538,
    0.09944725188,
    0.09988129834000001,
    0.1003153448,
    0.10074939132,
    0.10118343777999998,
    0.10205824294000002,
    0.10368133142,
    0.10530441982000001,
    0.10692750826,
    0.10855059674,
    0.1104583402,
    0.11352861636,
    0.11659889250000002,
    0.11966916862000002,
    0.12273944481999999,
    0.12580972094,
    0.12887999708,
    0.13195027326000003,
    0.1357110701,
    0.14036615466,
    0.14502123928,
    0.15118895047999997,
    0.15762628352000002,
    0.1645329708,
    0.17276362222000002,
    0.1854399988,
    0.19993640669999999,
    0.2144328146,
    0.22892922246,
    0.24342563033999998,
    0.25947498490000004,
    0.27878792632000005,
    0.30147117552,
    0.3242115179,
    0.34881303018,
    0.37436210236,
    0.40127420296,
    0.42818630356,
    0.45789430826000005,
    0.48912833444000003,
    0.52061292128,
    0.55196785904,
    0.5821016183800001,
    0.60832688644,
    0.6328544696,
    0.6573820527599998,
    0.68211787112,
    0.7070651360600001,
    0.7320124009400001,
    0.75384354206,
    0.77536340602,
    0.7938140087400001,
    0.81035054052,
    0.8239966723000001,
    0.8364719901000001,
    0.8473618755400001,
    0.85610240148,
    0.8648429274,
    0.8720315021000001,
    0.8781680847000001,
    0.88430466732,
    0.89044124988,
    0.8957859001799999,
    0.9001888667,
    0.9045918332400001,
    0.9068550421999999,
    0.9087979948200001,
    0.9107409474600001,
    0.9126839000799999,
    0.9146268527,
    0.91656980534,
    0.91851275798,
    0.92045571058,
    0.9223986632200001,
    0.9243416158600001,
    0.9262845684600001,
    0.9282275211199998,
    0.93017047374,
    0.9321134263599999,
    0.9340563789799999,
    0.9359993316199999,
    0.93794228424,
    0.93988523684,
    0.94182818952,
    0.9437711421199999,
    0.9457140947199999,
    0.9476570473800001,
    0.9496
  ],
  "submitted": true
}