{
  "num_valid_cdfs": 5,
  "method": "weighted_average",
  "final_cdf_length": 201,
  "final_cdf_sample": [
    0.0504,
    0.05177477913999999,
    0.05314955825999999,
    0.0545243374,
    0.05589911652,
    0.9479345904599998,
    0.9483509428400001,
    0.94876729522,
    0.94918364762,
    0.9496
  ]
}