{
  "percentiles": {
    "10": 22.2238,
    "25": 29.7485,
    "50": 37.2843,
    "75": 47.9057,
    "90": 66.4428
  },
  "cdf": [
    0.0,
    0.0032282863599999998,
    0.00645657272,
    0.00968485908,
    0.01291314544,
    0.0161414318,
    0.019369718200000004,
    0.02259800456,
    0.025826290920000005,
    0.02905457728,
    0.032282863640000006,
    0.03551115,
    0.038739436360000004,
    0.04196772272,
    0.04519600908,
    0.04842429544,
    0.0516525818,
    0.0548808682,
    0.05810915456,
    0.06133744092,
    0.06456572728000001,
    0.06779401364000001,
    0.0710223,
    0.07425058636,
    0.07747887272000001,
    0.08070715908000001,
    0.08393544544,
    0.0871637318,
    0.09039201820000001,
    0.0950331617,
    0.10289604762,
    0.11236980476,
    0.12184356191999998,
    0.13131731906,
    0.14180833334,
    0.15486839285999998,
    0.17204928571999997,
    0.18923017856,
    0.21140316665999997,
    0.23524803572000003,
    0.25744457142,
    0.27964110714,
    0.30183764286,
    0.32456399999999996,
    0.34835000000000005,
    0.375103,
    0.401856,
    0.42860899999999996,
    0.45536199999999993,
    0.4821150000000001,
    0.50721966666,
    0.53084083334,
    0.55314333334,
    0.5754458333400001,
    0.59449662122,
    0.61192155304,
    0.6293464848599999,
    0.64677141668,
    0.6641963485,
    0.6805616374400001,
    0.6948076407,
    0.7090536439400001,
    0.72329964718,
    0.73754565042,
    0.75179165366,
    0.76529590692,
    0.77880016016,
    0.79150497176,
    0.8026109,
    0.81159754254,
    0.81901077596,
    0.8256373048800001,
    0.8322638337799999,
    0.83889036268,
    0.84551689154,
    0.85214342044,
    0.8587699493600001,
    0.8653964782399999,
    0.8700987571400001,
    0.87383891104,
    0.8775790649400002,
    0.8813192188199999,
    0.88505937274,
    0.88879952664,
    0.89253968052,
    0.89501645666,
    0.8974932328199999,
    0.8992926686399999,
    0.8997374237800001,
    0.9001821789200001,
    0.9006269340800002,
    0.9010716892199999,
    0.90151644436,
    0.90196119952,
    0.9024059546600001,
    0.9028507098,
    0.90329546492,
    0.9037402200799999,
    0.90418497522,
    0.9046297303799999,
    0.9050744855399999,
    0.90551924068,
    0.90596399582,
    0.9064087509600001,
    0.90685350612,
    0.90729826126,
    0.9077430164000001,
    0.90818777154,
    0.9086325266799999,
    0.9090772818199999,
    0.90952203698,
    0.90996679212,
    0.9104115472600001,
    0.9108563024,
    0.9113010575599999,
    0.9117458127000001,
    0.91219056784,
    0.9126353229999999,
    0.9130800781199999,
    0.91352483326,
    0.9139695884,
    0.9144143435600001,
    0.9148590987,
    0.9153038538399999,
    0.9157486090000001,
    0.91619336414,
    0.9166381192799999,
    0.9170828744399999,
    0.9175276296,
    0.91797238472,
    0.9184171398600001,
    0.91886189502,
    0.9193066501599999,
    0.9197514053000001,
    0.92019616046,
    0.9206409155999999,
    0.9210856707399999,
    0.9215304258800001,
    0.92197518104,
    0.9224199361800001,
    0.9228646913,
    0.92330944646,
    0.9237542015999999,
    0.9241989567400001,
    0.9246437118999999,
    0.9250884670399999,
    0.92553322218,
    0.92597797732,
    0.9264227324800001,
    0.92686748762,
    0.92731224276,
    0.9277569978999999,
    0.92820175304,
    0.9286465081800002,
    0.9290912633199999,
    0.9295360184800001,
    0.92998077362,
    0.9304255287800001,
    0.93087028394,
    0.93131503908,
    0.9317597942199999,
    0.93220454938,
    0.9326493045000002,
    0.9330940596399999,
    0.93353881478,
    0.93398356994,
    0.9344283250800001,
    0.9348730802199998,
    0.93531783538,
    0.9357625905200001,
    0.9362073456600001,
    0.9366521008000002,
    0.9370968559599999,
    0.93754161108,
    0.93798636622,
    0.9384311213800001,
    0.93887587652,
    0.93932063166,
    0.9397653868200001,
    0.94021014196,
    0.9406548970999999,
    0.9410996522399999,
    0.9415444074,
    0.9419891625399999,
    0.9424339176600001,
    0.94287867282,
    0.94332342798,
    0.9437681831200001,
    0.9442129382600001,
    0.9446576934199999,
    0.9451024485599999,
    0.9455472037,
    0.94599195886,
    0.9464367140000001,
    0.94688146914,
    0.94732622428,
    0.9477709794199999,
    0.94821573456,
    0.9486604896999999,
    0.9491052448600001,
    0.94955
  ],
  "submitted": true
}