{
  "individual_distributions": [
    {
      "agent": "analyst",
      "distribution": {
        "0": 0.65,
        "1": 0.3,
        "2": 0.03,
        "3+": 0.02
      },
      "weight": 1.0
    },
    {
      "agent": "historian",
      "distribution": {
        "0": 0.594059405940594,
        "1": 0.3465346534653465,
        "2": 0.04950495049504951,
        "3+": 0.009900990099009901
      },
      "weight": 1.0
    },
    {
      "agent": "contrarian",
      "distribution": {
        "0": 0.6435643564356436,
        "1": 0.297029702970297,
        "2": 0.04950495049504951,
        "3+": 0.009900990099009901
      },
      "weight": 0.8
    }
  ],
  "method": "weighted_average",
  "num_agents": 3,
  "final_distribution": {
    "0": 0.6281824611032533,
    "1": 0.31577086280056577,
    "2": 0.042538896746817545,
    "3": 0.013507779349363508
  }
}