{
  "percentiles": {
    "10": 2.9294,
    "25": 3.0891,
    "50": 3.1948,
    "75": 3.3181,
    "90": 3.6927
  },
  "cdf": [
    0.0504,
    0.051513482980000004,
    0.052626965940000006,
    0.05374044894,
    0.0548539319,
    0.055967414859999995,
    0.05708089782,
    0.05819438082,
    0.059307863780000004,
    0.060421346759999994,
    0.06153482972,
    0.0626483127,
    0.06376179568,
    0.06487527868000001,
    0.06598876159999999,
    0.06710224458,
    0.06821572758000001,
    0.06932921054,
    0.07044269352,
    0.07155617647999998,
    0.07266965946000001,
    0.07378314244,
    0.07489662544,
    0.07601010836,
    0.07712359134,
    0.07823707432,
    0.0793505573,
    0.08046404026,
    0.08157752324,
    0.0826910062,
    0.0838044892,
    0.0849179722,
    0.08603145512000002,
    0.0871449381,
    0.08825842108,
    0.08937190406,
    0.09048538702,
    0.09159887,
    0.09271235296,
    0.09382583598,
    0.09493931894,
    0.09605280188000001,
    0.09716628484,
    0.10003134888000001,
    0.10397007198,
    0.11266806826,
    0.12358839314,
    0.134508718,
    0.14542904288,
    0.15702517444,
    0.1721954404,
    0.19228838590000003,
    0.21541722696,
    0.24065264364,
    0.27123999292,
    0.30543274828,
    0.34286337768,
    0.38167919543999995,
    0.42049501323999994,
    0.45835748673999993,
    0.49513439198000003,
    0.5319112972,
    0.5681443603,
    0.6017667785799999,
    0.63211948188,
    0.66231626024,
    0.69251303864,
    0.72237397728,
    0.74765552002,
    0.7709589756199999,
    0.79369187774,
    0.8130081902,
    0.83166326716,
    0.8402446093400002,
    0.8463079853,
    0.8514707461200001,
    0.85663350694,
    0.8617962678,
    0.8669590286199998,
    0.8721217894799999,
    0.8769980819400001,
    0.8802041632,
    0.88341024448,
    0.8866163257999998,
    0.8898224070999999,
    0.8930284883799999,
    0.8962345697,
    0.8975587352,
    0.8980192773199999,
    0.89847981948,
    0.8989403616399999,
    0.8994009038199999,
    0.8998614460199998,
    0.90032198818,
    0.9007825303000001,
    0.90124307248,
    0.90170361464,
    0.90216415684,
    0.9026246990200001,
    0.9030852411800001,
    0.90354578334,
    0.9040063254599999,
    0.9044668676399998,
    0.90492740984,
    0.9053879519999999,
    0.90584849416,
    0.90630903634,
    0.90676957846,
    0.9072301206600001,
    0.90769066282,
    0.9081512049999999,
    0.9086117471600001,
    0.9090722893199998,
    0.9095328315400002,
    0.9099933736599999,
    0.91045391582,
    0.91091445798,
    0.91137500016,
    0.9118355423600001,
    0.91229608452,
    0.91275662664,
    0.9132171688200001,
    0.9136777109800001,
    0.91413825314,
    0.9145987953599999,
    0.91505933752,
    0.91551987964,
    0.9159804217999999,
    0.9164409639800001,
    0.91690150618,
    0.91736204834,
    0.9178225904999999,
    0.9182831326800001,
    0.9187436748,
    0.9192042170000001,
    0.91966475916,
    0.92012530134,
    0.9205858435,
    0.9210463856600001,
    0.9215069278,
    0.9219674699999999,
    0.9224280121599999,
    0.9228885543199998,
    0.9233490965,
    0.9238096386599999,
    0.92427018086,
    0.92473072298,
    0.9251912651599999,
    0.9256518073200001,
    0.92611234948,
    0.9265728917,
    0.9270334338599999,
    0.92749397598,
    0.9279545181400002,
    0.9284150603199999,
    0.92887560252,
    0.9293361446799999,
    0.9297966868399999,
    0.9302572290200001,
    0.93071777114,
    0.9311783133,
    0.9316388554999999,
    0.93209939768,
    0.93255993984,
    0.9330204819999999,
    0.9334810241400001,
    0.93394156634,
    0.9344021084999999,
    0.9348626506599998,
    0.93532319284,
    0.935783735,
    0.9362442772000001,
    0.93670481932,
    0.9371653615,
    0.9376259036600001,
    0.9380864458200001,
    0.938546988,
    0.9390075301999999,
    0.9394680723200001,
    0.93992861448,
    0.94038915666,
    0.9408496988199999,
    0.94131024102,
    0.94177078318,
    0.9422313253200001,
    0.94269186748,
    0.94315240964,
    0.9436129518399999,
    0.9440734940200001,
    0.94453403618,
    0.94499457834,
    0.9454551204799999,
    0.94591566264,
    0.94637620484,
    0.9468367469999999,
    0.94729728918,
    0.9477578313399999,
    0.9482183734599999,
    0.9486789156600001,
    0.94913945784,
    0.9496
  ],
  "submitted": true
}