{
  "num_valid_cdfs": 5,
  "method": "weighted_average",
  "final_cdf_length": 201,
  "final_cdf_sample": [
    0.0504,
    0.05140492436000001,
    0.05240984876,
    0.05341477312,
    0.05441969752,
    0.9476566003999999,
    0.94814245028,
    0.94862830018,
    0.9491141501,
    0.9496
  ]
}