{
  "num_valid_cdfs": 5,
  "method": "weighted_average",
  "final_cdf_length": 201,
  "final_cdf_sample": [
    0.0,
    0.038040942779999996,
    0.03888701184,
    0.03973525428,
    0.04058584288,
    0.98573749748,
    0.98658062312,
    0.98742374874,
    0.98826687438,
    0.9891099999999999
  ]
}