{
  "percentiles": {
    "10": 5.0253,
    "25": 5.1734,
    "50": 5.2412,
    "75": 5.3126,
    "90": 5.5052
  },
  "cdf": [
    0.0504,
    0.051141677780000006,
    0.05188335556000001,
    0.052625033339999995,
    0.053366711100000006,
    0.054108388880000004,
    0.054850066659999995,
    0.05559174442,
    0.056333422220000005,
    0.057075100000000004,
    0.057816777779999995,
    0.05855845556,
    0.059300133320000004,
    0.060041811099999995,
    0.060783488899999995,
    0.06152516668,
    0.06226684443999999,
    0.06300852222,
    0.06375019998,
    0.06449187778,
    0.06523355555999999,
    0.06597523331999999,
    0.0667169111,
    0.06745858888,
    0.06820026665999998,
    0.06894194442,
    0.0696836222,
    0.07042529998,
    0.07116697776,
    0.07190865556,
    0.07265033332,
    0.07339201110000002,
    0.07413368887999999,
    0.07487536666000001,
    0.07561704442,
    0.07635872224,
    0.07710040002,
    0.07784207779999999,
    0.07858375556,
    0.07932543332,
    0.08006711112,
    0.08080878889999998,
    0.08155046668,
    0.08229214444,
    0.08303382222,
    0.08377549999999999,
    0.08451717778000001,
    0.08525885556,
    0.08600053332,
    0.0867422111,
    0.0874838889,
    0.08822556668,
    0.08896724444000001,
    0.08970892222,
    0.0904506,
    0.09119227778,
    0.09193395557999999,
    0.09267563334000001,
    0.09341731112,
    0.09415898887999999,
    0.09490066666,
    0.09564234444,
    0.09638402222,
    0.09712570000000001,
    0.09786737778,
    0.0987363002,
    0.10175655782,
    0.10477681542000002,
    0.10779707304,
    0.11081733065999999,
    0.11383758824000001,
    0.11908850550000001,
    0.1256144156,
    0.13214032568,
    0.14427003434,
    0.16097923781999998,
    0.17924084968,
    0.20311181289999997,
    0.22698277614,
    0.25565992134,
    0.29231255164,
    0.33113238466,
    0.37189003694,
    0.41314058048,
    0.45836453727999993,
    0.5036257531999999,
    0.54888696912,
    0.59240391166,
    0.6323548614200001,
    0.67049803956,
    0.70785944624,
    0.7402024749,
    0.7661552804399999,
    0.79109970214,
    0.8121058994,
    0.8313352203000001,
    0.84424361628,
    0.85536120046,
    0.8648474397200001,
    0.8729361786200001,
    0.8788087966200001,
    0.8838704182199999,
    0.8889320398199999,
    0.8936801907199999,
    0.8961089938000001,
    0.8979486086799999,
    0.8984923075,
    0.8990360063799999,
    0.8995797052600001,
    0.9001234041,
    0.90066710296,
    0.9012108017800001,
    0.9017545006600001,
    0.90229819952,
    0.90284189838,
    0.90338559722,
    0.9039292960799999,
    0.9044729949400001,
    0.9050166938,
    0.90556039264,
    0.9061040914999999,
    0.9066477903599999,
    0.90719148922,
    0.90773518808,
    0.90827888694,
    0.90882258578,
    0.9093662846399999,
    0.9099099834800001,
    0.91045368236,
    0.9109973812,
    0.9115410800599999,
    0.91208477892,
    0.9126284777799999,
    0.91317217664,
    0.91371587546,
    0.9142595743200002,
    0.9148032732000001,
    0.91534697206,
    0.9158906709,
    0.9164343697599999,
    0.91697806864,
    0.9175217674999999,
    0.9180654663400001,
    0.91860916518,
    0.9191528640800002,
    0.9196965629200001,
    0.9202402617800001,
    0.92078396064,
    0.92132765948,
    0.92187135834,
    0.9224150571799999,
    0.9229587560600001,
    0.92350245492,
    0.92404615376,
    0.9245898526199999,
    0.9251335514799999,
    0.92567725034,
    0.92622094918,
    0.92676464802,
    0.92730834692,
    0.9278520457599999,
    0.9283957445999999,
    0.92893944346,
    0.92948314232,
    0.9300268411799999,
    0.93057054004,
    0.93111423886,
    0.93165793776,
    0.9322016366,
    0.9327453354600002,
    0.9332890343199999,
    0.9338327331599998,
    0.93437643202,
    0.9349201308599999,
    0.9354638297400001,
    0.9360075286,
    0.9365512274400001,
    0.9370949263,
    0.93763862514,
    0.9381823240199999,
    0.9387260228800001,
    0.93926972172,
    0.9398134206,
    0.94035711948,
    0.9409008182999999,
    0.9414445171600001,
    0.941988216,
    0.94253191488,
    0.9430756137399999,
    0.9436193125799999,
    0.9441630114399999,
    0.9447067103,
    0.94525040916,
    0.94579410802,
    0.9463378068400001,
    0.9468815057200001,
    0.94742520458,
    0.94796890344,
    0.9485126022799999,
    0.94905630114,
    0.9496
  ],
  "submitted": true
}