{
  "distribution": {
    "Option 1": 0.028999999999999998,
    "Option 2": 0.17600000000000002,
    "Option 3": 0.324,
    "Option 4": 0.47100000000000003
  },
  "weight": 0.8
}