{
  "percentiles": {
    "1": 0.01098,
    "5": 0.01138,
    "10": 0.013327364659999999,
    "25": 0.07675005862,
    "50": 0.96150888378,
    "75": 0.98662,
    "90": 0.98812,
    "95": 0.98862,
    "99": 0.98902
  },
  "cdf": [
    0.01088,
    0.01093,
    0.01098,
    0.01103,
    0.01108,
    0.01113,
    0.01118,
    0.01123,
    0.01128,
    0.01133,
    0.01138,
    0.01143,
    0.01148,
    0.01153,
    0.01158,
    0.01163,
    0.01173243892,
    0.012053425179999999,
    0.01242884552,
    0.012854776080000001,
    0.013327364659999999,
    0.01384282926,
    0.014397456940000001,
    0.014987602499999999,
    0.015609687220000001,
    0.01626019772,
    0.016935684700000002,
    0.017632761860000002,
    0.0183481047,
    0.01907844946,
    0.01982059194,
    0.02057401238,
    0.02137053878,
    0.02222210838,
    0.02323737178,
    0.02457828776,
    0.02608629196,
    0.02775291292,
    0.02956982262,
    0.0315288338,
    0.03362189778,
    0.03584979112,
    0.03827497608,
    0.04089349696,
    0.043959081979999995,
    0.04763048358,
    0.05171599849999999,
    0.0567091844,
    0.06261470518,
    0.06932894652,
    0.07675005862,
    0.08479963,
    0.093539273,
    0.10306932166,
    0.11365331204,
    0.12668212394,
    0.14134922584,
    0.15664988068,
    0.17258113006,
    0.18960635514,
    0.20825722675999997,
    0.22862064143999997,
    0.25084962866000005,
    0.27544750704,
    0.30296069934,
    0.33392555876,
    0.36645047636,
    0.39852624928,
    0.42861055086000005,
    0.45606409332000003,
    0.48224429764000004,
    0.5075540339000001,
    0.53224466946,
    0.5566227892,
    0.5811324075,
    0.6062255331399999,
    0.63272315158,
    0.66080545014,
    0.6898387052199999,
    0.71859144134,
    0.74582404582,
    0.77052433518,
    0.79252302268,
    0.81232946926,
    0.8304585573600001,
    0.8468429880399999,
    0.86167027286,
    0.87496604446,
    0.8868155338799999,
    0.8973592187799999,
    0.9067391285200002,
    0.915410913,
    0.9233925336400001,
    0.9306922587800001,
    0.93738026724,
    0.9434119328999999,
    0.94873543224,
    0.95334700322,
    0.9564991702000001,
    0.95917649774,
    0.96150888378,
    0.96320051584,
    0.96471765512,
    0.96618305704,
    0.96759691684,
    0.96895862912,
    0.9702675998999999,
    0.97152324646,
    0.9727249970199999,
    0.9738722907999999,
    0.9749645776400001,
    0.97599637894,
    0.97695813846,
    0.97784450464,
    0.9786502181,
    0.97937010028,
    0.9798790509799999,
    0.9803759382399999,
    0.98086166792,
    0.9813357453,
    0.9817976832799999,
    0.98224700232,
    0.9826832303799999,
    0.9831059027,
    0.9835145617800001,
    0.9839087572199998,
    0.9842880457,
    0.98465199078,
    0.9850001628999999,
    0.98533213918,
    0.9856200000000002,
    0.98567,
    0.98572,
    0.9857700000000001,
    0.98582,
    0.98587,
    0.9859199999999999,
    0.98597,
    0.9860200000000001,
    0.98607,
    0.98612,
    0.9861699999999999,
    0.98622,
    0.98627,
    0.9863199999999999,
    0.98637,
    0.9864200000000001,
    0.98647,
    0.98652,
    0.9865700000000001,
    0.98662,
    0.9866699999999999,
    0.98672,
    0.9867700000000001,
    0.98682,
    0.98687,
    0.9869199999999999,
    0.98697,
    0.98702,
    0.9870699999999999,
    0.98712,
    0.9871700000000001,
    0.98722,
    0.98727,
    0.9873200000000001,
    0.98737,
    0.98742,
    0.9874699999999998,
    0.98752,
    0.9875700000000001,
    0.98762,
    0.9876699999999999,
    0.98772,
    0.98777,
    0.9878199999999999,
    0.98787,
    0.9879200000000001,
    0.98797,
    0.98802,
    0.9880700000000001,
    0.98812,
    0.98817,
    0.9882199999999999,
    0.98827,
    0.9883200000000001,
    0.98837,
    0.98842,
    0.9884699999999998,
    0.98852,
    0.98857,
    0.98862,
    0.9886700000000002,
    0.98872,
    0.98877,
    0.9888200000000001,
    0.98887,
    0.98892,
    0.9889699999999999,
    0.98902,
    0.9890700000000001,
    0.98912
  ],
  "submitted": true
}