{
  "percentiles": {
    "10": 2.445,
    "25": 2.8129,
    "50": 3.0487,
    "75": 3.317,
    "90": 4.1456
  },
  "cdf": [
    0.0504,
    0.0518851835,
    0.053370366960000006,
    0.054855550479999994,
    0.05634073398,
    0.05782591746,
    0.05931110093999999,
    0.06079628446,
    0.06228146794,
    0.06376665142,
    0.06525183492,
    0.06673701839999999,
    0.06822220191999999,
    0.0697073854,
    0.07119256888,
    0.07267775238,
    0.07416293588,
    0.07564811936,
    0.07713330286,
    0.07861848636,
    0.08010366982,
    0.08158885334,
    0.08307403684,
    0.08455922029999999,
    0.08604440379999999,
    0.08752958732,
    0.0890147708,
    0.09049995427999999,
    0.09198513778,
    0.09347032125999999,
    0.09495550475999999,
    0.09808735492000001,
    0.10190560507999999,
    0.10709665524,
    0.11228770540000002,
    0.11747875556000001,
    0.12535152,
    0.13665484,
    0.14795816,
    0.15926148,
    0.17056480000000002,
    0.1868620109,
    0.20650824244,
    0.23116842424,
    0.25582860608,
    0.28048878788,
    0.3051489697,
    0.33244381818,
    0.36445527272,
    0.3979142689,
    0.43377495800000004,
    0.47457564706,
    0.51537633612,
    0.5535617311,
    0.58482282352,
    0.6134177237799999,
    0.64201262404,
    0.6690938576400001,
    0.6948577579,
    0.71794824638,
    0.739702029,
    0.7578990116,
    0.7750364000000001,
    0.7900546,
    0.8050727999999999,
    0.820091,
    0.83221838518,
    0.8426873417999999,
    0.84983944128,
    0.85546076606,
    0.8603167035,
    0.86517264096,
    0.86939557408,
    0.87235249854,
    0.87530942296,
    0.87826634746,
    0.8812232719,
    0.88418019636,
    0.88713712082,
    0.8890190393999999,
    0.8903634550599999,
    0.89170787072,
    0.89305228634,
    0.8943967020200001,
    0.8957411176799999,
    0.89708553332,
    0.89842994896,
    0.89947409012,
    0.8999176822400001,
    0.90036127436,
    0.90080486648,
    0.9012484585999999,
    0.90169205074,
    0.90213564284,
    0.9025792349800001,
    0.9030228271,
    0.9034664192200001,
    0.90391001132,
    0.9043536034799999,
    0.9047971955999999,
    0.90524078772,
    0.9056843798399999,
    0.90612797196,
    0.9065715641000001,
    0.90701515622,
    0.9074587483200001,
    0.90790234046,
    0.9083459326,
    0.9087895246799998,
    0.9092331168000001,
    0.90967670894,
    0.9101203010600001,
    0.91056389316,
    0.9110074853000001,
    0.91145107742,
    0.91189466956,
    0.9123382616600001,
    0.91278185378,
    0.91322544594,
    0.9136690380399999,
    0.91411263016,
    0.9145562223000001,
    0.9149998144200001,
    0.91544340652,
    0.9158869986599999,
    0.91633059078,
    0.91677418292,
    0.9172177750199999,
    0.91766136714,
    0.9181049592799999,
    0.91854855142,
    0.9189921435,
    0.9194357356399999,
    0.91987932778,
    0.9203229199,
    0.9207665120199999,
    0.92121010412,
    0.9216536962799999,
    0.92209728838,
    0.9225408805,
    0.9229844726199999,
    0.9234280647800001,
    0.9238716568600001,
    0.924315249,
    0.9247588411200001,
    0.92520243326,
    0.9256460253400001,
    0.92608961748,
    0.9265332096,
    0.9269768017400001,
    0.92742039386,
    0.92786398596,
    0.9283075781199999,
    0.9287511702,
    0.9291947623400001,
    0.9296383544600001,
    0.9300819466,
    0.9305255387000001,
    0.93096913084,
    0.93141272294,
    0.9318563150999999,
    0.9322999072,
    0.9327434993199999,
    0.93318709144,
    0.9336306836,
    0.9340742756799999,
    0.93451786782,
    0.9349614599599999,
    0.9354050520799999,
    0.9358486442,
    0.9362922363199999,
    0.93673582844,
    0.93717942056,
    0.9376230126800001,
    0.9380666048,
    0.93851019696,
    0.9389537890399999,
    0.93939738118,
    0.9398409733000002,
    0.94028456544,
    0.9407281575399999,
    0.9411717496800002,
    0.9416153417600001,
    0.94205893392,
    0.94250252604,
    0.9429461181399998,
    0.94338971028,
    0.9438333024000001,
    0.94427689452,
    0.94472048664,
    0.9451640787800001,
    0.94560767088,
    0.94605126302,
    0.9464948551200001,
    0.94693844726,
    0.9473820393800001,
    0.9478256315,
    0.9482692236200002,
    0.9487128157600001,
    0.94915640786,
    0.9496
  ],
  "submitted": true
}