{
  "num_valid_cdfs": 5,
  "method": "weighted_average",
  "final_cdf_length": 201,
  "final_cdf_sample": [
    0.0,
    0.5206347677558324,
    0.559180258093683,
    0.5828855190522656,
    0.5977133963788456,
    0.9611973994830401,
    0.9619664333264039,
    0.962734286999169,
    0.9635009603364628,
    0.9642664531734138
  ]
}