{
  "num_valid_cdfs": 5,
  "method": "weighted_average",
  "final_cdf_length": 201,
  "final_cdf_sample": [
    0.0504,
    0.051691175,
    0.05298235,
    0.054273525,
    0.0555647,
    0.94404504,
    0.9454337800000001,
    0.9468225199999999,
    0.9482112599999999,
    0.9496
  ]
}