{
  "individual_probabilities": [
    [],
    [
      0.02,
      0.08,
      0.18,
      0.27,
      0.21,
      0.09,
      0.15
    ],
    [
      0.01,
      0.06,
      0.17,
      0.24,
      0.27,
      0.05,
      0.2
    ],
    [
      0.01,
      0.07,
      0.17,
      0.23,
      0.22,
      0.08,
      0.2200000000000001
    ],
    [
      0.01,
      0.07,
      0.16,
      0.25,
      0.18,
      0.12,
      0.2100000000000001
    ]
  ],
  "weights": [
    1.0,
    1.0,
    1.0,
    1.0,
    1.0
  ],
  "method": "weighted_average",
  "final_probabilities": [
    0.0125,
    0.07,
    0.17,
    0.2475,
    0.21999999999999997,
    0.085,
    0.19500000000000003
  ]
}