{
  "num_valid_cdfs": 3,
  "method": "weighted_average",
  "final_cdf_length": 201,
  "final_cdf_sample": [
    0.0504,
    0.0509611181,
    0.05152223626666666,
    0.05208335436666667,
    0.05264447246666667,
    0.9457428869333334,
    0.9467071652,
    0.9476714434666667,
    0.9486357217333333,
    0.9495999999999999
  ]
}