{
  "percentiles": {
    "1": 0.016194724169832034,
    "5": 0.0457253109363138,
    "10": 0.08527905319184716,
    "25": 0.2758520334453519,
    "50": 0.6820166965968416,
    "75": 0.8995689341681757,
    "90": 0.9632541585767235,
    "95": 0.971757557383571,
    "99": 0.9794956890830048
  },
  "cdf": [
    0.0,
    0.011143044891478973,
    0.016194724169832034,
    0.02083238545911694,
    0.025110781468658937,
    0.02900987349814037,
    0.03257702827193947,
    0.03594839567715034,
    0.039220797375644545,
    0.04246333095654508,
    0.0457253109363138,
    0.0490416629165414,
    0.05241576885425063,
    0.05584398058705718,
    0.05941856813307771,
    0.06329211933381716,
    0.06739498492689552,
    0.07167989162288865,
    0.07610910733832486,
    0.08065101856580116,
    0.08527905319184716,
    0.0899708152924134,
    0.09473366073608003,
    0.09960976494877415,
    0.10457240202993369,
    0.10960630039406549,
    0.11486088354248063,
    0.12035130246358701,
    0.12603095627394154,
    0.13185925720402097,
    0.13780080974005535,
    0.143824714346484,
    0.1499139185476905,
    0.1561555905933057,
    0.16257235939221393,
    0.16912149544055635,
    0.17576420189974698,
    0.1824970127089283,
    0.18935354503425442,
    0.1963121418599534,
    0.2033783792140476,
    0.21053287403693413,
    0.2177532215134282,
    0.2250192947264574,
    0.23231300817671685,
    0.2396181084177388,
    0.24691998834590237,
    0.2542055221734684,
    0.2614629185256386,
    0.2686815894526391,
    0.2758520334453519,
    0.28296573079661125,
    0.2900150498669883,
    0.2969991389518683,
    0.30399981246062896,
    0.31115698861650765,
    0.31845868442714603,
    0.3258889589182396,
    0.333433037742402,
    0.3410772216507264,
    0.3488829618333309,
    0.35697041027719284,
    0.365300567447567,
    0.3738330304061819,
    0.382530351583481,
    0.3913578170937207,
    0.400283243482518,
    0.4092767911943308,
    0.4183107932241069,
    0.4273595975739704,
    0.43639942227489203,
    0.4454082218568933,
    0.4543655642614036,
    0.4632525172874842,
    0.4720515437512437,
    0.48077833381869894,
    0.4894732163552199,
    0.49814964194186384,
    0.5068926192449535,
    0.5156758705501776,
    0.5244611989650282,
    0.5332419819784098,
    0.5419974987794728,
    0.5507086780373339,
    0.5593838206907888,
    0.5679986954412821,
    0.5765296902566392,
    0.5849551718420145,
    0.5932672136063069,
    0.6014503286957759,
    0.6094840470900483,
    0.6173492012579783,
    0.6250278498274842,
    0.6325032060877546,
    0.639766020073292,
    0.6468947956233599,
    0.6539674443663641,
    0.6610349341229232,
    0.6680778353429407,
    0.6750775980128322,
    0.6820166965968416,
    0.6888785758842733,
    0.6956475999593644,
    0.7023090040934935,
    0.7088488493736701,
    0.7152539798944165,
    0.7215119823522701,
    0.7276111478933059,
    0.7335476353003328,
    0.7393510004133488,
    0.745020454207477,
    0.7505499986018364,
    0.7559339920479875,
    0.7611671315941656,
    0.7662444359083468,
    0.7711612292036661,
    0.7759131260133854,
    0.7805379937856814,
    0.7850986678319483,
    0.789597025206767,
    0.7940328993218458,
    0.7984061549165055,
    0.8027166863229622,
    0.8069644158241637,
    0.8111492920988972,
    0.8152712887492148,
    0.8193304029055434,
    0.823326653905107,
    0.8272600820395838,
    0.8311327152647106,
    0.8349480510289643,
    0.8387060316672594,
    0.8424065503920269,
    0.8460495234459975,
    0.8496348889159958,
    0.8531626056051179,
    0.856632651960229,
    0.8600450250518884,
    0.8633993777292236,
    0.8666967245881733,
    0.8699394124394908,
    0.8731264112347159,
    0.8762587583166545,
    0.879338414028604,
    0.8823672775612191,
    0.8853471890650183,
    0.888279931679695,
    0.8911672334839575,
    0.89401076936942,
    0.8968120943224605,
    0.8995689341681757,
    0.902280598443576,
    0.9049633389905624,
    0.9076421145685384,
    0.9103152299139826,
    0.912980599442487,
    0.9156362139935327,
    0.9182801381478422,
    0.9209105076477214,
    0.923521269879564,
    0.9261022659928402,
    0.9286503822681659,
    0.9311627659356392,
    0.9335273835735671,
    0.935672040960388,
    0.9377795613237666,
    0.9398474692062069,
    0.9418733812431147,
    0.9438550030490861,
    0.9457901262179215,
    0.947676625431761,
    0.949512455674924,
    0.951295649548259,
    0.9530243146799755,
    0.9546966312291223,
    0.9563105078532074,
    0.9578680417779581,
    0.9593748229773907,
    0.9608358126765937,
    0.9622562408112115,
    0.9632541585767235,
    0.964146016632944,
    0.9650169216306693,
    0.965871507265817,
    0.9667142674439797,
    0.9675495604322917,
    0.9683816128754705,
    0.9692145236810108,
    0.9700522677782933,
    0.9708986997561931,
    0.971757557383571,
    0.9726324650168634,
    0.9735269368988192,
    0.9744443803522586,
    0.9753880988725928,
    0.9763612951226757,
    0.9773670738334347,
    0.9784084446135825,
    0.9794956890830048,
    0.9806381174357984,
    0.9818297661341168
  ],
  "dry_run": true
}