{
  "distribution": {
    "0": 0.019,
    "1": 0.14671428571428574,
    "2": 0.3711428571428572,
    "3": 0.46314285714285713
  },
  "dry_run": true
}