{
  "num_valid_cdfs": 5,
  "method": "weighted_average",
  "final_cdf_length": 201,
  "final_cdf_sample": [
    0.0504,
    0.051513482980000004,
    0.052626965940000006,
    0.05374044894,
    0.0548539319,
    0.9477578313399999,
    0.9482183734599999,
    0.9486789156600001,
    0.94913945784,
    0.9496
  ]
}