{
  "percentiles": {
    "10": 4.6519,
    "25": 4.7633,
    "50": 4.849,
    "75": 4.9528,
    "90": 5.2195
  },
  "cdf": [
    0.0504,
    0.051422099320000005,
    0.052444198659999997,
    0.05346629798,
    0.054488397300000005,
    0.0555104966,
    0.05653259596000001,
    0.057554695239999995,
    0.05857679454,
    0.05959889386,
    0.060620993219999995,
    0.06164309254,
    0.06266519184,
    0.06368729120000001,
    0.06470939051999999,
    0.06573148981999999,
    0.06675358914,
    0.0677756885,
    0.0687977878,
    0.06981988708,
    0.07084198639999999,
    0.07186408574,
    0.07288618505999998,
    0.07390828438,
    0.07493038372,
    0.07595248303999999,
    0.07697458236,
    0.07799668168,
    0.07901878102000001,
    0.08004088034,
    0.08106297966,
    0.082085079,
    0.08310717828,
    0.0841292776,
    0.08515137689999999,
    0.08617347626,
    0.08719557558,
    0.08821767488000001,
    0.08923977420000001,
    0.09026187356000001,
    0.09128397285999998,
    0.09230607218,
    0.09332817153999999,
    0.09435027086,
    0.09537237012,
    0.09639446944,
    0.0974165688,
    0.09843866810000002,
    0.09946076742,
    0.10048286674,
    0.10567916148,
    0.11235752626000002,
    0.12179411528000002,
    0.13577203888,
    0.1547391119,
    0.17370618487999998,
    0.19392939012,
    0.22243644942000002,
    0.25754278946,
    0.29669121864000003,
    0.33387145302000004,
    0.36998593838000005,
    0.40279408176000003,
    0.43560222511999996,
    0.46835961853999997,
    0.50331476088,
    0.53833434552,
    0.5717274556999999,
    0.6051205659400001,
    0.63579591044,
    0.66224245854,
    0.68818195892,
    0.71412145934,
    0.73901005296,
    0.75969735588,
    0.77897828252,
    0.7975243446200001,
    0.8118945096599999,
    0.8219123877000001,
    0.83015956844,
    0.83840674916,
    0.8466539299000001,
    0.85490111068,
    0.8631482913999999,
    0.8698458093399999,
    0.87390717892,
    0.8777282519,
    0.8815493249000002,
    0.88537039786,
    0.8880005903000001,
    0.89021179218,
    0.89242299408,
    0.8946341959599999,
    0.89684539786,
    0.89905659974,
    0.8996673166200001,
    0.90014286598,
    0.90061841536,
    0.9010939647399999,
    0.9015695141,
    0.9020450634599999,
    0.9025206128199998,
    0.90299616218,
    0.90347171156,
    0.9039472609400001,
    0.90442281026,
    0.90489835966,
    0.90537390902,
    0.9058494584,
    0.9063250077599999,
    0.9068005571400001,
    0.90727610648,
    0.90775165584,
    0.90822720522,
    0.9087027545999999,
    0.9091783039599999,
    0.9096538533,
    0.91012940268,
    0.9106049520200001,
    0.9110805014200001,
    0.91155605078,
    0.91203160012,
    0.91250714948,
    0.9129826988599999,
    0.9134582482399999,
    0.9139337976,
    0.91440934694,
    0.91488489634,
    0.91536044568,
    0.9158359950800001,
    0.9163115444600001,
    0.91678709378,
    0.91726264316,
    0.9177381925200001,
    0.91821374188,
    0.9186892912600001,
    0.9191648406199999,
    0.91964038996,
    0.9201159393400001,
    0.9205914887000001,
    0.9210670381,
    0.92154258742,
    0.9220181368,
    0.9224936861799999,
    0.9229692355199999,
    0.92344478492,
    0.92392033428,
    0.9243958836200001,
    0.9248714330000001,
    0.92534698238,
    0.9258225317400001,
    0.9262980811199999,
    0.9267736304599999,
    0.9272491798400001,
    0.9277247291799998,
    0.92820027856,
    0.92867582794,
    0.92915137728,
    0.9296269266599999,
    0.9301024760200001,
    0.93057802538,
    0.93105357476,
    0.9315291241199999,
    0.93200467346,
    0.93248022284,
    0.9329557722,
    0.9334313216,
    0.9339068709199999,
    0.9343824203000001,
    0.93485796968,
    0.93533351904,
    0.93580906842,
    0.9362846177800002,
    0.9367601671400001,
    0.9372357165,
    0.93771126588,
    0.9381868152199999,
    0.9386623646000001,
    0.93913791396,
    0.93961346332,
    0.94008901268,
    0.9405645620600002,
    0.9410401114400001,
    0.94151566078,
    0.94199121014,
    0.9424667595199999,
    0.94294230888,
    0.9434178582599999,
    0.9438934076200001,
    0.94436895696,
    0.94484450636,
    0.9453200557200001,
    0.94579560508,
    0.94627115444,
    0.9467467038199999,
    0.94722225318,
    0.9476978025400001,
    0.9481733518999999,
    0.94864890128,
    0.9491244506200001,
    0.9496
  ],
  "submitted": true
}