{
  "num_valid_cdfs": 4,
  "method": "weighted_average",
  "final_cdf_length": 92,
  "final_cdf_sample": [
    0.0504,
    0.05321558,
    0.056031159975,
    0.05884673995,
    0.06166231995,
    0.94080304985,
    0.9430022873749999,
    0.9452015249250001,
    0.947400762425,
    0.9496
  ]
}