{
  "percentiles": {
    "10": -6.8859,
    "25": -2.4021,
    "50": 1.8606,
    "75": 5.945,
    "90": 9.5009
  },
  "cdf": [
    0.0504,
    0.051911416675,
    0.053422833325,
    0.054934250000000004,
    0.056445666675,
    0.057957083325000006,
    0.0594685,
    0.060979916674999995,
    0.062491333324999995,
    0.06400275,
    0.065514166675,
    0.067025583325,
    0.068537,
    0.070048416675,
    0.071559833325,
    0.07307125,
    0.07458266667499999,
    0.076094083325,
    0.07760550000000001,
    0.07911691667500001,
    0.080628333325,
    0.08213975,
    0.083651166675,
    0.085162583325,
    0.086674,
    0.08818541667499999,
    0.090054557475,
    0.09192369827500001,
    0.0937928391,
    0.095661979875,
    0.0975311207,
    0.0996943091,
    0.10185749755000001,
    0.10402068595,
    0.10618387439999999,
    0.1083470628,
    0.11051025125,
    0.11267343965000001,
    0.114836628075,
    0.1169998165,
    0.11916300492500001,
    0.12184077667500001,
    0.12451854845,
    0.1271963202,
    0.12987409195,
    0.1325518637,
    0.135229635475,
    0.1379074072,
    0.140585179,
    0.143262950725,
    0.1459407225,
    0.14940066092499998,
    0.15286059932499999,
    0.15632053775,
    0.15978047620000002,
    0.163462603525,
    0.167144730825,
    0.1708268582,
    0.1745089855,
    0.178191112825,
    0.181873240175,
    0.185555367475,
    0.189237494825,
    0.19291962217500003,
    0.196601749475,
    0.2002838768,
    0.204495289875,
    0.20870670289999999,
    0.21291811592499998,
    0.21712952900000004,
    0.22134094202500001,
    0.22596402174999997,
    0.23058710145,
    0.23521018115000003,
    0.23983326087499998,
    0.24497092392499997,
    0.25010858695,
    0.25524625,
    0.26038391305,
    0.26552157607500004,
    0.270659239125,
    0.27579690217499997,
    0.280934565225,
    0.28607222825,
    0.2912098913,
    0.29634755435,
    0.3014852174,
    0.306622880425,
    0.311760543475,
    0.316898206525,
    0.32203586957499997,
    0.3271735326,
    0.33231119565,
    0.33744885869999997,
    0.34258652175,
    0.347724184775,
    0.352861847825,
    0.35799951087500004,
    0.363137173925,
    0.36827483695,
    0.37341250000000004,
    0.3789732197,
    0.38453393939999997,
    0.3900946591,
    0.3956553788,
    0.40121609847499995,
    0.40801181817500004,
    0.41502807360000005,
    0.42204432900000005,
    0.429060584425,
    0.436076839825,
    0.443504761925,
    0.450932683975,
    0.45836060605,
    0.46578852815,
    0.47321645019999997,
    0.4806443723,
    0.488072294375,
    0.49550021645000003,
    0.502928138525,
    0.5103560606249999,
    0.517783982675,
    0.52521190475,
    0.53263982685,
    0.5400677489000001,
    0.547495671,
    0.5538650216500001,
    0.5602343723,
    0.566603722975,
    0.572973073575,
    0.579342424225,
    0.585711774875,
    0.59208112555,
    0.5984504761749999,
    0.604695079375,
    0.61071914685,
    0.616743214275,
    0.62276728175,
    0.6287913492,
    0.6348154166500001,
    0.640839484125,
    0.646451884925,
    0.652064285725,
    0.6576766865,
    0.6632890873,
    0.6689014881,
    0.6745138889,
    0.680126289675,
    0.685738690475,
    0.691351091275,
    0.69696349205,
    0.7025758928500001,
    0.70818829365,
    0.7138006944499999,
    0.71941309525,
    0.7250254960499999,
    0.730637896825,
    0.7362502975999999,
    0.7418626984000001,
    0.7474750992,
    0.7530875,
    0.75811180555,
    0.7631361111249999,
    0.768160416675,
    0.773184722225,
    0.778209027775,
    0.783233333325,
    0.78774305555,
    0.792252777775,
    0.7967625,
    0.80085,
    0.8049375000000001,
    0.8090250000000001,
    0.8131125,
    0.8172,
    0.8212875,
    0.825375,
    0.8294625,
    0.83355,
    0.8376375,
    0.8417250000000001,
    0.845400833325,
    0.8490766666749999,
    0.8527525,
    0.856428333325,
    0.860104166675,
    0.86378,
    0.867455833325,
    0.871131666675,
    0.8748075,
    0.8784833333250001,
    0.882776666675,
    0.88707,
    0.891363333325,
    0.895656666675,
    0.89995,
    0.9057633333249999,
    0.9115766666749999,
    0.91739,
    0.923203333325,
    0.9290166666749999
  ],
  "submitted": true
}