{
  "percentiles": {
    "10": 3.5477,
    "25": 3.6199,
    "50": 3.6583,
    "75": 3.7058,
    "90": 3.9323
  },
  "cdf": [
    0.0504,
    0.051481743940000005,
    0.05256348784,
    0.053645231780000004,
    0.05472697572,
    0.055808719640000004,
    0.05689046356000001,
    0.05797220748,
    0.059053951419999993,
    0.06013569534,
    0.061217439260000006,
    0.0622991832,
    0.06338092712000001,
    0.06446267106,
    0.06554441498000001,
    0.0666261589,
    0.06770790284000001,
    0.06878964677999999,
    0.06987139070000001,
    0.07095313462,
    0.07203487855999999,
    0.07311662248,
    0.07419836638,
    0.07528011032,
    0.07636185424,
    0.07744359816,
    0.07852534207999999,
    0.07960708602,
    0.08068882996,
    0.08177057388,
    0.08285231779999999,
    0.08393406174,
    0.08501580566,
    0.0860975496,
    0.0871792935,
    0.08826103742,
    0.08934278136,
    0.0904245253,
    0.09150626922,
    0.09258801314000001,
    0.09366975708,
    0.09475150102,
    0.09583324491999999,
    0.09691498886,
    0.09799673280000001,
    0.09907847672,
    0.10177634996,
    0.10864504524,
    0.12096515555999998,
    0.13895933062000002,
    0.15963410336,
    0.18562424036,
    0.22272610928,
    0.27177594952,
    0.3335014345599999,
    0.4022290732,
    0.4736754112,
    0.5418783428,
    0.6001872448,
    0.6529679904,
    0.7038746411400001,
    0.74584824048,
    0.7761491248000001,
    0.79997518956,
    0.8210547131,
    0.83996277664,
    0.85617173708,
    0.8672177432,
    0.8718829897799999,
    0.87654823634,
    0.8812134829,
    0.88492418148,
    0.8874686365400001,
    0.89001309156,
    0.89255754658,
    0.89510200162,
    0.8966857751600001,
    0.8971125028,
    0.89753923044,
    0.89796595804,
    0.89839268566,
    0.89881941328,
    0.8992461408800001,
    0.89967286854,
    0.9000995961600001,
    0.9005263237600001,
    0.9009530513999999,
    0.90137977898,
    0.9018065065999998,
    0.9022332342599999,
    0.9026599618599999,
    0.9030866894999999,
    0.9035134170799999,
    0.90394014472,
    0.90436687232,
    0.90479359998,
    0.90522032758,
    0.90564705518,
    0.9060737828000001,
    0.9065005104200001,
    0.90692723808,
    0.9073539656799999,
    0.90778069332,
    0.9082074209,
    0.90863414852,
    0.9090608761200001,
    0.90948760378,
    0.9099143314199999,
    0.910341059,
    0.9107677866399999,
    0.91119451422,
    0.91162124186,
    0.9120479695,
    0.9124746971000001,
    0.91290142474,
    0.9133281523400001,
    0.9137548799600002,
    0.91418160756,
    0.91460833522,
    0.91503506282,
    0.91546179046,
    0.9158885180399998,
    0.9163152456600001,
    0.9167419733200001,
    0.9171687009199999,
    0.91759542856,
    0.9180221561399999,
    0.91844888378,
    0.9188756113800001,
    0.9193023390399999,
    0.9197290666599999,
    0.9201557942399999,
    0.9205825218800001,
    0.92100924948,
    0.9214359771,
    0.92186270474,
    0.92228943238,
    0.9227161599599999,
    0.9231428875999999,
    0.9235696151999999,
    0.92399634284,
    0.9244230704800002,
    0.92484979806,
    0.9252765257,
    0.92570325328,
    0.9261299809200001,
    0.92655670858,
    0.9269834361800001,
    0.9274101638,
    0.9278368913999999,
    0.92826361902,
    0.92869034662,
    0.92911707428,
    0.9295438018999999,
    0.92997052952,
    0.9303972571200001,
    0.9308239847399999,
    0.93125071234,
    0.93167743998,
    0.93210416762,
    0.9325308952,
    0.9329576228400001,
    0.9333843504600001,
    0.9338110781000001,
    0.9342378057199999,
    0.9346645333200001,
    0.93509126094,
    0.9355179885399998,
    0.9359447161600001,
    0.93637144382,
    0.9367981714200001,
    0.93722489904,
    0.9376516266599999,
    0.93807835426,
    0.93850508186,
    0.93893180954,
    0.9393585371200001,
    0.93978526476,
    0.9402119923599999,
    0.9406387199800001,
    0.94106544764,
    0.94149217524,
    0.94191890286,
    0.94234563046,
    0.94277235808,
    0.9431990856999999,
    0.94362581334,
    0.9440525409599999,
    0.94447926858,
    0.9449059961799999,
    0.9453327238,
    0.9457594514000001,
    0.94618617904,
    0.9466129066800001,
    0.94703963428,
    0.9474663619000001,
    0.9478930895200002,
    0.94831981712,
    0.94874654478,
    0.94917327238,
    0.9496
  ],
  "submitted": true
}