{
  "percentiles": {
    "1": 0.01019898512148804,
    "5": 0.010994925607440208,
    "10": 0.01198985121488042,
    "25": 0.09263340555866689,
    "50": 0.9732295395332397,
    "75": 0.9903653719627981,
    "90": 0.9933501487851185,
    "95": 0.9943450743925588,
    "99": 0.9951410148785109
  },
  "cdf": [
    0.01,
    0.010099492560744022,
    0.01019898512148804,
    0.010298477682232063,
    0.010397970242976085,
    0.010497462803720107,
    0.010596955364464125,
    0.010696447925208147,
    0.010795940485952168,
    0.010895433046696188,
    0.010994925607440208,
    0.01109441816818423,
    0.011193910728928252,
    0.011293403289672274,
    0.011392895850416293,
    0.011492388411160315,
    0.011591880971904337,
    0.011691373532648356,
    0.011790866093392378,
    0.011890358654136398,
    0.01198985121488042,
    0.012089343775624442,
    0.01218883633636846,
    0.012288328897112483,
    0.012387821457856505,
    0.012487314018600523,
    0.012586806579344545,
    0.012686299140088567,
    0.012785791700832588,
    0.01288528426157661,
    0.012984776822320628,
    0.01308426938306465,
    0.013183761943808672,
    0.01328325450455269,
    0.013382747065296713,
    0.013482239626040735,
    0.013581732186784757,
    0.013681224747528777,
    0.014117002482878952,
    0.014871095220325533,
    0.01577375341569983,
    0.016789003305473123,
    0.02030301787015816,
    0.0266288571428834,
    0.033836672946154944,
    0.04165671728963371,
    0.04989108510033387,
    0.05870540619180088,
    0.06836360710183796,
    0.0795138407854632,
    0.09263340555866689,
    0.10848156435538495,
    0.12716538462341517,
    0.14862775708385656,
    0.1729074988375036,
    0.20094769475031965,
    0.2313385486067384,
    0.26311681864525316,
    0.2949924383559176,
    0.3271417201509759,
    0.3600512556575207,
    0.39320835576505975,
    0.4264471455259783,
    0.4602759037098374,
    0.49397140187305766,
    0.5267985479439641,
    0.5583050084434822,
    0.5884654885469385,
    0.617923486725204,
    0.6461205786559566,
    0.6724287479187143,
    0.6964526302717239,
    0.718496180919001,
    0.7385664027961165,
    0.7573625215873456,
    0.7753805676706362,
    0.7926822253995426,
    0.8093209002970232,
    0.8253283725602574,
    0.8398412077762906,
    0.8541789967546409,
    0.8678019920434925,
    0.880554312839009,
    0.8924235570871051,
    0.9035312106128078,
    0.9136278040782979,
    0.9224820194107413,
    0.9294854607851075,
    0.9350027417726784,
    0.9394779334331351,
    0.9436174408209649,
    0.9474866548925298,
    0.9511469696107027,
    0.9546459185957122,
    0.9579604158297921,
    0.9610903451050514,
    0.9640434354834537,
    0.9668232761536946,
    0.9694364658233298,
    0.9718945345358379,
    0.9732295395332397,
    0.9744942766219367,
    0.9756992352371752,
    0.9768543385179793,
    0.977968974251881,
    0.9790495035884191,
    0.980095493133455,
    0.9811058199788392,
    0.9820794438543977,
    0.9830154023315278,
    0.9839128063186123,
    0.984770835828806,
    0.9855887360021626,
    0.9863658133653945,
    0.9867836397760132,
    0.9868831323367573,
    0.9869826248975013,
    0.9870821174582453,
    0.9871816100189894,
    0.9872811025797332,
    0.9873805951404773,
    0.9874800877012213,
    0.9875795802619655,
    0.9876790728227094,
    0.9877785653834534,
    0.9878780579441975,
    0.9879775505049416,
    0.9880770430656856,
    0.9881765356264294,
    0.9882760281871736,
    0.9883755207479176,
    0.9884750133086616,
    0.9885745058694055,
    0.9886739984301496,
    0.9887734909908937,
    0.9888729835516376,
    0.9889724761123816,
    0.9890719686731255,
    0.9891714612338698,
    0.9892709537946137,
    0.9893704463553578,
    0.9894699389161017,
    0.989569431476846,
    0.9896689240375899,
    0.9897684165983337,
    0.9898679091590779,
    0.9899674017198219,
    0.9900668942805659,
    0.9901663868413099,
    0.9902658794020539,
    0.9903653719627981,
    0.9904648645235419,
    0.9905643570842859,
    0.9906638496450298,
    0.990763342205774,
    0.990862834766518,
    0.9909623273272621,
    0.991061819888006,
    0.9911613124487502,
    0.9912608050094942,
    0.991360297570238,
    0.9914597901309822,
    0.9915592826917262,
    0.9916587752524701,
    0.9917582678132142,
    0.9918577603739582,
    0.9919572529347024,
    0.9920567454954462,
    0.9921562380561901,
    0.9922557306169342,
    0.9923552231776783,
    0.9924547157384224,
    0.9925542082991663,
    0.9926537008599103,
    0.9927531934206545,
    0.9928526859813985,
    0.9929521785421423,
    0.9930516711028865,
    0.9931511636636305,
    0.9932506562243745,
    0.9933501487851185,
    0.9934496413458624,
    0.9935491339066067,
    0.9936486264673505,
    0.9937481190280945,
    0.9938476115888385,
    0.9939471041495826,
    0.9940465967103267,
    0.9941460892710706,
    0.9942455818318147,
    0.9943450743925588,
    0.9944445669533029,
    0.9945440595140467,
    0.9946435520747908,
    0.9947430446355348,
    0.9948425371962788,
    0.9949420297570228,
    0.9950415223177668,
    0.9951410148785109,
    0.9952405074392547,
    0.9953399999999988
  ],
  "dry_run": true
}