{
  "num_valid_cdfs": 4,
  "method": "weighted_average",
  "final_cdf_length": 201,
  "final_cdf_sample": [
    0.0,
    9.949578952629963e-05,
    0.00019899157905259925,
    0.0002984873685788989,
    0.00039798315810519856,
    0.9912520168418941,
    0.9913515126314205,
    0.9914510084209468,
    0.9915505042104731,
    0.9916499999999994
  ]
}