{
  "distribution": {
    "0": 0.6435643564356436,
    "1": 0.297029702970297,
    "2": 0.04950495049504951,
    "3+": 0.009900990099009901
  },
  "weight": 0.8
}