{
  "num_valid_cdfs": 5,
  "method": "weighted_average",
  "final_cdf_length": 201,
  "final_cdf_sample": [
    0.0,
    0.028873838817674292,
    0.03809995485824321,
    0.04648722902924347,
    0.05414981191469987,
    0.9841046978926636,
    0.9849131799642914,
    0.9862128847757915,
    0.988692042344062,
    0.9909642857142845
  ]
}