{
  "num_valid_cdfs": 5,
  "method": "weighted_average",
  "final_cdf_length": 32,
  "final_cdf_sample": [
    0.06522,
    0.08085919438,
    0.09814505546,
    0.11707758318000001,
    0.13624534902000002,
    0.7431857726600001,
    0.7653198771199999,
    0.78597198156,
    0.80662408606,
    0.8346861904799999
  ]
}