{
  "num_valid_cdfs": 5,
  "method": "weighted_average",
  "final_cdf_length": 201,
  "final_cdf_sample": [
    0.05045000000000001,
    0.05096914686,
    0.0514882937,
    0.052007440599999996,
    0.05252658744000001,
    0.9908700819,
    0.9931525614,
    0.99543504092,
    0.99771752048,
    1.0
  ]
}