{
  "num_valid_cdfs": 5,
  "method": "weighted_average",
  "final_cdf_length": 201,
  "final_cdf_sample": [
    0.0504,
    0.05241460242,
    0.0544292048,
    0.056443807199999994,
    0.058458409620000006,
    0.9405711487399999,
    0.9428283615599999,
    0.94508557436,
    0.9473427872,
    0.9496
  ]
}