{
  "percentiles": {
    "10": 3.65,
    "20": 3.75,
    "40": 3.75000001,
    "60": 3.75000002,
    "80": 3.75000003,
    "90": 3.7500000399999998
  },
  "cdf_length": 201,
  "error": null
}