{
  "individual_probabilities": [
    [
      0.12,
      0.58,
      0.3
    ],
    [
      0.4,
      0.3,
      0.3
    ],
    [
      0.3,
      0.2,
      0.5
    ],
    [
      0.2,
      0.45,
      0.35
    ],
    [
      0.15,
      0.52,
      0.33
    ]
  ],
  "weights": [
    1.0,
    1.0,
    1.0,
    1.0,
    1.0
  ],
  "method": "weighted_average",
  "final_probabilities": [
    0.23399999999999999,
    0.41,
    0.35600000000000004
  ]
}