{
  "num_valid_cdfs": 5,
  "method": "weighted_average",
  "final_cdf_length": 201,
  "final_cdf_sample": [
    0.0504,
    0.05097319253999999,
    0.05154638499999999,
    0.052119577539999996,
    0.052692770060000005,
    0.94671252252,
    0.9474343918800001,
    0.94815626124,
    0.94887813064,
    0.9496
  ]
}