{
  "distribution": {
    "Increases": 0.086,
    "Doesn't change": 0.39399999999999996,
    "Decreases": 0.5200000000000001
  },
  "submitted": true
}