{
  "percentiles": {
    "10": 7.0889,
    "25": 8.9147,
    "50": 10.44,
    "75": 12.3039,
    "90": 16.331
  },
  "cdf": [
    0.0,
    0.012345717925,
    0.024691435775,
    0.0370371537,
    0.049382871625,
    0.0617285895,
    0.074074307425,
    0.086420025275,
    0.10947990987499999,
    0.1883407258,
    0.3370133065,
    0.5104108870999999,
    0.6652647177,
    0.7706685484,
    0.8331568433000001,
    0.87164797375,
    0.8923687657,
    0.9015521411,
    0.904980559625,
    0.908408978075,
    0.911837396575,
    0.915265815075,
    0.91869423355,
    0.9221226520750001,
    0.9255510705500001,
    0.928979489025,
    0.932407907525,
    0.935836326025,
    0.939264744525,
    0.9426931630000001,
    0.946121581525,
    0.94955
  ],
  "submitted": true
}