{
  "distribution": {
    "0": 0.1085714285714286,
    "1": 0.20000000000000004,
    "2": 0.48571428571428577,
    "3": 0.15571428571428572,
    "4": 0.05000000000000001
  },
  "dry_run": true
}