{
  "num_valid_cdfs": 5,
  "method": "weighted_average",
  "final_cdf_length": 201,
  "final_cdf_sample": [
    0.0504,
    0.050888898360000004,
    0.0513777968,
    0.05186669516,
    0.05235559354,
    0.9455720018800001,
    0.94657900142,
    0.94758600092,
    0.9485930004600001,
    0.9496
  ]
}