{
  "percentiles": {
    "10": 16.598,
    "25": 25.4556,
    "50": 33.7987,
    "75": 41.8079
  },
  "cdf": [
    0.06522,
    0.08085919438,
    0.09814505546,
    0.11707758318000001,
    0.13624534902000002,
    0.15400168626,
    0.17011135687999998,
    0.18622102744000002,
    0.20233069808,
    0.21679370198,
    0.23125670591999997,
    0.25087142411999996,
    0.27399118996,
    0.29711095581999997,
    0.32233479567999995,
    0.35025080492,
    0.3817189093600001,
    0.4161510138600001,
    0.45206511826,
    0.48946122276000004,
    0.5247401843199999,
    0.55790200306,
    0.59017239326,
    0.6215513548,
    0.65293031644,
    0.68430927802,
    0.7156882396600001,
    0.7431857726600001,
    0.7653198771199999,
    0.78597198156,
    0.80662408606,
    0.8346861904799999
  ],
  "submitted": true
}