{
  "num_valid_cdfs": 5,
  "method": "weighted_average",
  "final_cdf_length": 32,
  "final_cdf_sample": [
    0.08662666666,
    0.10443005152,
    0.12223343641999998,
    0.14003682128,
    0.15784020616,
    0.72261179382,
    0.75030694062,
    0.77250927786,
    0.79127713896,
    0.810045
  ]
}