{
  "individual_predictions": [
    {
      "agent": "analyst",
      "prediction": 0.28800000000000003,
      "weight": 1.0
    },
    {
      "agent": "historian",
      "prediction": 0.46799999999999997,
      "weight": 1.0
    },
    {
      "agent": "contrarian",
      "prediction": 0.32799999999999996,
      "weight": 0.8
    }
  ],
  "method": "weighted_average",
  "mean": 0.36133333333333334,
  "median": 0.32799999999999996,
  "std_dev": 0.09451631252505215,
  "min": 0.28800000000000003,
  "max": 0.46799999999999997,
  "final": 0.3637142857142857
}