{
  "percentiles": {
    "10": 5.3813,
    "25": 5.5573,
    "50": 5.6396,
    "75": 5.723,
    "90": 6.016
  },
  "cdf": [
    0.0504,
    0.051446091019999994,
    0.05249218202,
    0.05353827304000001,
    0.05458436406,
    0.05563045505999999,
    0.05667654608,
    0.05772263710000001,
    0.05876872811999999,
    0.05981481912000001,
    0.06086091012,
    0.061907001139999994,
    0.06295309214,
    0.06399918316,
    0.06504527418000002,
    0.06609136518,
    0.0671374562,
    0.06818354722,
    0.06922963824,
    0.07027572924,
    0.07132182026,
    0.07236791128,
    0.07341400228,
    0.0744600933,
    0.0755061843,
    0.0765522753,
    0.07759836632000001,
    0.07864445734,
    0.07969054836,
    0.08073663936,
    0.08178273036000001,
    0.08282882138,
    0.08387491238,
    0.0849210034,
    0.08596709442,
    0.08701318542,
    0.08805927644,
    0.08910536746,
    0.09015145848,
    0.09119754948,
    0.09224364049999999,
    0.09328973152,
    0.09597824306,
    0.09885500542,
    0.10173176778,
    0.10460853014,
    0.10748529250000001,
    0.11036205486000002,
    0.11323881722,
    0.11900579651999998,
    0.12706331874000001,
    0.13630079629999997,
    0.1476719891,
    0.16952474516,
    0.19269646459999998,
    0.21586818402,
    0.24021690390000003,
    0.2709481005,
    0.3088771986,
    0.34901340736,
    0.3891496161,
    0.43020055028000004,
    0.48161901819999997,
    0.5330374861,
    0.5805103562999999,
    0.62668414942,
    0.6717744271000001,
    0.7065957067,
    0.7359164629999999,
    0.76523721936,
    0.79283713656,
    0.8134938115600001,
    0.8285662089200001,
    0.8427832482,
    0.8552254529199999,
    0.86062534278,
    0.8651493130599999,
    0.86967328326,
    0.8741972535,
    0.8787212237400001,
    0.88324519396,
    0.8877691641799998,
    0.8910375906199999,
    0.8931973169599999,
    0.89535704332,
    0.8975167696999999,
    0.8982044453599999,
    0.8986552835400001,
    0.89910612174,
    0.89955695994,
    0.9000077981199999,
    0.90045863632,
    0.90090947454,
    0.90136031272,
    0.9018111509200001,
    0.90226198914,
    0.9027128273199999,
    0.9031636655199999,
    0.9036145036999998,
    0.90406534192,
    0.9045161801200001,
    0.90496701832,
    0.9054178565200001,
    0.90586869472,
    0.9063195329199999,
    0.90677037114,
    0.90722120934,
    0.90767204752,
    0.9081228857000001,
    0.90857372392,
    0.9090245621000002,
    0.9094754002800001,
    0.90992623852,
    0.91037707672,
    0.9108279148999999,
    0.9112787531200001,
    0.9117295913,
    0.91218042948,
    0.9126312676799999,
    0.9130821059,
    0.91353294408,
    0.9139837822800001,
    0.9144346205,
    0.9148854586999999,
    0.9153362969,
    0.9157871351200001,
    0.9162379733,
    0.9166888114999999,
    0.91713964968,
    0.9175904878799999,
    0.91804132608,
    0.9184921642800001,
    0.9189430025,
    0.9193938407000001,
    0.91984467888,
    0.9202955170799999,
    0.92074635528,
    0.9211971934600001,
    0.92164803166,
    0.9220988698799999,
    0.92254970806,
    0.9230005462599999,
    0.9234513844800001,
    0.92390222266,
    0.92435306084,
    0.9248038990999999,
    0.9252547372800001,
    0.92570557546,
    0.92615641366,
    0.9266072518599999,
    0.9270580900600001,
    0.92750892828,
    0.9279597664800001,
    0.92841060466,
    0.92886144286,
    0.92931228106,
    0.9297631192399999,
    0.93021395744,
    0.93066479564,
    0.93111563386,
    0.9315664720599999,
    0.9320173102399998,
    0.9324681484399999,
    0.9329189866400001,
    0.9333698248400001,
    0.93382066304,
    0.9342715012400001,
    0.93472233944,
    0.93517317764,
    0.9356240158600002,
    0.9360748540400001,
    0.93652569224,
    0.93697653046,
    0.9374273686400001,
    0.9378782068200001,
    0.93832904504,
    0.9387798832199999,
    0.9392307214199999,
    0.93968155964,
    0.94013239784,
    0.9405832360199999,
    0.9410340742200001,
    0.94148491242,
    0.9419357505999999,
    0.94238658882,
    0.94283742702,
    0.9432882652,
    0.9437391034200001,
    0.9441899416,
    0.9446407798199999,
    0.94509161802,
    0.9455424562199999,
    0.94599329442,
    0.9464441326199999,
    0.9468949708000001,
    0.9473458090000001,
    0.94779664722,
    0.9482474854199999,
    0.9486983236000001,
    0.94914916182,
    0.9496
  ],
  "submitted": true
}