{
  "percentiles": {
    "10": 37.7026,
    "25": 50.4643,
    "50": 58.9391,
    "75": 69.4635,
    "90": 89.0801
  },
  "cdf": [
    0.0,
    0.0018867142599999997,
    0.0037734286,
    0.00566014286,
    0.00754685714,
    0.0094335714,
    0.011320285740000002,
    0.013207,
    0.015093714259999998,
    0.0169804286,
    0.018867142859999998,
    0.020753857139999998,
    0.022640571399999997,
    0.024527285739999998,
    0.026414,
    0.028300714260000005,
    0.0301874286,
    0.03207414286,
    0.03396085714,
    0.0358475714,
    0.03773428574,
    0.039620999999999996,
    0.04150771426,
    0.0433944286,
    0.04528114286,
    0.047167857140000005,
    0.049054571400000004,
    0.050941285739999995,
    0.052828,
    0.05471471426,
    0.05660142859999999,
    0.05848814286,
    0.06037485714,
    0.06226157140000001,
    0.06414828574,
    0.066035,
    0.06792171426,
    0.0698084286,
    0.07169514285999999,
    0.07358185714000001,
    0.07546857139999999,
    0.07735528574000002,
    0.07924199999999999,
    0.08112871426,
    0.08301542860000001,
    0.08490214286,
    0.08678885714,
    0.08915241068000002,
    0.09246964288000001,
    0.09578687500000001,
    0.09910410712,
    0.10242133932,
    0.10573857144000001,
    0.10905580356,
    0.11237303568000001,
    0.11569026787999999,
    0.1190075,
    0.12894750000000002,
    0.13929958333999998,
    0.14985770834,
    0.16041583334000004,
    0.17097395833999998,
    0.18153208333999998,
    0.19209020834,
    0.20264833334,
    0.21567895834,
    0.22870958334,
    0.24418327382,
    0.26454309525999997,
    0.28490291668,
    0.30526273810000004,
    0.32562255954,
    0.34598238095999995,
    0.3688147024,
    0.39197669048,
    0.41563317858,
    0.43994900000000003,
    0.46497124999999995,
    0.4875209999999999,
    0.5088345000000001,
    0.5301480000000001,
    0.5514615,
    0.57164471428,
    0.59126278572,
    0.61088085714,
    0.6292626785800001,
    0.6476445,
    0.66579809066,
    0.6834952197799999,
    0.69812045496,
    0.71274569014,
    0.7271943181799999,
    0.74128973194,
    0.75538514568,
    0.76948055944,
    0.7828891676399999,
    0.7949241647199999,
    0.8033455079799999,
    0.8117668512000001,
    0.82018819444,
    0.8286095377,
    0.83548144758,
    0.8423533575000001,
    0.8487757219600001,
    0.8542989955,
    0.85877621134,
    0.8632534271999999,
    0.86721652002,
    0.8701513668399998,
    0.8730862136399999,
    0.87602106044,
    0.87895590724,
    0.88189075404,
    0.88482560086,
    0.8877604476400001,
    0.8906952944600001,
    0.8936301412599998,
    0.89656498806,
    0.89868050202,
    0.9003863495600001,
    0.9020921971,
    0.90268541962,
    0.9032786421800001,
    0.9038718646999999,
    0.90446508722,
    0.90505830978,
    0.9056515323200001,
    0.90624475484,
    0.90683797738,
    0.9074311999199999,
    0.9080244224599999,
    0.90861764498,
    0.90921086754,
    0.9098040900800001,
    0.9103973126,
    0.9109905351199998,
    0.9115837576800001,
    0.9121769801999999,
    0.91277020274,
    0.9133634253,
    0.9139566478200001,
    0.9145498703599999,
    0.91514309288,
    0.91573631544,
    0.91632953796,
    0.9169227605,
    0.91751598306,
    0.9181092055800001,
    0.9187024280999999,
    0.91929565064,
    0.91988887318,
    0.9204820957200001,
    0.92107531826,
    0.9216685408,
    0.9222617633199999,
    0.9228549858600001,
    0.9234482084,
    0.92404143094,
    0.9246346534800001,
    0.9252278760199999,
    0.9258210985399999,
    0.92641432108,
    0.9270075436199999,
    0.92760076614,
    0.9281939887,
    0.9287872112400001,
    0.9293804337399999,
    0.9299736563,
    0.93056687884,
    0.93116010138,
    0.9317533239,
    0.93234654646,
    0.9329397690000001,
    0.9335329915000001,
    0.93412621406,
    0.9347194366,
    0.9353126591200001,
    0.9359058816600001,
    0.9364991042199999,
    0.93709232672,
    0.93768554926,
    0.93827877182,
    0.93887199436,
    0.9394652168800001,
    0.9400584394199999,
    0.9406516619600002,
    0.94124488448,
    0.9418381070199999,
    0.9424313295800001,
    0.9430245521,
    0.9436177746400001,
    0.9442109971600001,
    0.9448042197000002,
    0.94539744224,
    0.94599066478,
    0.9465838873399999,
    0.9471771098600001,
    0.94777033238,
    0.94836355492,
    0.94895677746,
    0.94955
  ],
  "submitted": true
}