{
  "num_valid_cdfs": 5,
  "method": "weighted_average",
  "final_cdf_length": 201,
  "final_cdf_sample": [
    0.0,
    9.94963484757256e-05,
    0.0001989926969514512,
    0.0002984890454271768,
    0.0003979853939029025,
    0.9923520146060965,
    0.992451510954572,
    0.9925510073030477,
    0.9926505036515234,
    0.9927499999999994
  ]
}