{
  "individual_probabilities": [
    [
      0.05,
      0.12,
      0.83
    ],
    [
      0.07,
      0.9,
      0.03
    ],
    [
      0.08,
      0.17,
      0.75
    ],
    [
      0.15,
      0.4,
      0.45
    ],
    [
      0.16,
      0.74,
      0.1
    ]
  ],
  "weights": [
    1.0,
    1.0,
    1.0,
    1.0,
    1.0
  ],
  "method": "weighted_average",
  "final_probabilities": [
    0.10200000000000001,
    0.466,
    0.43200000000000005
  ]
}